path,suffix,size_bytes,line_count
README.md,.md,983,21
contrib/amcheck/amcheck--1.0--1.1.sql,.sql,931,29
contrib/amcheck/amcheck--1.0.sql,.sql,704,24
contrib/amcheck/amcheck--1.1--1.2.sql,.sql,705,19
contrib/amcheck/amcheck--1.2--1.3.sql,.sql,852,30
contrib/amcheck/amcheck--1.3--1.4.sql,.sql,1082,29
contrib/amcheck/sql/check.sql,.sql,26,1
contrib/amcheck/sql/check_btree.sql,.sql,7010,177
contrib/amcheck/sql/check_heap.sql,.sql,6489,147
contrib/amcheck/verify_heapam.c,.c,67689,2084
contrib/amcheck/verify_nbtree.c,.c,137440,3692
contrib/auth_delay/auth_delay.c,.c,1527,74
contrib/auto_explain/auto_explain.c,.c,11805,444
contrib/auto_explain/sql/alter_reset.sql,.sql,746,22
contrib/basebackup_to_shell/basebackup_to_shell.c,.c,10242,373
contrib/basic_archive/basic_archive.c,.c,7847,296
contrib/basic_archive/sql/basic_archive.sql,.sql,435,22
contrib/bloom/blcost.c,.c,1141,42
contrib/bloom/blinsert.c,.c,9015,341
contrib/bloom/bloom--1.0.sql,.sql,666,25
contrib/bloom/bloom.h,.h,7159,212
contrib/bloom/blscan.c,.c,3593,172
contrib/bloom/blutils.c,.c,13366,493
contrib/bloom/blvacuum.c,.c,5773,217
contrib/bloom/blvalidate.c,.c,6752,225
contrib/bloom/sql/bloom.sql,.sql,2880,95
contrib/bool_plperl/bool_plperl--1.0.sql,.sql,647,19
contrib/bool_plperl/bool_plperl.c,.c,418,30
contrib/bool_plperl/bool_plperlu--1.0.sql,.sql,691,19
contrib/bool_plperl/sql/bool_plperl.sql,.sql,1586,70
contrib/bool_plperl/sql/bool_plperlu.sql,.sql,1593,70
contrib/btree_gin/btree_gin--1.0--1.1.sql,.sql,1372,35
contrib/btree_gin/btree_gin--1.0.sql,.sql,24818,689
contrib/btree_gin/btree_gin--1.1--1.2.sql,.sql,1445,47
contrib/btree_gin/btree_gin--1.2--1.3.sql,.sql,4571,128
contrib/btree_gin/btree_gin.c,.c,11602,512
contrib/btree_gin/sql/bit.sql,.sql,477,15
contrib/btree_gin/sql/bool.sql,.sql,1134,29
contrib/btree_gin/sql/bpchar.sql,.sql,901,22
contrib/btree_gin/sql/bytea.sql,.sql,586,17
contrib/btree_gin/sql/char.sql,.sql,464,15
contrib/btree_gin/sql/cidr.sql,.sql,542,22
contrib/btree_gin/sql/date.sql,.sql,575,22
contrib/btree_gin/sql/enum.sql,.sql,875,26
contrib/btree_gin/sql/float4.sql,.sql,462,15
contrib/btree_gin/sql/float8.sql,.sql,462,15
contrib/btree_gin/sql/inet.sql,.sql,575,22
contrib/btree_gin/sql/install_btree_gin.sql,.sql,219,6
contrib/btree_gin/sql/int2.sql,.sql,432,15
contrib/btree_gin/sql/int4.sql,.sql,432,15
contrib/btree_gin/sql/int8.sql,.sql,432,15
contrib/btree_gin/sql/interval.sql,.sql,662,24
contrib/btree_gin/sql/macaddr.sql,.sql,697,22
contrib/btree_gin/sql/macaddr8.sql,.sql,778,22
contrib/btree_gin/sql/money.sql,.sql,469,15
contrib/btree_gin/sql/name.sql,.sql,794,21
contrib/btree_gin/sql/numeric.sql,.sql,487,15
contrib/btree_gin/sql/oid.sql,.sql,415,15
contrib/btree_gin/sql/text.sql,.sql,441,15
contrib/btree_gin/sql/time.sql,.sql,553,22
contrib/btree_gin/sql/timestamp.sql,.sql,749,22
contrib/btree_gin/sql/timestamptz.sql,.sql,779,22
contrib/btree_gin/sql/timetz.sql,.sql,649,22
contrib/btree_gin/sql/uuid.sql,.sql,1409,28
contrib/btree_gin/sql/varbit.sql,.sql,504,15
contrib/btree_gin/sql/varchar.sql,.sql,516,15
contrib/btree_gist/btree_bit.c,.c,4742,210
contrib/btree_gist/btree_bool.c,.c,3990,169
contrib/btree_gist/btree_bytea.c,.c,3951,170
contrib/btree_gist/btree_cash.c,.c,5006,217
contrib/btree_gist/btree_date.c,.c,6441,259
contrib/btree_gist/btree_enum.c,.c,4855,185
contrib/btree_gist/btree_float4.c,.c,5037,212
contrib/btree_gist/btree_float8.c,.c,5201,219
contrib/btree_gist/btree_gist--1.0--1.1.sql,.sql,3739,127
contrib/btree_gist/btree_gist--1.1--1.2.sql,.sql,5048,79
contrib/btree_gist/btree_gist--1.2--1.3.sql,.sql,1955,65
contrib/btree_gist/btree_gist--1.2.sql,.sql,41115,1570
contrib/btree_gist/btree_gist--1.3--1.4.sql,.sql,1932,64
contrib/btree_gist/btree_gist--1.4--1.5.sql,.sql,1872,69
contrib/btree_gist/btree_gist--1.5--1.6.sql,.sql,13417,191
contrib/btree_gist/btree_gist--1.6--1.7.sql,.sql,2170,77
contrib/btree_gist/btree_gist.c,.c,1093,53
contrib/btree_gist/btree_gist.h,.h,540,41
contrib/btree_gist/btree_inet.c,.c,4408,187
contrib/btree_gist/btree_int2.c,.c,5017,216
contrib/btree_gist/btree_int4.c,.c,5017,217
contrib/btree_gist/btree_int8.c,.c,5021,217
contrib/btree_gist/btree_interval.c,.c,7449,297
contrib/btree_gist/btree_macaddr.c,.c,4831,196
contrib/btree_gist/btree_macaddr8.c,.c,4879,196
contrib/btree_gist/btree_numeric.c,.c,5499,229
contrib/btree_gist/btree_oid.c,.c,4833,217
contrib/btree_gist/btree_text.c,.c,6843,289
contrib/btree_gist/btree_time.c,.c,8450,334
contrib/btree_gist/btree_ts.c,.c,9834,400
contrib/btree_gist/btree_utils_num.c,.c,8888,384
contrib/btree_gist/btree_utils_num.h,.h,3476,118
contrib/btree_gist/btree_utils_var.c,.c,14895,623
contrib/btree_gist/btree_utils_var.h,.h,2261,72
contrib/btree_gist/btree_uuid.c,.c,5721,235
contrib/btree_gist/sql/bit.sql,.sql,1095,36
contrib/btree_gist/sql/bool.sql,.sql,888,42
contrib/btree_gist/sql/bytea.sql,.sql,33359,40
contrib/btree_gist/sql/cash.sql,.sql,1014,37
contrib/btree_gist/sql/char.sql,.sql,970,37
contrib/btree_gist/sql/cidr.sql,.sql,786,30
contrib/btree_gist/sql/date.sql,.sql,1022,37
contrib/btree_gist/sql/enum.sql,.sql,927,38
contrib/btree_gist/sql/float4.sql,.sql,988,37
contrib/btree_gist/sql/float8.sql,.sql,1004,37
contrib/btree_gist/sql/inet.sql,.sql,1375,49
contrib/btree_gist/sql/init.sql,.sql,220,6
contrib/btree_gist/sql/int2.sql,.sql,890,37
contrib/btree_gist/sql/int4.sql,.sql,890,37
contrib/btree_gist/sql/int8.sql,.sql,1082,37
contrib/btree_gist/sql/interval.sql,.sql,1480,43
contrib/btree_gist/sql/macaddr.sql,.sql,1102,37
contrib/btree_gist/sql/macaddr8.sql,.sql,1126,37
contrib/btree_gist/sql/not_equal.sql,.sql,951,36
contrib/btree_gist/sql/numeric.sql,.sql,2017,83
contrib/btree_gist/sql/oid.sql,.sql,686,30
contrib/btree_gist/sql/partitions.sql,.sql,1467,39
contrib/btree_gist/sql/text.sql,.sql,33351,40
contrib/btree_gist/sql/time.sql,.sql,990,37
contrib/btree_gist/sql/timestamp.sql,.sql,1291,37
contrib/btree_gist/sql/timestamptz.sql,.sql,3110,80
contrib/btree_gist/sql/timetz.sql,.sql,3597,82
contrib/btree_gist/sql/uuid.sql,.sql,1023,31
contrib/btree_gist/sql/varbit.sql,.sql,982,36
contrib/btree_gist/sql/varchar.sql,.sql,840,31
contrib/citext/citext--1.0--1.1.sql,.sql,1028,21
contrib/citext/citext--1.1--1.2.sql,.sql,3424,68
contrib/citext/citext--1.2--1.3.sql,.sql,850,21
contrib/citext/citext--1.3--1.4.sql,.sql,668,12
contrib/citext/citext--1.4--1.5.sql,.sql,2284,88
contrib/citext/citext--1.4.sql,.sql,13466,501
contrib/citext/citext--1.5--1.6.sql,.sql,427,12
contrib/citext/citext.c,.c,8565,409
contrib/citext/sql/citext.sql,.sql,37150,809
contrib/citext/sql/citext_utf8.sql,.sql,2394,61
contrib/citext/sql/create_index_acl.sql,.sql,4410,88
contrib/cube/cube--1.0--1.1.sql,.sql,1594,59
contrib/cube/cube--1.1--1.2.sql,.sql,3815,75
contrib/cube/cube--1.2--1.3.sql,.sql,365,12
contrib/cube/cube--1.2.sql,.sql,9761,378
contrib/cube/cube--1.3--1.4.sql,.sql,2387,58
contrib/cube/cube--1.4--1.5.sql,.sql,591,21
contrib/cube/cube.c,.c,42200,1909
contrib/cube/cubedata.h,.h,2339,72
contrib/cube/cubeparse.y,.y,6042,291
contrib/cube/cubescan.l,.l,3086,133
contrib/cube/sql/cube.sql,.sql,19511,438
contrib/cube/sql/cube_sci.sql,.sql,692,22
contrib/dblink/dblink--1.0--1.1.sql,.sql,419,14
contrib/dblink/dblink--1.1--1.2.sql,.sql,2832,46
contrib/dblink/dblink--1.2.sql,.sql,6645,235
contrib/dblink/dblink.c,.c,80203,3097
contrib/dblink/sql/dblink.sql,.sql,21168,634
contrib/dict_int/dict_int--1.0.sql,.sql,711,25
contrib/dict_int/dict_int.c,.c,2203,116
contrib/dict_int/sql/dict_int.sql,.sql,2723,69
contrib/dict_xsyn/dict_xsyn--1.0.sql,.sql,694,25
contrib/dict_xsyn/dict_xsyn.c,.c,5126,259
contrib/dict_xsyn/sql/dict_xsyn.sql,.sql,2032,45
contrib/earthdistance/earthdistance--1.0--1.1.sql,.sql,671,14
contrib/earthdistance/earthdistance--1.1--1.2.sql,.sql,2194,73
contrib/earthdistance/earthdistance--1.1.sql,.sql,3319,98
contrib/earthdistance/earthdistance.c,.c,2461,105
contrib/earthdistance/sql/earthdistance.sql,.sql,14485,359
contrib/file_fdw/file_fdw--1.0.sql,.sql,475,18
contrib/file_fdw/file_fdw.c,.c,35993,1253
contrib/file_fdw/sql/file_fdw.sql,.sql,12004,293
contrib/fuzzystrmatch/daitch_mokotoff.c,.c,15126,571
contrib/fuzzystrmatch/dmetaphone.c,.c,33109,1438
contrib/fuzzystrmatch/fuzzystrmatch--1.0--1.1.sql,.sql,788,15
contrib/fuzzystrmatch/fuzzystrmatch--1.1--1.2.sql,.sql,351,8
contrib/fuzzystrmatch/fuzzystrmatch--1.1.sql,.sql,1576,44
contrib/fuzzystrmatch/fuzzystrmatch.c,.c,18389,794
contrib/fuzzystrmatch/sql/fuzzystrmatch.sql,.sql,1910,67
contrib/fuzzystrmatch/sql/fuzzystrmatch_utf8.sql,.sql,683,26
contrib/hstore/hstore--1.1--1.2.sql,.sql,1639,53
contrib/hstore/hstore--1.2--1.3.sql,.sql,525,17
contrib/hstore/hstore--1.3--1.4.sql,.sql,5310,99
contrib/hstore/hstore--1.4--1.5.sql,.sql,409,14
contrib/hstore/hstore--1.4.sql,.sql,13765,550
contrib/hstore/hstore--1.5--1.6.sql,.sql,455,12
contrib/hstore/hstore--1.6--1.7.sql,.sql,1061,27
contrib/hstore/hstore--1.7--1.8.sql,.sql,508,17
contrib/hstore/hstore.h,.h,7192,205
contrib/hstore/hstore_compat.c,.c,10342,359
contrib/hstore/hstore_gin.c,.c,5079,210
contrib/hstore/hstore_gist.c,.c,13929,625
contrib/hstore/hstore_io.c,.c,34683,1555
contrib/hstore/hstore_op.c,.c,28181,1273
contrib/hstore/hstore_subs.c,.c,7985,297
contrib/hstore/sql/hstore.sql,.sql,17364,397
contrib/hstore/sql/hstore_utf8.sql,.sql,855,26
contrib/hstore_plperl/hstore_plperl--1.0.sql,.sql,580,17
contrib/hstore_plperl/hstore_plperl.c,.c,3939,152
contrib/hstore_plperl/hstore_plperlu--1.0.sql,.sql,627,17
contrib/hstore_plperl/sql/create_transform.sql,.sql,2506,49
contrib/hstore_plperl/sql/hstore_plperl.sql,.sql,1126,60
contrib/hstore_plperl/sql/hstore_plperlu.sql,.sql,2848,125
contrib/hstore_plpython/hstore_plpython.c,.c,5449,190
contrib/hstore_plpython/hstore_plpython3u--1.0.sql,.sql,750,19
contrib/hstore_plpython/sql/hstore_plpython.sql,.sql,2727,130
contrib/intagg/intagg--1.0--1.1.sql,.sql,897,23
contrib/intagg/intagg--1.1.sql,.sql,1089,37
contrib/intarray/_int.h,.h,5892,191
contrib/intarray/_int_bool.c,.c,15516,716
contrib/intarray/_int_gin.c,.c,4052,180
contrib/intarray/_int_gist.c,.c,15503,637
contrib/intarray/_int_op.c,.c,7737,432
contrib/intarray/_int_selfuncs.c,.c,9083,350
contrib/intarray/_int_tool.c,.c,6679,407
contrib/intarray/_intbig_gist.c,.c,12367,598
contrib/intarray/intarray--1.0--1.1.sql,.sql,1794,49
contrib/intarray/intarray--1.1--1.2.sql,.sql,5525,94
contrib/intarray/intarray--1.2--1.3.sql,.sql,663,20
contrib/intarray/intarray--1.2.sql,.sql,12293,520
contrib/intarray/intarray--1.3--1.4.sql,.sql,692,21
contrib/intarray/intarray--1.4--1.5.sql,.sql,282,8
contrib/intarray/sql/_int.sql,.sql,10136,241
contrib/isn/EAN13.h,.h,5323,148
contrib/isn/ISBN.h,.h,25315,990
contrib/isn/ISMN.h,.h,1294,52
contrib/isn/ISSN.h,.h,1270,49
contrib/isn/UPC.h,.h,438,28
contrib/isn/isn--1.0--1.1.sql,.sql,12333,250
contrib/isn/isn--1.1--1.2.sql,.sql,5264,228
contrib/isn/isn--1.1.sql,.sql,69885,3434
contrib/isn/isn.c,.c,25127,1132
contrib/isn/isn.h,.h,759,35
contrib/isn/sql/isn.sql,.sql,3422,126
contrib/jsonb_plperl/jsonb_plperl--1.0.sql,.sql,658,19
contrib/jsonb_plperl/jsonb_plperl.c,.c,6344,295
contrib/jsonb_plperl/jsonb_plperlu--1.0.sql,.sql,704,19
contrib/jsonb_plperl/sql/jsonb_plperl.sql,.sql,2649,117
contrib/jsonb_plperl/sql/jsonb_plperlu.sql,.sql,2767,121
contrib/jsonb_plpython/jsonb_plpython.c,.c,11257,502
contrib/jsonb_plpython/jsonb_plpython3u--1.0.sql,.sql,732,19
contrib/jsonb_plpython/sql/jsonb_plpython.sql,.sql,3765,183
contrib/lo/lo--1.0--1.1.sql,.sql,223,6
contrib/lo/lo--1.1.sql,.sql,722,25
contrib/lo/lo.c,.c,2791,111
contrib/lo/lo_test.sql,.sql,1849,79
contrib/lo/sql/lo.sql,.sql,1633,70
contrib/ltree/_ltree_gist.c,.c,12049,558
contrib/ltree/_ltree_op.c,.c,7043,326
contrib/ltree/crc32.c,.c,695,40
contrib/ltree/crc32.h,.h,269,12
contrib/ltree/lquery_op.c,.c,6754,300
contrib/ltree/ltree--1.0--1.1.sql,.sql,6336,115
contrib/ltree/ltree--1.1--1.2.sql,.sql,5217,139
contrib/ltree/ltree--1.1.sql,.sql,19375,872
contrib/ltree/ltree--1.2--1.3.sql,.sql,652,23
contrib/ltree/ltree.h,.h,11585,318
contrib/ltree/ltree_gist.c,.c,17080,749
contrib/ltree/ltree_io.c,.c,18693,831
contrib/ltree/ltree_op.c,.c,12774,659
contrib/ltree/ltreetest.sql,.sql,1047,22
contrib/ltree/ltxtquery_io.c,.c,14550,670
contrib/ltree/ltxtquery_op.c,.c,2402,110
contrib/ltree/sql/ltree.sql,.sql,17330,458
contrib/ltree_plpython/ltree_plpython.c,.c,1450,58
contrib/ltree_plpython/ltree_plpython3u--1.0.sql,.sql,449,12
contrib/ltree_plpython/sql/ltree_plpython.sql,.sql,673,36
contrib/oid2name/oid2name.c,.c,16329,650
contrib/pageinspect/brinfuncs.c,.c,11246,439
contrib/pageinspect/btreefuncs.c,.c,26496,939
contrib/pageinspect/fsmfuncs.c,.c,1650,65
contrib/pageinspect/ginfuncs.c,.c,8153,285
contrib/pageinspect/gistfuncs.c,.c,9422,369
contrib/pageinspect/hashfuncs.c,.c,16011,570
contrib/pageinspect/heapfuncs.c,.c,17864,631
contrib/pageinspect/pageinspect--1.0--1.1.sql,.sql,560,18
contrib/pageinspect/pageinspect--1.1--1.2.sql,.sql,562,18
contrib/pageinspect/pageinspect--1.10--1.11.sql,.sql,1570,28
contrib/pageinspect/pageinspect--1.11--1.12.sql,.sql,1165,40
contrib/pageinspect/pageinspect--1.2--1.3.sql,.sql,1946,82
contrib/pageinspect/pageinspect--1.3--1.4.sql,.sql,2566,118
contrib/pageinspect/pageinspect--1.4--1.5.sql,.sql,1347,24
contrib/pageinspect/pageinspect--1.5--1.6.sql,.sql,2252,99
contrib/pageinspect/pageinspect--1.5.sql,.sql,6262,279
contrib/pageinspect/pageinspect--1.6--1.7.sql,.sql,698,26
contrib/pageinspect/pageinspect--1.7--1.8.sql,.sql,1711,69
contrib/pageinspect/pageinspect--1.8--1.9.sql,.sql,3398,137
contrib/pageinspect/pageinspect--1.9--1.10.sql,.sql,589,21
contrib/pageinspect/pageinspect.h,.h,681,30
contrib/pageinspect/rawpage.c,.c,9583,376
contrib/pageinspect/sql/brin.sql,.sql,6431,144
contrib/pageinspect/sql/btree.sql,.sql,2412,62
contrib/pageinspect/sql/checksum.sql,.sql,1373,31
contrib/pageinspect/sql/gin.sql,.sql,1527,41
contrib/pageinspect/sql/gist.sql,.sql,2771,59
contrib/pageinspect/sql/hash.sql,.sql,4949,113
contrib/pageinspect/sql/oldextversions.sql,.sql,1323,35
contrib/pageinspect/sql/page.sql,.sql,4448,106
contrib/passwordcheck/passwordcheck.c,.c,4069,148
contrib/passwordcheck/sql/passwordcheck.sql,.sql,728,23
contrib/pg_buffercache/pg_buffercache--1.0--1.1.sql,.sql,508,11
contrib/pg_buffercache/pg_buffercache--1.1--1.2.sql,.sql,271,6
contrib/pg_buffercache/pg_buffercache--1.2--1.3.sql,.sql,328,7
contrib/pg_buffercache/pg_buffercache--1.2.sql,.sql,794,21
contrib/pg_buffercache/pg_buffercache--1.3--1.4.sql,.sql,1021,28
contrib/pg_buffercache/pg_buffercache--1.4--1.5.sql,.sql,230,6
contrib/pg_buffercache/pg_buffercache_pages.c,.c,10798,375
contrib/pg_buffercache/sql/pg_buffercache.sql,.sql,1026,28
contrib/pg_freespacemap/pg_freespacemap--1.0--1.1.sql,.sql,335,7
contrib/pg_freespacemap/pg_freespacemap--1.1--1.2.sql,.sql,377,7
contrib/pg_freespacemap/pg_freespacemap--1.1.sql,.sql,899,25
contrib/pg_freespacemap/pg_freespacemap.c,.c,1264,50
contrib/pg_freespacemap/sql/pg_freespacemap.sql,.sql,1267,32
contrib/pg_prewarm/autoprewarm.c,.c,25334,917
contrib/pg_prewarm/pg_prewarm--1.0--1.1.sql,.sql,281,6
contrib/pg_prewarm/pg_prewarm--1.1--1.2.sql,.sql,458,14
contrib/pg_prewarm/pg_prewarm--1.1.sql,.sql,475,14
contrib/pg_prewarm/pg_prewarm.c,.c,8172,291
contrib/pg_prewarm/sql/pg_prewarm.sql,.sql,271,10
contrib/pg_stat_statements/pg_stat_statements--1.0--1.1.sql,.sql,1246,42
contrib/pg_stat_statements/pg_stat_statements--1.1--1.2.sql,.sql,1336,43
contrib/pg_stat_statements/pg_stat_statements--1.10--1.11.sql,.sql,2644,82
contrib/pg_stat_statements/pg_stat_statements--1.2--1.3.sql,.sql,1454,47
contrib/pg_stat_statements/pg_stat_statements--1.3--1.4.sql,.sql,345,7
contrib/pg_stat_statements/pg_stat_statements--1.4--1.5.sql,.sql,305,6
contrib/pg_stat_statements/pg_stat_statements--1.4.sql,.sql,1427,48
contrib/pg_stat_statements/pg_stat_statements--1.5--1.6.sql,.sql,376,7
contrib/pg_stat_statements/pg_stat_statements--1.6--1.7.sql,.sql,806,22
contrib/pg_stat_statements/pg_stat_statements--1.7--1.8.sql,.sql,1744,56
contrib/pg_stat_statements/pg_stat_statements--1.8--1.9.sql,.sql,2128,71
contrib/pg_stat_statements/pg_stat_statements--1.9--1.10.sql,.sql,2114,67
contrib/pg_stat_statements/pg_stat_statements.c,.c,88908,3011
contrib/pg_stat_statements/sql/cleanup.sql,.sql,35,1
contrib/pg_stat_statements/sql/cursors.sql,.sql,849,30
contrib/pg_stat_statements/sql/dml.sql,.sql,3669,95
contrib/pg_stat_statements/sql/entry_timestamp.sql,.sql,3007,114
contrib/pg_stat_statements/sql/extended.sql,.sql,1116,23
contrib/pg_stat_statements/sql/level_tracking.sql,.sql,4874,173
contrib/pg_stat_statements/sql/oldextversions.sql,.sql,2445,61
contrib/pg_stat_statements/sql/planning.sql,.sql,915,31
contrib/pg_stat_statements/sql/select.sql,.sql,4487,157
contrib/pg_stat_statements/sql/user_activity.sql,.sql,1958,67
contrib/pg_stat_statements/sql/utility.sql,.sql,10834,331
contrib/pg_stat_statements/sql/wal.sql,.sql,617,20
contrib/pg_surgery/heap_surgery.c,.c,11633,418
contrib/pg_surgery/pg_surgery--1.0.sql,.sql,608,18
contrib/pg_surgery/sql/heap_surgery.sql,.sql,2890,88
contrib/pg_trgm/pg_trgm--1.0--1.1.sql,.sql,536,12
contrib/pg_trgm/pg_trgm--1.1--1.2.sql,.sql,2192,74
contrib/pg_trgm/pg_trgm--1.2--1.3.sql,.sql,3498,65
contrib/pg_trgm/pg_trgm--1.3--1.4.sql,.sql,2045,68
contrib/pg_trgm/pg_trgm--1.3.sql,.sql,7942,254
contrib/pg_trgm/pg_trgm--1.4--1.5.sql,.sql,858,23
contrib/pg_trgm/pg_trgm--1.5--1.6.sql,.sql,418,10
contrib/pg_trgm/sql/pg_strict_word_trgm.sql,.sql,3020,45
contrib/pg_trgm/sql/pg_trgm.sql,.sql,10797,250
contrib/pg_trgm/sql/pg_utf8_trgm.sql,.sql,253,9
contrib/pg_trgm/sql/pg_word_trgm.sql,.sql,2877,48
contrib/pg_trgm/trgm.h,.h,5077,140
contrib/pg_trgm/trgm_gin.c,.c,9060,360
contrib/pg_trgm/trgm_gist.c,.c,23101,974
contrib/pg_trgm/trgm_op.c,.c,29732,1333
contrib/pg_trgm/trgm_regexp.c,.c,70395,2361
contrib/pg_visibility/pg_visibility--1.0--1.1.sql,.sql,883,24
contrib/pg_visibility/pg_visibility--1.1--1.2.sql,.sql,833,13
contrib/pg_visibility/pg_visibility--1.1.sql,.sql,2825,75
contrib/pg_visibility/pg_visibility.c,.c,24940,853
contrib/pg_visibility/sql/pg_visibility.sql,.sql,5576,176
contrib/pg_walinspect/pg_walinspect--1.0--1.1.sql,.sql,1296,42
contrib/pg_walinspect/pg_walinspect--1.0.sql,.sql,3665,118
contrib/pg_walinspect/pg_walinspect.c,.c,23189,851
contrib/pg_walinspect/sql/oldextversions.sql,.sql,1486,39
contrib/pg_walinspect/sql/pg_walinspect.sql,.sql,7505,165
contrib/pgcrypto/crypt-blowfish.c,.c,24736,756
contrib/pgcrypto/crypt-des.c,.c,19717,791
contrib/pgcrypto/crypt-gensalt.c,.c,4574,187
contrib/pgcrypto/crypt-md5.c,.c,3860,169
contrib/pgcrypto/mbuf.c,.c,9261,547
contrib/pgcrypto/mbuf.h,.h,3975,122
contrib/pgcrypto/openssl.c,.c,18063,804
contrib/pgcrypto/pgcrypto--1.0--1.1.sql,.sql,307,9
contrib/pgcrypto/pgcrypto--1.1--1.2.sql,.sql,483,14
contrib/pgcrypto/pgcrypto--1.2--1.3.sql,.sql,2346,41
contrib/pgcrypto/pgcrypto--1.3.sql,.sql,5708,217
contrib/pgcrypto/pgcrypto.c,.c,10952,477
contrib/pgcrypto/pgcrypto.h,.h,1500,37
contrib/pgcrypto/pgp-armor.c,.c,10773,488
contrib/pgcrypto/pgp-cfb.c,.c,5813,265
contrib/pgcrypto/pgp-compress.c,.c,7588,346
contrib/pgcrypto/pgp-decrypt.c,.c,24345,1213
contrib/pgcrypto/pgp-encrypt.c,.c,12807,704
contrib/pgcrypto/pgp-info.c,.c,4950,235
contrib/pgcrypto/pgp-mpi-openssl.c,.c,6253,284
contrib/pgcrypto/pgp-mpi.c,.c,3207,142
contrib/pgcrypto/pgp-pgsql.c,.c,21695,1003
contrib/pgcrypto/pgp-pubdec.c,.c,5127,244
contrib/pgcrypto/pgp-pubenc.c,.c,5079,244
contrib/pgcrypto/pgp-pubkey.c,.c,12045,583
contrib/pgcrypto/pgp-s2k.c,.c,6399,308
contrib/pgcrypto/pgp.c,.c,7494,360
contrib/pgcrypto/pgp.h,.h,9097,326
contrib/pgcrypto/px-crypt.c,.c,4000,164
contrib/pgcrypto/px-crypt.h,.h,2926,82
contrib/pgcrypto/px-hmac.c,.c,3641,176
contrib/pgcrypto/px.c,.c,7817,341
contrib/pgcrypto/px.h,.h,7344,228
contrib/pgcrypto/sql/3des.sql,.sql,849,25
contrib/pgcrypto/sql/blowfish.sql,.sql,2077,53
contrib/pgcrypto/sql/cast5.sql,.sql,934,32
contrib/pgcrypto/sql/crypt-blowfish.sql,.sql,658,26
contrib/pgcrypto/sql/crypt-des.sql,.sql,471,21
contrib/pgcrypto/sql/crypt-md5.sql,.sql,367,17
contrib/pgcrypto/sql/crypt-xdes.sql,.sql,876,33
contrib/pgcrypto/sql/des.sql,.sql,696,24
contrib/pgcrypto/sql/hmac-md5.sql,.sql,1183,44
contrib/pgcrypto/sql/hmac-sha1.sql,.sql,1191,44
contrib/pgcrypto/sql/init.sql,.sql,200,11
contrib/pgcrypto/sql/md5.sql,.sql,397,11
contrib/pgcrypto/sql/pgp-armor.sql,.sql,4419,214
contrib/pgcrypto/sql/pgp-compression.sql,.sql,1738,51
contrib/pgcrypto/sql/pgp-decrypt.sql,.sql,9284,330
contrib/pgcrypto/sql/pgp-encrypt-md5.sql,.sql,154,7
contrib/pgcrypto/sql/pgp-encrypt.sql,.sql,3055,101
contrib/pgcrypto/sql/pgp-info.sql,.sql,858,22
contrib/pgcrypto/sql/pgp-pubkey-decrypt.sql,.sql,33035,647
contrib/pgcrypto/sql/pgp-pubkey-encrypt.sql,.sql,1192,48
contrib/pgcrypto/sql/pgp-pubkey-session.sql,.sql,3269,46
contrib/pgcrypto/sql/pgp-zlib-DISABLED.sql,.sql,20,1
contrib/pgcrypto/sql/rijndael.sql,.sql,2224,72
contrib/pgcrypto/sql/sha1.sql,.sql,405,11
contrib/pgcrypto/sql/sha2.sql,.sql,1535,33
contrib/pgrowlocks/pgrowlocks--1.0--1.1.sql,.sql,651,17
contrib/pgrowlocks/pgrowlocks--1.1--1.2.sql,.sql,253,6
contrib/pgrowlocks/pgrowlocks--1.2.sql,.sql,555,15
contrib/pgrowlocks/pgrowlocks.c,.c,8020,276
contrib/pgstattuple/pgstatapprox.c,.c,9026,319
contrib/pgstattuple/pgstatindex.c,.c,20769,761
contrib/pgstattuple/pgstattuple--1.0--1.1.sql,.sql,400,11
contrib/pgstattuple/pgstattuple--1.1--1.2.sql,.sql,1435,39
contrib/pgstattuple/pgstattuple--1.2--1.3.sql,.sql,1126,18
contrib/pgstattuple/pgstattuple--1.3--1.4.sql,.sql,623,13
contrib/pgstattuple/pgstattuple--1.4--1.5.sql,.sql,5506,136
contrib/pgstattuple/pgstattuple--1.4.sql,.sql,3764,95
contrib/pgstattuple/pgstattuple.c,.c,15592,601
contrib/pgstattuple/sql/pgstattuple.sql,.sql,5253,138
contrib/postgres_fdw/connection.c,.c,70134,2253
contrib/postgres_fdw/deparse.c,.c,120768,4208
contrib/postgres_fdw/option.c,.c,16640,590
contrib/postgres_fdw/postgres_fdw--1.0--1.1.sql,.sql,626,20
contrib/postgres_fdw/postgres_fdw--1.0.sql,.sql,507,18
contrib/postgres_fdw/postgres_fdw.c,.c,246741,7960
contrib/postgres_fdw/postgres_fdw.h,.h,8938,259
contrib/postgres_fdw/shippable.c,.c,6351,205
contrib/postgres_fdw/sql/postgres_fdw.sql,.sql,177333,4398
contrib/postgres_fdw/sql/query_cancel.sql,.sql,938,22
contrib/seg/seg--1.0--1.1.sql,.sql,3005,63
contrib/seg/seg--1.1--1.2.sql,.sql,360,14
contrib/seg/seg--1.1.sql,.sql,8142,395
contrib/seg/seg--1.2--1.3.sql,.sql,2344,58
contrib/seg/seg--1.3--1.4.sql,.sql,259,8
contrib/seg/seg.c,.c,24503,1095
contrib/seg/segdata.h,.h,516,25
contrib/seg/segparse.y,.y,3559,183
contrib/seg/segscan.l,.l,2867,129
contrib/seg/sql/partition.sql,.sql,1155,36
contrib/seg/sql/security.sql,.sql,999,32
contrib/seg/sql/seg.sql,.sql,7670,257
contrib/sepgsql/database.c,.c,5339,216
contrib/sepgsql/dml.c,.c,9419,359
contrib/sepgsql/hooks.c,.c,11356,483
contrib/sepgsql/label.c,.c,23758,916
contrib/sepgsql/proc.c,.c,8064,333
contrib/sepgsql/relation.c,.c,19249,773
contrib/sepgsql/schema.c,.c,5607,235
contrib/sepgsql/selinux.c,.c,17138,888
contrib/sepgsql/sepgsql.h,.h,12134,324
contrib/sepgsql/sql/alter.sql,.sql,8138,197
contrib/sepgsql/sql/ddl.sql,.sql,4150,125
contrib/sepgsql/sql/dml.sql,.sql,9297,257
contrib/sepgsql/sql/label.sql,.sql,10051,294
contrib/sepgsql/sql/misc.sql,.sql,1428,45
contrib/sepgsql/sql/truncate.sql,.sql,862,24
contrib/sepgsql/uavc.c,.c,13864,521
contrib/spi/autoinc--1.0.sql,.sql,249,9
contrib/spi/autoinc.c,.c,3390,127
contrib/spi/insert_username--1.0.sql,.sql,273,9
contrib/spi/insert_username.c,.c,2568,92
contrib/spi/moddatetime--1.0.sql,.sql,261,9
contrib/spi/moddatetime.c,.c,3760,130
contrib/spi/refint--1.0.sql,.sql,343,14
contrib/spi/refint.c,.c,17864,646
contrib/sslinfo/sslinfo--1.0--1.1.sql,.sql,375,12
contrib/sslinfo/sslinfo--1.1--1.2.sql,.sql,746,15
contrib/sslinfo/sslinfo--1.2.sql,.sql,1534,48
contrib/sslinfo/sslinfo.c,.c,12144,484
contrib/tablefunc/sql/tablefunc.sql,.sql,13919,250
contrib/tablefunc/tablefunc--1.0.sql,.sql,2153,88
contrib/tablefunc/tablefunc.c,.c,45064,1580
contrib/tablefunc/tablefunc.h,.h,1413,39
contrib/tcn/tcn--1.0.sql,.sql,274,9
contrib/tcn/tcn.c,.c,5075,180
contrib/test_decoding/sql/binary.sql,.sql,887,14
contrib/test_decoding/sql/ddl.sql,.sql,17595,445
contrib/test_decoding/sql/decoding_in_xact.sql,.sql,2756,68
contrib/test_decoding/sql/decoding_into_rel.sql,.sql,1661,42
contrib/test_decoding/sql/messages.sql,.sql,1335,35
contrib/test_decoding/sql/permissions.sql,.sql,2510,70
contrib/test_decoding/sql/prepared.sql,.sql,1498,50
contrib/test_decoding/sql/replorigin.sql,.sql,6920,148
contrib/test_decoding/sql/rewrite.sql,.sql,4196,107
contrib/test_decoding/sql/slot.sql,.sql,8843,192
contrib/test_decoding/sql/spill.sql,.sql,7945,179
contrib/test_decoding/sql/stats.sql,.sql,2923,56
contrib/test_decoding/sql/stream.sql,.sql,74515,63
contrib/test_decoding/sql/time.sql,.sql,1029,22
contrib/test_decoding/sql/toast.sql,.sql,14218,327
contrib/test_decoding/sql/truncate.sql,.sql,493,14
contrib/test_decoding/sql/twophase.sql,.sql,6525,137
contrib/test_decoding/sql/twophase_stream.sql,.sql,2226,45
contrib/test_decoding/sql/xact.sql,.sql,1207,33
contrib/test_decoding/test_decoding.c,.c,29645,1001
contrib/tsm_system_rows/sql/tsm_system_rows.sql,.sql,1336,39
contrib/tsm_system_rows/tsm_system_rows--1.0.sql,.sql,327,9
contrib/tsm_system_rows/tsm_system_rows.c,.c,9527,340
contrib/tsm_system_time/sql/tsm_system_time.sql,.sql,1751,51
contrib/tsm_system_time/tsm_system_time--1.0.sql,.sql,327,9
contrib/tsm_system_time/tsm_system_time.c,.c,9921,353
contrib/unaccent/sql/unaccent.sql,.sql,1502,48
contrib/unaccent/unaccent--1.0--1.1.sql,.sql,445,9
contrib/unaccent/unaccent--1.1.sql,.sql,910,34
contrib/unaccent/unaccent.c,.c,11745,501
contrib/uuid-ossp/sql/uuid_ossp.sql,.sql,3124,75
contrib/uuid-ossp/uuid-ossp--1.0--1.1.sql,.sql,688,15
contrib/uuid-ossp/uuid-ossp--1.1.sql,.sql,1516,54
contrib/uuid-ossp/uuid-ossp.c,.c,13602,552
contrib/vacuumlo/vacuumlo.c,.c,13587,544
contrib/xml2/sql/xml2.sql,.sql,4963,145
contrib/xml2/xml2--1.0--1.1.sql,.sql,944,18
contrib/xml2/xml2--1.1.sql,.sql,2049,73
contrib/xml2/xpath.c,.c,17457,746
contrib/xml2/xslt_proc.c,.c,6325,265
doc/src/sgml/acronyms.sgml,.sgml,20213,846
doc/src/sgml/advanced.sgml,.sgml,25963,720
doc/src/sgml/amcheck.sgml,.sgml,24189,567
doc/src/sgml/appendix-obsolete-default-roles.sgml,.sgml,867,22
doc/src/sgml/appendix-obsolete-pgreceivexlog.sgml,.sgml,927,24
doc/src/sgml/appendix-obsolete-pgresetxlog.sgml,.sgml,907,24
doc/src/sgml/appendix-obsolete-pgxlogdump.sgml,.sgml,882,24
doc/src/sgml/appendix-obsolete-recovery-config.sgml,.sgml,1966,55
doc/src/sgml/appendix-obsolete.sgml,.sgml,1656,42
doc/src/sgml/arch-dev.sgml,.sgml,25124,575
doc/src/sgml/archive-modules.sgml,.sgml,7079,176
doc/src/sgml/array.sgml,.sgml,26205,798
doc/src/sgml/auth-delay.sgml,.sgml,1762,65
doc/src/sgml/auto-explain.sgml,.sgml,13867,359
doc/src/sgml/backup-manifest.sgml,.sgml,7855,231
doc/src/sgml/backup.sgml,.sgml,76893,1620
doc/src/sgml/basebackup-to-shell.sgml,.sgml,3202,85
doc/src/sgml/basic-archive.sgml,.sgml,2505,81
doc/src/sgml/bgworker.sgml,.sgml,15113,306
doc/src/sgml/biblio.sgml,.sgml,16118,568
doc/src/sgml/bki.sgml,.sgml,43251,1079
doc/src/sgml/bloom.sgml,.sgml,10053,290
doc/src/sgml/brin.sgml,.sgml,54178,1344
doc/src/sgml/btree-gin.sgml,.sgml,2407,66
doc/src/sgml/btree-gist.sgml,.sgml,4501,118
doc/src/sgml/btree.sgml,.sgml,39702,914
doc/src/sgml/catalogs.sgml,.sgml,335953,9723
doc/src/sgml/charset.sgml,.sgml,127910,3419
doc/src/sgml/citext.sgml,.sgml,10162,293
doc/src/sgml/client-auth.sgml,.sgml,99792,2354
doc/src/sgml/color.sgml,.sgml,3075,111
doc/src/sgml/config.sgml,.sgml,543641,12288
doc/src/sgml/contrib-spi.sgml,.sgml,5350,139
doc/src/sgml/contrib.sgml,.sgml,7616,236
doc/src/sgml/cube.sgml,.sgml,21718,639
doc/src/sgml/custom-rmgr.sgml,.sgml,4021,102
doc/src/sgml/custom-scan.sgml,.sgml,18792,424
doc/src/sgml/datatype.sgml,.sgml,195705,5409
doc/src/sgml/datetime.sgml,.sgml,33123,930
doc/src/sgml/dblink.sgml,.sgml,59310,2172
doc/src/sgml/ddl.sgml,.sgml,207924,5435
doc/src/sgml/dfunc.sgml,.sgml,6998,205
doc/src/sgml/dict-int.sgml,.sgml,3174,101
doc/src/sgml/dict-xsyn.sgml,.sgml,4428,149
doc/src/sgml/dml.sgml,.sgml,13030,370
doc/src/sgml/docguide.sgml,.sgml,22110,672
doc/src/sgml/earthdistance.sgml,.sgml,9220,265
doc/src/sgml/ecpg.sgml,.sgml,333062,10094
doc/src/sgml/errcodes.sgml,.sgml,3453,89
doc/src/sgml/event-trigger.sgml,.sgml,60215,1412
doc/src/sgml/extend.sgml,.sgml,82667,1901
doc/src/sgml/external-projects.sgml,.sgml,4487,129
doc/src/sgml/fdwhandler.sgml,.sgml,99244,2166
doc/src/sgml/features.sgml,.sgml,20914,504
doc/src/sgml/file-fdw.sgml,.sgml,8957,309
doc/src/sgml/filelist.sgml,.sgml,8761,202
doc/src/sgml/func.sgml,.sgml,1172455,31294
doc/src/sgml/fuzzystrmatch.sgml,.sgml,11291,399
doc/src/sgml/generic-wal.sgml,.sgml,5954,166
doc/src/sgml/geqo.sgml,.sgml,11525,303
doc/src/sgml/gin.sgml,.sgml,31074,714
doc/src/sgml/gist.sgml,.sgml,50428,1306
doc/src/sgml/glossary.sgml,.sgml,81046,2283
doc/src/sgml/hash.sgml,.sgml,6759,161
doc/src/sgml/high-availability.sgml,.sgml,102405,2346
doc/src/sgml/history.sgml,.sgml,8544,220
doc/src/sgml/hstore.sgml,.sgml,32076,977
doc/src/sgml/images/pagelayout.txt,.txt,638,11
doc/src/sgml/indexam.sgml,.sgml,70035,1533
doc/src/sgml/indextypes.sgml,.sgml,168,13
doc/src/sgml/indices.sgml,.sgml,68481,1638
doc/src/sgml/info.sgml,.sgml,2231,69
doc/src/sgml/information_schema.sgml,.sgml,283956,8682
doc/src/sgml/install-binaries.sgml,.sgml,912,24
doc/src/sgml/installation.sgml,.sgml,158170,4069
doc/src/sgml/intagg.sgml,.sgml,4347,135
doc/src/sgml/intarray.sgml,.sgml,16879,503
doc/src/sgml/intro.sgml,.sgml,5086,161
doc/src/sgml/isn.sgml,.sgml,12889,424
doc/src/sgml/jit.sgml,.sgml,11674,285
doc/src/sgml/json.sgml,.sgml,41916,1025
doc/src/sgml/keywords/sql1992-nonreserved.txt,.txt,639,50
doc/src/sgml/keywords/sql1992-reserved.txt,.txt,1641,227
doc/src/sgml/keywords/sql2016-02-nonreserved.txt,.txt,2550,256
doc/src/sgml/keywords/sql2016-02-reserved.txt,.txt,2953,365
doc/src/sgml/keywords/sql2016-09-nonreserved.txt,.txt,168,23
doc/src/sgml/keywords/sql2016-09-reserved.txt,.txt,163,13
doc/src/sgml/keywords/sql2016-14-nonreserved.txt,.txt,211,27
doc/src/sgml/keywords/sql2016-14-reserved.txt,.txt,198,20
doc/src/sgml/keywords/sql2023-02-nonreserved.txt,.txt,2562,257
doc/src/sgml/keywords/sql2023-02-reserved.txt,.txt,3038,376
doc/src/sgml/keywords/sql2023-09-nonreserved.txt,.txt,168,23
doc/src/sgml/keywords/sql2023-09-reserved.txt,.txt,163,13
doc/src/sgml/keywords/sql2023-14-nonreserved.txt,.txt,194,25
doc/src/sgml/keywords/sql2023-14-reserved.txt,.txt,198,20
doc/src/sgml/keywords.sgml,.sgml,3944,90
doc/src/sgml/legal.sgml,.sgml,1629,50
doc/src/sgml/libpq.sgml,.sgml,418731,10713
doc/src/sgml/limits.sgml,.sgml,4645,149
doc/src/sgml/lo.sgml,.sgml,4799,136
doc/src/sgml/lobj.sgml,.sgml,34748,998
doc/src/sgml/logical-replication.sgml,.sgml,80178,2109
doc/src/sgml/logicaldecoding.sgml,.sgml,68650,1504
doc/src/sgml/ltree.sgml,.sgml,31010,867
doc/src/sgml/maintenance.sgml,.sgml,59021,1208
doc/src/sgml/manage-ag.sgml,.sgml,23923,551
doc/src/sgml/monitoring.sgml,.sgml,259105,7461
doc/src/sgml/mvcc.sgml,.sgml,82106,1947
doc/src/sgml/nls.sgml,.sgml,20010,534
doc/src/sgml/notation.sgml,.sgml,1226,31
doc/src/sgml/oid2name.sgml,.sgml,12092,376
doc/src/sgml/pageinspect.sgml,.sgml,34073,962
doc/src/sgml/parallel.sgml,.sgml,27063,592
doc/src/sgml/passwordcheck.sgml,.sgml,2410,62
doc/src/sgml/perform.sgml,.sgml,94123,2091
doc/src/sgml/pgbuffercache.sgml,.sgml,14385,446
doc/src/sgml/pgcrypto.sgml,.sgml,36548,1266
doc/src/sgml/pgfreespacemap.sgml,.sgml,3253,121
doc/src/sgml/pgprewarm.sgml,.sgml,5305,148
doc/src/sgml/pgrowlocks.sgml,.sgml,4480,151
doc/src/sgml/pgstatstatements.sgml,.sgml,41664,1079
doc/src/sgml/pgstattuple.sgml,.sgml,18665,629
doc/src/sgml/pgsurgery.sgml,.sgml,2926,107
doc/src/sgml/pgtrgm.sgml,.sgml,23071,645
doc/src/sgml/pgvisibility.sgml,.sgml,6086,158
doc/src/sgml/pgwalinspect.sgml,.sgml,10551,286
doc/src/sgml/planstats.sgml,.sgml,32207,762
doc/src/sgml/plhandler.sgml,.sgml,10068,192
doc/src/sgml/plperl.sgml,.sgml,55909,1608
doc/src/sgml/plpgsql.sgml,.sgml,232138,6160
doc/src/sgml/plpython.sgml,.sgml,47675,1397
doc/src/sgml/pltcl.sgml,.sgml,44990,1135
doc/src/sgml/postgres-fdw.sgml,.sgml,50771,1254
doc/src/sgml/postgres.sgml,.sgml,8101,293
doc/src/sgml/problems.sgml,.sgml,15371,362
doc/src/sgml/protocol.sgml,.sgml,250374,7646
doc/src/sgml/queries.sgml,.sgml,104636,2748
doc/src/sgml/query.sgml,.sgml,31775,920
doc/src/sgml/rangetypes.sgml,.sgml,22350,592
doc/src/sgml/ref/abort.sgml,.sgml,2671,112
doc/src/sgml/ref/allfiles.sgml,.sgml,12516,227
doc/src/sgml/ref/alter_aggregate.sgml,.sgml,6620,203
doc/src/sgml/ref/alter_collation.sgml,.sgml,6882,208
doc/src/sgml/ref/alter_conversion.sgml,.sgml,3360,128
doc/src/sgml/ref/alter_database.sgml,.sgml,8376,255
doc/src/sgml/ref/alter_default_privileges.sgml,.sgml,9571,265
doc/src/sgml/ref/alter_domain.sgml,.sgml,11906,369
doc/src/sgml/ref/alter_event_trigger.sgml,.sgml,2887,105
doc/src/sgml/ref/alter_extension.sgml,.sgml,12453,334
doc/src/sgml/ref/alter_foreign_data_wrapper.sgml,.sgml,6119,188
doc/src/sgml/ref/alter_foreign_table.sgml,.sgml,20636,558
doc/src/sgml/ref/alter_function.sgml,.sgml,14087,392
doc/src/sgml/ref/alter_group.sgml,.sgml,3941,139
doc/src/sgml/ref/alter_index.sgml,.sgml,11790,329
doc/src/sgml/ref/alter_language.sgml,.sgml,2153,91
doc/src/sgml/ref/alter_large_object.sgml,.sgml,2067,87
doc/src/sgml/ref/alter_materialized_view.sgml,.sgml,7029,187
doc/src/sgml/ref/alter_opclass.sgml,.sgml,3430,125
doc/src/sgml/ref/alter_operator.sgml,.sgml,6864,237
doc/src/sgml/ref/alter_opfamily.sgml,.sgml,12498,360
doc/src/sgml/ref/alter_policy.sgml,.sgml,4251,143
doc/src/sgml/ref/alter_procedure.sgml,.sgml,10577,290
doc/src/sgml/ref/alter_publication.sgml,.sgml,9530,248
doc/src/sgml/ref/alter_role.sgml,.sgml,13919,361
doc/src/sgml/ref/alter_routine.sgml,.sgml,4431,103
doc/src/sgml/ref/alter_rule.sgml,.sgml,2410,105
doc/src/sgml/ref/alter_schema.sgml,.sgml,2484,100
doc/src/sgml/ref/alter_sequence.sgml,.sgml,13782,364
doc/src/sgml/ref/alter_server.sgml,.sgml,4250,144
doc/src/sgml/ref/alter_statistics.sgml,.sgml,4421,137
doc/src/sgml/ref/alter_subscription.sgml,.sgml,16649,367
doc/src/sgml/ref/alter_system.sgml,.sgml,5112,160
doc/src/sgml/ref/alter_table.sgml,.sgml,82102,1819
doc/src/sgml/ref/alter_tablespace.sgml,.sgml,4225,140
doc/src/sgml/ref/alter_trigger.sgml,.sgml,3997,146
doc/src/sgml/ref/alter_tsconfig.sgml,.sgml,6524,189
doc/src/sgml/ref/alter_tsdictionary.sgml,.sgml,4823,170
doc/src/sgml/ref/alter_tsparser.sgml,.sgml,2287,93
doc/src/sgml/ref/alter_tstemplate.sgml,.sgml,2325,93
doc/src/sgml/ref/alter_type.sgml,.sgml,16958,495
doc/src/sgml/ref/alter_user.sgml,.sgml,3007,81
doc/src/sgml/ref/alter_user_mapping.sgml,.sgml,3912,124
doc/src/sgml/ref/alter_view.sgml,.sgml,7785,230
doc/src/sgml/ref/analyze.sgml,.sgml,14680,359
doc/src/sgml/ref/begin.sgml,.sgml,4833,161
doc/src/sgml/ref/call.sgml,.sgml,3563,133
doc/src/sgml/ref/checkpoint.sgml,.sgml,1873,69
doc/src/sgml/ref/close.sgml,.sgml,3202,132
doc/src/sgml/ref/cluster.sgml,.sgml,9562,276
doc/src/sgml/ref/clusterdb.sgml,.sgml,10522,350
doc/src/sgml/ref/comment.sgml,.sgml,16555,379
doc/src/sgml/ref/commit.sgml,.sgml,2642,112
doc/src/sgml/ref/commit_prepared.sgml,.sgml,2634,107
doc/src/sgml/ref/copy.sgml,.sgml,46346,1151
doc/src/sgml/ref/create_access_method.sgml,.sgml,3472,122
doc/src/sgml/ref/create_aggregate.sgml,.sgml,36646,805
doc/src/sgml/ref/create_cast.sgml,.sgml,16708,424
doc/src/sgml/ref/create_collation.sgml,.sgml,9448,300
doc/src/sgml/ref/create_conversion.sgml,.sgml,5310,189
doc/src/sgml/ref/create_database.sgml,.sgml,21439,523
doc/src/sgml/ref/create_domain.sgml,.sgml,10516,305
doc/src/sgml/ref/create_event_trigger.sgml,.sgml,5278,173
doc/src/sgml/ref/create_extension.sgml,.sgml,9202,247
doc/src/sgml/ref/create_foreign_data_wrapper.sgml,.sgml,6100,183
doc/src/sgml/ref/create_foreign_table.sgml,.sgml,17771,455
doc/src/sgml/ref/create_function.sgml,.sgml,37705,943
doc/src/sgml/ref/create_group.sgml,.sgml,2121,72
doc/src/sgml/ref/create_index.sgml,.sgml,40016,1005
doc/src/sgml/ref/create_language.sgml,.sgml,9019,250
doc/src/sgml/ref/create_materialized_view.sgml,.sgml,6682,189
doc/src/sgml/ref/create_opclass.sgml,.sgml,11964,330
doc/src/sgml/ref/create_operator.sgml,.sgml,11878,360
doc/src/sgml/ref/create_opfamily.sgml,.sgml,3679,118
doc/src/sgml/ref/create_policy.sgml,.sgml,32867,776
doc/src/sgml/ref/create_procedure.sgml,.sgml,15162,411
doc/src/sgml/ref/create_publication.sgml,.sgml,16417,432
doc/src/sgml/ref/create_role.sgml,.sgml,20126,516
doc/src/sgml/ref/create_rule.sgml,.sgml,11509,306
doc/src/sgml/ref/create_schema.sgml,.sgml,7777,228
doc/src/sgml/ref/create_sequence.sgml,.sgml,14849,413
doc/src/sgml/ref/create_server.sgml,.sgml,5013,172
doc/src/sgml/ref/create_statistics.sgml,.sgml,12423,335
doc/src/sgml/ref/create_subscription.sgml,.sgml,25156,588
doc/src/sgml/ref/create_table.sgml,.sgml,106913,2479
doc/src/sgml/ref/create_table_as.sgml,.sgml,11485,362
doc/src/sgml/ref/create_tablespace.sgml,.sgml,5926,183
doc/src/sgml/ref/create_transform.sgml,.sgml,7056,214
doc/src/sgml/ref/create_trigger.sgml,.sgml,31269,779
doc/src/sgml/ref/create_tsconfig.sgml,.sgml,3442,126
doc/src/sgml/ref/create_tsdictionary.sgml,.sgml,3732,141
doc/src/sgml/ref/create_tsparser.sgml,.sgml,4316,153
doc/src/sgml/ref/create_tstemplate.sgml,.sgml,3604,126
doc/src/sgml/ref/create_type.sgml,.sgml,43446,1040
doc/src/sgml/ref/create_user.sgml,.sgml,2505,78
doc/src/sgml/ref/create_user_mapping.sgml,.sgml,4173,132
doc/src/sgml/ref/create_view.sgml,.sgml,23653,587
doc/src/sgml/ref/createdb.sgml,.sgml,14565,449
doc/src/sgml/ref/createuser.sgml,.sgml,18166,561
doc/src/sgml/ref/deallocate.sgml,.sgml,2152,98
doc/src/sgml/ref/declare.sgml,.sgml,14358,377
doc/src/sgml/ref/delete.sgml,.sgml,10829,312
doc/src/sgml/ref/discard.sgml,.sgml,2944,118
doc/src/sgml/ref/do.sgml,.sgml,3636,135
doc/src/sgml/ref/drop_access_method.sgml,.sgml,2532,111
doc/src/sgml/ref/drop_aggregate.sgml,.sgml,5041,184
doc/src/sgml/ref/drop_cast.sgml,.sgml,2567,117
doc/src/sgml/ref/drop_collation.sgml,.sgml,2749,114
doc/src/sgml/ref/drop_conversion.sgml,.sgml,2600,107
doc/src/sgml/ref/drop_database.sgml,.sgml,3537,128
doc/src/sgml/ref/drop_domain.sgml,.sgml,2609,114
doc/src/sgml/ref/drop_event_trigger.sgml,.sgml,2618,115
doc/src/sgml/ref/drop_extension.sgml,.sgml,3215,126
doc/src/sgml/ref/drop_foreign_data_wrapper.sgml,.sgml,2828,114
doc/src/sgml/ref/drop_foreign_table.sgml,.sgml,2794,115
doc/src/sgml/ref/drop_function.sgml,.sgml,5514,192
doc/src/sgml/ref/drop_group.sgml,.sgml,1096,53
doc/src/sgml/ref/drop_index.sgml,.sgml,3868,143
doc/src/sgml/ref/drop_language.sgml,.sgml,2959,125
doc/src/sgml/ref/drop_materialized_view.sgml,.sgml,2842,116
doc/src/sgml/ref/drop_opclass.sgml,.sgml,4010,149
doc/src/sgml/ref/drop_operator.sgml,.sgml,3552,146
doc/src/sgml/ref/drop_opfamily.sgml,.sgml,3649,138
doc/src/sgml/ref/drop_owned.sgml,.sgml,3411,126
doc/src/sgml/ref/drop_policy.sgml,.sgml,2886,119
doc/src/sgml/ref/drop_procedure.sgml,.sgml,7418,231
doc/src/sgml/ref/drop_publication.sgml,.sgml,2282,105
doc/src/sgml/ref/drop_role.sgml,.sgml,3329,124
doc/src/sgml/ref/drop_routine.sgml,.sgml,3999,123
doc/src/sgml/ref/drop_rule.sgml,.sgml,2713,123
doc/src/sgml/ref/drop_schema.sgml,.sgml,3073,131
doc/src/sgml/ref/drop_sequence.sgml,.sgml,2684,115
doc/src/sgml/ref/drop_server.sgml,.sgml,2602,114
doc/src/sgml/ref/drop_statistics.sgml,.sgml,2453,108
doc/src/sgml/ref/drop_subscription.sgml,.sgml,4280,146
doc/src/sgml/ref/drop_table.sgml,.sgml,3366,129
doc/src/sgml/ref/drop_tablespace.sgml,.sgml,2578,110
doc/src/sgml/ref/drop_transform.sgml,.sgml,3039,128
doc/src/sgml/ref/drop_trigger.sgml,.sgml,3096,127
doc/src/sgml/ref/drop_tsconfig.sgml,.sgml,2981,121
doc/src/sgml/ref/drop_tsdictionary.sgml,.sgml,2908,120
doc/src/sgml/ref/drop_tsparser.sgml,.sgml,2799,118
doc/src/sgml/ref/drop_tstemplate.sgml,.sgml,2843,119
doc/src/sgml/ref/drop_type.sgml,.sgml,2839,116
doc/src/sgml/ref/drop_user.sgml,.sgml,1205,55
doc/src/sgml/ref/drop_user_mapping.sgml,.sgml,2908,110
doc/src/sgml/ref/drop_view.sgml,.sgml,2617,114
doc/src/sgml/ref/dropdb.sgml,.sgml,9219,317
doc/src/sgml/ref/dropuser.sgml,.sgml,8604,295
doc/src/sgml/ref/ecpg-ref.sgml,.sgml,8497,280
doc/src/sgml/ref/end.sgml,.sgml,2702,112
doc/src/sgml/ref/execute.sgml,.sgml,3303,121
doc/src/sgml/ref/explain.sgml,.sgml,21567,585
doc/src/sgml/ref/fetch.sgml,.sgml,13750,418
doc/src/sgml/ref/grant.sgml,.sgml,23389,537
doc/src/sgml/ref/import_foreign_schema.sgml,.sgml,5226,166
doc/src/sgml/ref/initdb.sgml,.sgml,25547,668
doc/src/sgml/ref/insert.sgml,.sgml,32698,804
doc/src/sgml/ref/listen.sgml,.sgml,4906,154
doc/src/sgml/ref/load.sgml,.sgml,2358,81
doc/src/sgml/ref/lock.sgml,.sgml,10846,271
doc/src/sgml/ref/merge.sgml,.sgml,32048,781
doc/src/sgml/ref/move.sgml,.sgml,3151,124
doc/src/sgml/ref/notify.sgml,.sgml,9316,234
doc/src/sgml/ref/pg_amcheck.sgml,.sgml,24625,681
doc/src/sgml/ref/pg_basebackup.sgml,.sgml,45259,1080
doc/src/sgml/ref/pg_checksums.sgml,.sgml,8109,251
doc/src/sgml/ref/pg_combinebackup.sgml,.sgml,12009,319
doc/src/sgml/ref/pg_config-ref.sgml,.sgml,9738,332
doc/src/sgml/ref/pg_controldata.sgml,.sgml,2503,84
doc/src/sgml/ref/pg_createsubscriber.sgml,.sgml,20969,542
doc/src/sgml/ref/pg_ctl-ref.sgml,.sgml,25821,707
doc/src/sgml/ref/pg_dump.sgml,.sgml,74716,1824
doc/src/sgml/ref/pg_dumpall.sgml,.sgml,33066,898
doc/src/sgml/ref/pg_isready.sgml,.sgml,6995,217
doc/src/sgml/ref/pg_receivewal.sgml,.sgml,19896,539
doc/src/sgml/ref/pg_recvlogical.sgml,.sgml,16172,481
doc/src/sgml/ref/pg_resetwal.sgml,.sgml,17452,432
doc/src/sgml/ref/pg_restore.sgml,.sgml,44572,1186
doc/src/sgml/ref/pg_rewind.sgml,.sgml,17628,433
doc/src/sgml/ref/pg_verifybackup.sgml,.sgml,11663,305
doc/src/sgml/ref/pg_waldump.sgml,.sgml,13588,415
doc/src/sgml/ref/pg_walsummary.sgml,.sgml,4056,132
doc/src/sgml/ref/pgarchivecleanup.sgml,.sgml,7554,222
doc/src/sgml/ref/pgbench.sgml,.sgml,113273,2996
doc/src/sgml/ref/pgtestfsync.sgml,.sgml,3755,127
doc/src/sgml/ref/pgtesttiming.sgml,.sgml,10590,303
doc/src/sgml/ref/pgupgrade.sgml,.sgml,42906,1139
doc/src/sgml/ref/postgres-ref.sgml,.sgml,30017,822
doc/src/sgml/ref/prepare.sgml,.sgml,10301,258
doc/src/sgml/ref/prepare_transaction.sgml,.sgml,6452,181
doc/src/sgml/ref/psql-ref.sgml,.sgml,229831,5362
doc/src/sgml/ref/reassign_owned.sgml,.sgml,3548,123
doc/src/sgml/ref/refresh_materialized_view.sgml,.sgml,4613,150
doc/src/sgml/ref/reindex.sgml,.sgml,22163,576
doc/src/sgml/ref/reindexdb.sgml,.sgml,13953,452
doc/src/sgml/ref/release_savepoint.sgml,.sgml,4280,151
doc/src/sgml/ref/reset.sgml,.sgml,3004,113
doc/src/sgml/ref/revoke.sgml,.sgml,15030,343
doc/src/sgml/ref/rollback.sgml,.sgml,2689,112
doc/src/sgml/ref/rollback_prepared.sgml,.sgml,2667,107
doc/src/sgml/ref/rollback_to.sgml,.sgml,4498,159
doc/src/sgml/ref/savepoint.sgml,.sgml,4536,165
doc/src/sgml/ref/security_label.sgml,.sgml,9070,237
doc/src/sgml/ref/select.sgml,.sgml,100771,2213
doc/src/sgml/ref/select_into.sgml,.sgml,5957,156
doc/src/sgml/ref/set.sgml,.sgml,10861,332
doc/src/sgml/ref/set_constraints.sgml,.sgml,4794,125
doc/src/sgml/ref/set_role.sgml,.sgml,5771,159
doc/src/sgml/ref/set_session_auth.sgml,.sgml,4079,130
doc/src/sgml/ref/set_transaction.sgml,.sgml,11119,290
doc/src/sgml/ref/show.sgml,.sgml,4372,176
doc/src/sgml/ref/start_transaction.sgml,.sgml,3040,97
doc/src/sgml/ref/truncate.sgml,.sgml,7817,233
doc/src/sgml/ref/unlisten.sgml,.sgml,3027,133
doc/src/sgml/ref/update.sgml,.sgml,20588,516
doc/src/sgml/ref/vacuum.sgml,.sgml,22782,545
doc/src/sgml/ref/vacuumdb.sgml,.sgml,21865,662
doc/src/sgml/ref/values.sgml,.sgml,8630,251
doc/src/sgml/reference.sgml,.sgml,6247,298
doc/src/sgml/regress.sgml,.sgml,37810,959
doc/src/sgml/release-17.sgml,.sgml,552106,15069
doc/src/sgml/release.sgml,.sgml,4135,102
doc/src/sgml/replication-origins.sgml,.sgml,4600,96
doc/src/sgml/rowtypes.sgml,.sgml,21044,540
doc/src/sgml/rules.sgml,.sgml,93000,2444
doc/src/sgml/runtime.sgml,.sgml,114029,2751
doc/src/sgml/seg.sgml,.sgml,13764,415
doc/src/sgml/sepgsql.sgml,.sgml,31650,834
doc/src/sgml/sourcerepo.sgml,.sgml,2317,75
doc/src/sgml/sources.sgml,.sgml,38102,1029
doc/src/sgml/spgist.sgml,.sgml,53464,1076
doc/src/sgml/spi.sgml,.sgml,153211,5427
doc/src/sgml/sslinfo.sgml,.sgml,7437,263
doc/src/sgml/start.sgml,.sgml,15646,409
doc/src/sgml/storage.sgml,.sgml,46095,1153
doc/src/sgml/syntax.sgml,.sgml,105808,2800
doc/src/sgml/system-views.sgml,.sgml,167170,5028
doc/src/sgml/tableam.sgml,.sgml,4991,108
doc/src/sgml/tablefunc.sgml,.sgml,31672,865
doc/src/sgml/tablesample-method.sgml,.sgml,12420,300
doc/src/sgml/targets-meson.txt,.txt,2462,43
doc/src/sgml/tcn.sgml,.sgml,3099,77
doc/src/sgml/test-decoding.sgml,.sgml,2369,64
doc/src/sgml/textsearch.sgml,.sgml,150189,4039
doc/src/sgml/trigger.sgml,.sgml,41300,1041
doc/src/sgml/tsm-system-rows.sgml,.sgml,2181,70
doc/src/sgml/tsm-system-time.sgml,.sgml,2357,72
doc/src/sgml/typeconv.sgml,.sgml,43118,1262
doc/src/sgml/unaccent.sgml,.sgml,6995,218
doc/src/sgml/user-manag.sgml,.sgml,35110,797
doc/src/sgml/uuid-ossp.sgml,.sgml,8593,242
doc/src/sgml/vacuumlo.sgml,.sgml,7093,231
doc/src/sgml/wal-for-extensions.sgml,.sgml,1208,32
doc/src/sgml/wal.sgml,.sgml,47917,943
doc/src/sgml/xact.sgml,.sgml,8642,205
doc/src/sgml/xaggr.sgml,.sgml,28655,670
doc/src/sgml/xfunc.sgml,.sgml,145508,3877
doc/src/sgml/xindex.sgml,.sgml,53062,1449
doc/src/sgml/xml2.sgml,.sgml,16195,443
doc/src/sgml/xoper.sgml,.sgml,20719,442
doc/src/sgml/xplang.sgml,.sgml,9603,230
doc/src/sgml/xtypes.sgml,.sgml,14262,376
meson_options.txt,.txt,6484,217
src/backend/access/brin/brin.c,.c,91861,3004
src/backend/access/brin/brin_bloom.c,.c,27215,843
src/backend/access/brin/brin_inclusion.c,.c,22243,661
src/backend/access/brin/brin_minmax.c,.c,9490,314
src/backend/access/brin/brin_minmax_multi.c,.c,88400,3137
src/backend/access/brin/brin_pageops.c,.c,26297,927
src/backend/access/brin/brin_revmap.c,.c,18831,645
src/backend/access/brin/brin_tuple.c,.c,19177,720
src/backend/access/brin/brin_validate.c,.c,9379,281
src/backend/access/brin/brin_xlog.c,.c,8808,367
src/backend/access/common/attmap.c,.c,8997,329
src/backend/access/common/bufmask.c,.c,3263,130
src/backend/access/common/detoast.c,.c,17247,646
src/backend/access/common/heaptuple.c,.c,42106,1597
src/backend/access/common/indextuple.c,.c,16288,608
src/backend/access/common/printsimple.c,.c,3382,143
src/backend/access/common/printtup.c,.c,13221,488
src/backend/access/common/relation.c,.c,6222,216
src/backend/access/common/reloptions.c,.c,57225,2146
src/backend/access/common/scankey.c,.c,3552,117
src/backend/access/common/session.c,.c,6506,208
src/backend/access/common/syncscan.c,.c,9647,323
src/backend/access/common/tidstore.c,.c,15553,622
src/backend/access/common/toast_compression.c,.c,7759,316
src/backend/access/common/toast_internals.c,.c,19821,671
src/backend/access/common/tupconvert.c,.c,8390,308
src/backend/access/common/tupdesc.c,.c,25183,940
src/backend/access/gin/ginarrayproc.c,.c,7216,305
src/backend/access/gin/ginbtree.c,.c,23939,835
src/backend/access/gin/ginbulk.c,.c,7861,293
src/backend/access/gin/gindatapage.c,.c,54002,1947
src/backend/access/gin/ginentrypage.c,.c,20117,774
src/backend/access/gin/ginfast.c,.c,29246,1091
src/backend/access/gin/ginget.c,.c,55008,1969
src/backend/access/gin/gininsert.c,.c,14765,536
src/backend/access/gin/ginlogic.c,.c,7511,250
src/backend/access/gin/ginpostinglist.c,.c,11347,434
src/backend/access/gin/ginscan.c,.c,14283,516
src/backend/access/gin/ginutil.c,.c,18948,701
src/backend/access/gin/ginvacuum.c,.c,19765,822
src/backend/access/gin/ginvalidate.c,.c,10747,336
src/backend/access/gin/ginxlog.c,.c,21063,813
src/backend/access/gist/gist.c,.c,53982,1743
src/backend/access/gist/gistbuild.c,.c,49006,1579
src/backend/access/gist/gistbuildbuffers.c,.c,21275,763
src/backend/access/gist/gistget.c,.c,21789,801
src/backend/access/gist/gistproc.c,.c,47985,1761
src/backend/access/gist/gistscan.c,.c,10745,358
src/backend/access/gist/gistsplit.c,.c,24284,779
src/backend/access/gist/gistutil.c,.c,27049,1057
src/backend/access/gist/gistvacuum.c,.c,21458,674
src/backend/access/gist/gistvalidate.c,.c,11137,354
src/backend/access/gist/gistxlog.c,.c,18422,695
src/backend/access/hash/hash.c,.c,25786,927
src/backend/access/hash/hash_xlog.c,.c,30404,1158
src/backend/access/hash/hashfunc.c,.c,10212,413
src/backend/access/hash/hashinsert.c,.c,13371,465
src/backend/access/hash/hashovfl.c,.c,32690,1125
src/backend/access/hash/hashpage.c,.c,48572,1617
src/backend/access/hash/hashsearch.c,.c,20574,715
src/backend/access/hash/hashsort.c,.c,4424,157
src/backend/access/hash/hashutil.c,.c,17336,621
src/backend/access/hash/hashvalidate.c,.c,13767,439
src/backend/access/heap/heapam.c,.c,339087,10690
src/backend/access/heap/heapam_handler.c,.c,77868,2662
src/backend/access/heap/heapam_visibility.c,.c,54431,1788
src/backend/access/heap/heaptoast.c,.c,23564,793
src/backend/access/heap/hio.c,.c,29899,885
src/backend/access/heap/pruneheap.c,.c,69952,2172
src/backend/access/heap/rewriteheap.c,.c,40239,1253
src/backend/access/heap/vacuumlazy.c,.c,107426,3197
src/backend/access/heap/visibilitymap.c,.c,22722,649
src/backend/access/index/amapi.c,.c,3665,143
src/backend/access/index/amvalidate.c,.c,7992,276
src/backend/access/index/genam.c,.c,27390,903
src/backend/access/index/indexam.c,.c,29999,1039
src/backend/access/nbtree/nbtcompare.c,.c,7341,331
src/backend/access/nbtree/nbtdedup.c,.c,38048,1105
src/backend/access/nbtree/nbtinsert.c,.c,106313,3017
src/backend/access/nbtree/nbtpage.c,.c,103587,3114
src/backend/access/nbtree/nbtree.c,.c,44892,1460
src/backend/access/nbtree/nbtsearch.c,.c,84184,2685
src/backend/access/nbtree/nbtsort.c,.c,62594,1963
src/backend/access/nbtree/nbtsplitloc.c,.c,43081,1184
src/backend/access/nbtree/nbtutils.c,.c,179068,5183
src/backend/access/nbtree/nbtvalidate.c,.c,12286,380
src/backend/access/nbtree/nbtxlog.c,.c,33299,1127
src/backend/access/rmgrdesc/brindesc.c,.c,2644,107
src/backend/access/rmgrdesc/clogdesc.c,.c,1248,59
src/backend/access/rmgrdesc/committsdesc.c,.c,1238,54
src/backend/access/rmgrdesc/dbasedesc.c,.c,1786,75
src/backend/access/rmgrdesc/genericdesc.c,.c,1319,55
src/backend/access/rmgrdesc/gindesc.c,.c,5827,216
src/backend/access/rmgrdesc/gistdesc.c,.c,2959,117
src/backend/access/rmgrdesc/hashdesc.c,.c,4487,173
src/backend/access/rmgrdesc/heapdesc.c,.c,12070,466
src/backend/access/rmgrdesc/logicalmsgdesc.c,.c,1397,52
src/backend/access/rmgrdesc/mxactdesc.c,.c,2599,105
src/backend/access/rmgrdesc/nbtdesc.c,.c,7156,254
src/backend/access/rmgrdesc/relmapdesc.c,.c,1047,47
src/backend/access/rmgrdesc/replorigindesc.c,.c,1274,62
src/backend/access/rmgrdesc/rmgrdesc_utils.c,.c,1418,61
src/backend/access/rmgrdesc/seqdesc.c,.c,1015,46
src/backend/access/rmgrdesc/smgrdesc.c,.c,1364,61
src/backend/access/rmgrdesc/spgdesc.c,.c,4391,165
src/backend/access/rmgrdesc/standbydesc.c,.c,3769,142
src/backend/access/rmgrdesc/tblspcdesc.c,.c,1213,56
src/backend/access/rmgrdesc/xactdesc.c,.c,13653,516
src/backend/access/rmgrdesc/xlogdesc.c,.c,9190,353
src/backend/access/sequence/sequence.c,.c,1949,78
src/backend/access/spgist/spgdoinsert.c,.c,71362,2357
src/backend/access/spgist/spginsert.c,.c,5991,219
src/backend/access/spgist/spgkdtreeproc.c,.c,8593,349
src/backend/access/spgist/spgproc.c,.c,2137,88
src/backend/access/spgist/spgquadtreeproc.c,.c,11834,471
src/backend/access/spgist/spgscan.c,.c,28892,1095
src/backend/access/spgist/spgtextproc.c,.c,20188,701
src/backend/access/spgist/spgutils.c,.c,38302,1360
src/backend/access/spgist/spgvacuum.c,.c,28362,985
src/backend/access/spgist/spgvalidate.c,.c,12303,392
src/backend/access/spgist/spgxlog.c,.c,26762,1009
src/backend/access/table/table.c,.c,3440,148
src/backend/access/table/tableam.c,.c,25139,761
src/backend/access/table/tableamapi.c,.c,4581,152
src/backend/access/table/toast_helper.c,.c,9077,337
src/backend/access/tablesample/bernoulli.c,.c,6602,229
src/backend/access/tablesample/system.c,.c,7317,256
src/backend/access/tablesample/tablesample.c,.c,1024,40
src/backend/access/transam/clog.c,.c,38305,1152
src/backend/access/transam/commit_ts.c,.c,31118,1073
src/backend/access/transam/generic_xlog.c,.c,15733,544
src/backend/access/transam/multixact.c,.c,124414,3788
src/backend/access/transam/parallel.c,.c,54127,1659
src/backend/access/transam/rmgr.c,.c,4930,170
src/backend/access/transam/slru.c,.c,58668,1850
src/backend/access/transam/subtrans.c,.c,13039,447
src/backend/access/transam/timeline.c,.c,15153,592
src/backend/access/transam/transam.c,.c,11226,405
src/backend/access/transam/twophase.c,.c,78136,2675
src/backend/access/transam/twophase_rmgr.c,.c,1654,58
src/backend/access/transam/varsup.c,.c,25566,705
src/backend/access/transam/xact.c,.c,187259,6394
src/backend/access/transam/xlog.c,.c,313955,9590
src/backend/access/transam/xlogarchive.c,.c,22720,725
src/backend/access/transam/xlogbackup.c,.c,3165,94
src/backend/access/transam/xlogfuncs.c,.c,19971,749
src/backend/access/transam/xloginsert.c,.c,39481,1392
src/backend/access/transam/xlogprefetcher.c,.c,32543,1103
src/backend/access/transam/xlogreader.c,.c,62307,2189
src/backend/access/transam/xlogrecovery.c,.c,155183,5080
src/backend/access/transam/xlogstats.c,.c,2458,96
src/backend/access/transam/xlogutils.c,.c,32749,1043
src/backend/archive/shell_archive.c,.c,3822,142
src/backend/backup/backup_manifest.c,.c,11769,396
src/backend/backup/basebackup.c,.c,64082,2131
src/backend/backup/basebackup_copy.c,.c,12623,422
src/backend/backup/basebackup_gzip.c,.c,9096,304
src/backend/backup/basebackup_incremental.c,.c,35810,1060
src/backend/backup/basebackup_lz4.c,.c,8700,296
src/backend/backup/basebackup_progress.c,.c,7574,242
src/backend/backup/basebackup_server.c,.c,8599,309
src/backend/backup/basebackup_sink.c,.c,3041,125
src/backend/backup/basebackup_target.c,.c,6775,241
src/backend/backup/basebackup_throttle.c,.c,5439,199
src/backend/backup/basebackup_zstd.c,.c,9358,325
src/backend/backup/walsummary.c,.c,9186,353
src/backend/backup/walsummaryfuncs.c,.c,5383,208
src/backend/bootstrap/bootparse.y,.y,11535,489
src/backend/bootstrap/bootscanner.l,.l,3446,133
src/backend/bootstrap/bootstrap.c,.c,25605,967
src/backend/catalog/aclchk.c,.c,143231,5049
src/backend/catalog/catalog.c,.c,22770,710
src/backend/catalog/dependency.c,.c,87810,2823
src/backend/catalog/heap.c,.c,113291,3623
src/backend/catalog/index.c,.c,139620,4236
src/backend/catalog/indexing.c,.c,10950,368
src/backend/catalog/information_schema.sql,.sql,115523,3046
src/backend/catalog/namespace.c,.c,141657,5090
src/backend/catalog/objectaccess.c,.c,6448,273
src/backend/catalog/objectaddress.c,.c,155953,6122
src/backend/catalog/partition.c,.c,10838,392
src/backend/catalog/pg_aggregate.c,.c,30541,914
src/backend/catalog/pg_attrdef.c,.c,11990,416
src/backend/catalog/pg_cast.c,.c,4433,138
src/backend/catalog/pg_class.c,.c,1772,52
src/backend/catalog/pg_collation.c,.c,7237,236
src/backend/catalog/pg_constraint.c,.c,40969,1403
src/backend/catalog/pg_conversion.c,.c,4946,177
src/backend/catalog/pg_db_role_setting.c,.c,7145,261
src/backend/catalog/pg_depend.c,.c,32089,1164
src/backend/catalog/pg_enum.c,.c,25814,906
src/backend/catalog/pg_inherits.c,.c,19784,656
src/backend/catalog/pg_largeobject.c,.c,4623,184
src/backend/catalog/pg_namespace.c,.c,3473,120
src/backend/catalog/pg_operator.c,.c,28585,945
src/backend/catalog/pg_parameter_acl.c,.c,3092,110
src/backend/catalog/pg_proc.c,.c,36308,1196
src/backend/catalog/pg_publication.c,.c,34602,1256
src/backend/catalog/pg_range.c,.c,3880,138
src/backend/catalog/pg_shdepend.c,.c,50531,1759
src/backend/catalog/pg_subscription.c,.c,14919,578
src/backend/catalog/pg_type.c,.c,32413,982
src/backend/catalog/sql_feature_packages.txt,.txt,360,36
src/backend/catalog/sql_features.txt,.txt,35733,755
src/backend/catalog/storage.c,.c,31987,1079
src/backend/catalog/system_functions.sql,.sql,24303,788
src/backend/catalog/system_views.sql,.sql,51694,1377
src/backend/catalog/toasting.c,.c,12906,427
src/backend/commands/aggregatecmds.c,.c,16126,493
src/backend/commands/alter.c,.c,30409,1054
src/backend/commands/amcmds.c,.c,6798,269
src/backend/commands/analyze.c,.c,92480,3044
src/backend/commands/async.c,.c,78951,2530
src/backend/commands/cluster.c,.c,56733,1747
src/backend/commands/collationcmds.c,.c,29139,1058
src/backend/commands/comment.c,.c,12700,459
src/backend/commands/constraint.c,.c,6734,206
src/backend/commands/conversioncmds.c,.c,4560,134
src/backend/commands/copy.c,.c,32520,1008
src/backend/commands/copyfrom.c,.c,56959,1842
src/backend/commands/copyfromparse.c,.c,57991,2032
src/backend/commands/copyto.c,.c,34678,1286
src/backend/commands/createas.c,.c,18634,630
src/backend/commands/dbcommands.c,.c,106823,3432
src/backend/commands/define.c,.c,9230,390
src/backend/commands/discard.c,.c,1846,78
src/backend/commands/dropcmds.c,.c,16372,524
src/backend/commands/event_trigger.c,.c,68160,2412
src/backend/commands/explain.c,.c,161703,5592
src/backend/commands/extension.c,.c,105733,3684
src/backend/commands/foreigncmds.c,.c,44196,1633
src/backend/commands/functioncmds.c,.c,71863,2409
src/backend/commands/indexcmds.c,.c,140477,4487
src/backend/commands/lockcmds.c,.c,8323,299
src/backend/commands/matview.c,.c,31695,968
src/backend/commands/opclasscmds.c,.c,56954,1842
src/backend/commands/operatorcmds.c,.c,22098,734
src/backend/commands/policy.c,.c,35936,1279
src/backend/commands/portalcmds.c,.c,13659,496
src/backend/commands/prepare.c,.c,20895,759
src/backend/commands/proclang.c,.c,6959,237
src/backend/commands/publicationcmds.c,.c,57594,2005
src/backend/commands/schemacmds.c,.c,13105,442
src/backend/commands/seclabel.c,.c,16407,581
src/backend/commands/sequence.c,.c,55103,1907
src/backend/commands/statscmds.c,.c,28341,938
src/backend/commands/subscriptioncmds.c,.c,75804,2446
src/backend/commands/tablecmds.c,.c,645479,20324
src/backend/commands/tablespace.c,.c,46466,1569
src/backend/commands/trigger.c,.c,210367,6721
src/backend/commands/tsearchcmds.c,.c,47153,1870
src/backend/commands/typecmds.c,.c,147567,4714
src/backend/commands/user.c,.c,79707,2581
src/backend/commands/vacuum.c,.c,83431,2596
src/backend/commands/vacuumparallel.c,.c,35432,1128
src/backend/commands/variable.c,.c,30099,1259
src/backend/commands/view.c,.c,15788,517
src/backend/executor/execAmi.c,.c,16730,653
src/backend/executor/execAsync.c,.c,4114,154
src/backend/executor/execCurrent.c,.c,13196,426
src/backend/executor/execExpr.c,.c,137953,4560
src/backend/executor/execExprInterp.c,.c,150239,5388
src/backend/executor/execGrouping.c,.c,17658,564
src/backend/executor/execIndexing.c,.c,35844,1099
src/backend/executor/execJunk.c,.c,7916,304
src/backend/executor/execMain.c,.c,93323,3080
src/backend/executor/execParallel.c,.c,47599,1503
src/backend/executor/execPartition.c,.c,79979,2423
src/backend/executor/execProcnode.c,.c,26895,982
src/backend/executor/execReplication.c,.c,21169,752
src/backend/executor/execSRF.c,.c,28779,980
src/backend/executor/execScan.c,.c,9682,353
src/backend/executor/execTuples.c,.c,65952,2426
src/backend/executor/execUtils.c,.c,39027,1405
src/backend/executor/functions.c,.c,63488,2126
src/backend/executor/instrument.c,.c,8947,291
src/backend/executor/nodeAgg.c,.c,149846,4755
src/backend/executor/nodeAppend.c,.c,34434,1205
src/backend/executor/nodeBitmapAnd.c,.c,5583,223
src/backend/executor/nodeBitmapHeapscan.c,.c,25228,903
src/backend/executor/nodeBitmapIndexscan.c,.c,9381,321
src/backend/executor/nodeBitmapOr.c,.c,6021,241
src/backend/executor/nodeCtescan.c,.c,9806,339
src/backend/executor/nodeCustom.c,.c,6025,227
src/backend/executor/nodeForeignscan.c,.c,14811,495
src/backend/executor/nodeFunctionscan.c,.c,16944,613
src/backend/executor/nodeGather.c,.c,14035,469
src/backend/executor/nodeGatherMerge.c,.c,22483,781
src/backend/executor/nodeGroup.c,.c,6097,249
src/backend/executor/nodeHash.c,.c,111916,3613
src/backend/executor/nodeHashjoin.c,.c,52678,1663
src/backend/executor/nodeIncrementalSort.c,.c,42797,1246
src/backend/executor/nodeIndexonlyscan.c,.c,26056,799
src/backend/executor/nodeIndexscan.c,.c,51706,1731
src/backend/executor/nodeLimit.c,.c,14086,558
src/backend/executor/nodeLockRows.c,.c,10712,404
src/backend/executor/nodeMaterial.c,.c,9897,363
src/backend/executor/nodeMemoize.c,.c,37247,1262
src/backend/executor/nodeMergeAppend.c,.c,10599,377
src/backend/executor/nodeMergejoin.c,.c,50072,1678
src/backend/executor/nodeModifyTable.c,.c,162207,5000
src/backend/executor/nodeNamedtuplestorescan.c,.c,5068,178
src/backend/executor/nodeNestloop.c,.c,10737,400
src/backend/executor/nodeProjectSet.c,.c,9708,350
src/backend/executor/nodeRecursiveunion.c,.c,9243,331
src/backend/executor/nodeResult.c,.c,6654,262
src/backend/executor/nodeSamplescan.c,.c,9367,363
src/backend/executor/nodeSeqscan.c,.c,8235,302
src/backend/executor/nodeSetOp.c,.c,17692,649
src/backend/executor/nodeSort.c,.c,13119,489
src/backend/executor/nodeSubplan.c,.c,40455,1312
src/backend/executor/nodeSubqueryscan.c,.c,5732,201
src/backend/executor/nodeTableFuncscan.c,.c,14395,524
src/backend/executor/nodeTidrangescan.c,.c,11011,415
src/backend/executor/nodeTidscan.c,.c,14600,559
src/backend/executor/nodeUnique.c,.c,5115,188
src/backend/executor/nodeValuesscan.c,.c,9547,336
src/backend/executor/nodeWindowAgg.c,.c,117627,3654
src/backend/executor/nodeWorktablescan.c,.c,5978,201
src/backend/executor/spi.c,.c,87527,3404
src/backend/executor/tqueue.c,.c,5220,210
src/backend/executor/tstoreReceiver.c,.c,7754,283
src/backend/foreign/foreign.c,.c,21217,826
src/backend/jit/jit.c,.c,5144,190
src/backend/jit/llvm/llvmjit.c,.c,38955,1394
src/backend/jit/llvm/llvmjit_deform.c,.c,22252,777
src/backend/jit/llvm/llvmjit_expr.c,.c,80983,2817
src/backend/jit/llvm/llvmjit_types.c,.c,5225,185
src/backend/lib/bipartite_match.c,.c,4236,180
src/backend/lib/bloomfilter.c,.c,9533,294
src/backend/lib/dshash.c,.c,32264,1090
src/backend/lib/hyperloglog.c,.c,7095,255
src/backend/lib/ilist.c,.c,2907,129
src/backend/lib/integerset.c,.c,29830,1042
src/backend/lib/knapsack.c,.c,3098,106
src/backend/lib/pairingheap.c,.c,7888,333
src/backend/lib/rbtree.c,.c,19914,832
src/backend/libpq/auth-sasl.c,.c,5697,202
src/backend/libpq/auth-scram.c,.c,45764,1492
src/backend/libpq/auth.c,.c,89436,3261
src/backend/libpq/be-fsstubs.c,.c,21056,868
src/backend/libpq/be-gssapi-common.c,.c,3870,147
src/backend/libpq/be-secure-common.c,.c,4726,177
src/backend/libpq/be-secure-gssapi.c,.c,23440,785
src/backend/libpq/be-secure-openssl.c,.c,46442,1768
src/backend/libpq/be-secure.c,.c,8784,386
src/backend/libpq/crypt.c,.c,7726,289
src/backend/libpq/hba.c,.c,86022,3064
src/backend/libpq/ifaddr.c,.c,10836,455
src/backend/libpq/pqcomm.c,.c,54127,2084
src/backend/libpq/pqformat.c,.c,17995,641
src/backend/libpq/pqmq.c,.c,8695,330
src/backend/libpq/pqsignal.c,.c,2426,99
src/backend/main/main.c,.c,16104,454
src/backend/nodes/bitmapset.c,.c,30955,1447
src/backend/nodes/copyfuncs.c,.c,4956,212
src/backend/nodes/equalfuncs.c,.c,6071,264
src/backend/nodes/extensible.c,.c,3684,143
src/backend/nodes/list.c,.c,41464,1709
src/backend/nodes/makefuncs.c,.c,22849,1007
src/backend/nodes/multibitmapset.c,.c,4457,162
src/backend/nodes/nodeFuncs.c,.c,128202,4791
src/backend/nodes/outfuncs.c,.c,21254,816
src/backend/nodes/params.c,.c,11472,422
src/backend/nodes/print.c,.c,9940,506
src/backend/nodes/queryjumblefuncs.c,.c,9459,354
src/backend/nodes/read.c,.c,13940,511
src/backend/nodes/readfuncs.c,.c,19049,686
src/backend/nodes/tidbitmap.c,.c,44284,1558
src/backend/nodes/value.c,.c,1182,83
src/backend/optimizer/geqo/geqo_copy.c,.c,1646,54
src/backend/optimizer/geqo/geqo_cx.c,.c,2911,125
src/backend/optimizer/geqo/geqo_erx.c,.c,11317,470
src/backend/optimizer/geqo/geqo_eval.c,.c,10785,338
src/backend/optimizer/geqo/geqo_main.c,.c,9317,358
src/backend/optimizer/geqo/geqo_misc.c,.c,2768,132
src/backend/optimizer/geqo/geqo_mutation.c,.c,1837,68
src/backend/optimizer/geqo/geqo_ox1.c,.c,2421,96
src/backend/optimizer/geqo/geqo_ox2.c,.c,2841,113
src/backend/optimizer/geqo/geqo_pmx.c,.c,4386,220
src/backend/optimizer/geqo/geqo_pool.c,.c,6046,265
src/backend/optimizer/geqo/geqo_px.c,.c,2746,109
src/backend/optimizer/geqo/geqo_random.c,.c,1130,45
src/backend/optimizer/geqo/geqo_recombination.c,.c,2383,92
src/backend/optimizer/geqo/geqo_selection.c,.c,3395,111
src/backend/optimizer/path/allpaths.c,.c,141799,4362
src/backend/optimizer/path/clausesel.c,.c,28574,973
src/backend/optimizer/path/costsize.c,.c,215472,6518
src/backend/optimizer/path/equivclass.c,.c,110057,3377
src/backend/optimizer/path/indxpath.c,.c,121889,3775
src/backend/optimizer/path/joinpath.c,.c,79569,2433
src/backend/optimizer/path/joinrels.c,.c,66151,1971
src/backend/optimizer/path/pathkeys.c,.c,69910,2267
src/backend/optimizer/path/tidpath.c,.c,15629,556
src/backend/optimizer/plan/analyzejoins.c,.c,49089,1424
src/backend/optimizer/plan/createplan.c,.c,223753,7319
src/backend/optimizer/plan/initsplan.c,.c,117077,3473
src/backend/optimizer/plan/planagg.c,.c,16845,512
src/backend/optimizer/plan/planmain.c,.c,10105,288
src/backend/optimizer/plan/planner.c,.c,265057,8249
src/backend/optimizer/plan/setrefs.c,.c,115291,3653
src/backend/optimizer/plan/subselect.c,.c,97315,3057
src/backend/optimizer/prep/prepagg.c,.c,22781,696
src/backend/optimizer/prep/prepjointree.c,.c,143696,4290
src/backend/optimizer/prep/prepqual.c,.c,19108,676
src/backend/optimizer/prep/preptlist.c,.c,16944,538
src/backend/optimizer/prep/prepunion.c,.c,51799,1706
src/backend/optimizer/util/appendinfo.c,.c,33243,1042
src/backend/optimizer/util/clauses.c,.c,170110,5440
src/backend/optimizer/util/inherit.c,.c,32095,968
src/backend/optimizer/util/joininfo.c,.c,5334,183
src/backend/optimizer/util/orclauses.c,.c,12139,345
src/backend/optimizer/util/paramassign.c,.c,21864,671
src/backend/optimizer/util/pathnode.c,.c,147440,4584
src/backend/optimizer/util/placeholder.c,.c,16951,520
src/backend/optimizer/util/plancat.c,.c,80489,2651
src/backend/optimizer/util/predtest.c,.c,71308,2361
src/backend/optimizer/util/relnode.c,.c,80667,2445
src/backend/optimizer/util/restrictinfo.c,.c,22889,687
src/backend/optimizer/util/tlist.c,.c,35654,1258
src/backend/optimizer/util/var.c,.c,34185,1114
src/backend/parser/analyze.c,.c,111339,3599
src/backend/parser/gram.y,.y,501908,19520
src/backend/parser/gramparse.h,.h,2256,75
src/backend/parser/parse_agg.c,.c,65549,2247
src/backend/parser/parse_clause.c,.c,120589,3822
src/backend/parser/parse_coerce.c,.c,110527,3404
src/backend/parser/parse_collate.c,.c,34982,1058
src/backend/parser/parse_cte.c,.c,39825,1270
src/backend/parser/parse_enr.c,.c,811,29
src/backend/parser/parse_expr.c,.c,142406,4941
src/backend/parser/parse_func.c,.c,86389,2682
src/backend/parser/parse_jsontable.c,.c,15649,543
src/backend/parser/parse_merge.c,.c,13720,432
src/backend/parser/parse_node.c,.c,14755,480
src/backend/parser/parse_oper.c,.c,29814,1053
src/backend/parser/parse_param.c,.c,10923,359
src/backend/parser/parse_relation.c,.c,116017,3918
src/backend/parser/parse_target.c,.c,58780,2033
src/backend/parser/parse_type.c,.c,22062,821
src/backend/parser/parse_utilcmd.c,.c,133761,4368
src/backend/parser/parser.c,.c,13839,527
src/backend/parser/scan.l,.l,43015,1495
src/backend/parser/scansup.c,.c,3553,128
src/backend/partitioning/partbounds.c,.c,150356,4979
src/backend/partitioning/partdesc.c,.c,16764,508
src/backend/partitioning/partprune.c,.c,118510,3792
src/backend/port/atomics.c,.c,5811,239
src/backend/port/posix_sema.c,.c,9645,388
src/backend/port/sysv_sema.c,.c,15783,539
src/backend/port/sysv_shmem.c,.c,32034,991
src/backend/port/win32/crashdump.c,.c,6046,181
src/backend/port/win32/signal.c,.c,10107,388
src/backend/port/win32/socket.c,.c,15902,706
src/backend/port/win32/timer.c,.c,3134,121
src/backend/port/win32_sema.c,.c,5303,235
src/backend/port/win32_shmem.c,.c,19947,650
src/backend/postmaster/autovacuum.c,.c,104898,3387
src/backend/postmaster/auxprocess.c,.c,2781,106
src/backend/postmaster/bgworker.c,.c,39141,1322
src/backend/postmaster/bgwriter.c,.c,11498,342
src/backend/postmaster/checkpointer.c,.c,42155,1352
src/backend/postmaster/fork_process.c,.c,3702,128
src/backend/postmaster/interrupt.c,.c,3105,108
src/backend/postmaster/launch_backend.c,.c,30466,1055
src/backend/postmaster/pgarch.c,.c,27977,957
src/backend/postmaster/postmaster.c,.c,138444,4740
src/backend/postmaster/startup.c,.c,9423,378
src/backend/postmaster/syslogger.c,.c,44205,1598
src/backend/postmaster/walsummarizer.c,.c,54754,1733
src/backend/postmaster/walwriter.c,.c,8916,273
src/backend/regex/regc_color.c,.c,28853,1199
src/backend/regex/regc_cvec.c,.c,4186,141
src/backend/regex/regc_lex.c,.c,22568,1045
src/backend/regex/regc_locale.c,.c,15529,767
src/backend/regex/regc_nfa.c,.c,102434,3900
src/backend/regex/regc_pg_locale.c,.c,28695,922
src/backend/regex/regcomp.c,.c,72743,2652
src/backend/regex/rege_dfa.c,.c,28102,1111
src/backend/regex/regerror.c,.c,3671,120
src/backend/regex/regexec.c,.c,40217,1516
src/backend/regex/regexport.c,.c,7842,293
src/backend/regex/regfree.c,.c,2123,54
src/backend/regex/regprefix.c,.c,7386,268
src/backend/replication/libpqwalreceiver/libpqwalreceiver.c,.c,37312,1369
src/backend/replication/logical/applyparallelworker.c,.c,51254,1655
src/backend/replication/logical/decode.c,.c,40564,1325
src/backend/replication/logical/launcher.c,.c,37002,1397
src/backend/replication/logical/logical.c,.c,71287,2225
src/backend/replication/logical/logicalfuncs.c,.c,10097,386
src/backend/replication/logical/message.c,.c,2834,95
src/backend/replication/logical/origin.c,.c,43396,1584
src/backend/replication/logical/proto.c,.c,30814,1271
src/backend/replication/logical/relation.c,.c,25918,908
src/backend/replication/logical/reorderbuffer.c,.c,161450,5492
src/backend/replication/logical/slotsync.c,.c,56847,1856
src/backend/replication/logical/snapbuild.c,.c,71088,2223
src/backend/replication/logical/tablesync.c,.c,53919,1814
src/backend/replication/logical/worker.c,.c,152428,5170
src/backend/replication/pgoutput/pgoutput.c,.c,73063,2441
src/backend/replication/repl_gram.y,.y,10003,444
src/backend/replication/repl_scanner.l,.l,6903,318
src/backend/replication/slot.c,.c,81833,2804
src/backend/replication/slotfuncs.c,.c,27347,933
src/backend/replication/syncrep.c,.c,34779,1138
src/backend/replication/syncrep_gram.y,.y,2760,112
src/backend/replication/syncrep_scanner.l,.l,3514,173
src/backend/replication/walreceiver.c,.c,46231,1530
src/backend/replication/walreceiverfuncs.c,.c,10145,407
src/backend/replication/walsender.c,.c,127638,4335
src/backend/rewrite/rewriteDefine.c,.c,26684,872
src/backend/rewrite/rewriteHandler.c,.c,148957,4645
src/backend/rewrite/rewriteManip.c,.c,52728,1793
src/backend/rewrite/rewriteRemove.c,.c,2514,94
src/backend/rewrite/rewriteSearchCycle.c,.c,21055,681
src/backend/rewrite/rewriteSupport.c,.c,3107,116
src/backend/rewrite/rowsecurity.c,.c,30410,932
src/backend/snowball/dict_snowball.c,.c,10709,347
src/backend/snowball/libstemmer/api.c,.c,1170,56
src/backend/snowball/libstemmer/stem_ISO_8859_1_basque.c,.c,43318,1182
src/backend/snowball/libstemmer/stem_ISO_8859_1_catalan.c,.c,53398,1446
src/backend/snowball/libstemmer/stem_ISO_8859_1_danish.c,.c,9203,314
src/backend/snowball/libstemmer/stem_ISO_8859_1_dutch.c,.c,17331,603
src/backend/snowball/libstemmer/stem_ISO_8859_1_english.c,.c,32185,1062
src/backend/snowball/libstemmer/stem_ISO_8859_1_finnish.c,.c,20849,718
src/backend/snowball/libstemmer/stem_ISO_8859_1_french.c,.c,41865,1252
src/backend/snowball/libstemmer/stem_ISO_8859_1_german.c,.c,14356,490
src/backend/snowball/libstemmer/stem_ISO_8859_1_indonesian.c,.c,11228,407
src/backend/snowball/libstemmer/stem_ISO_8859_1_irish.c,.c,14090,470
src/backend/snowball/libstemmer/stem_ISO_8859_1_italian.c,.c,33579,1022
src/backend/snowball/libstemmer/stem_ISO_8859_1_norwegian.c,.c,7984,272
src/backend/snowball/libstemmer/stem_ISO_8859_1_porter.c,.c,20825,717
src/backend/snowball/libstemmer/stem_ISO_8859_1_portuguese.c,.c,31820,961
src/backend/snowball/libstemmer/stem_ISO_8859_1_spanish.c,.c,34156,1041
src/backend/snowball/libstemmer/stem_ISO_8859_1_swedish.c,.c,8678,288
src/backend/snowball/libstemmer/stem_ISO_8859_2_hungarian.c,.c,25478,862
src/backend/snowball/libstemmer/stem_ISO_8859_2_romanian.c,.c,31649,965
src/backend/snowball/libstemmer/stem_KOI8_R_russian.c,.c,20803,682
src/backend/snowball/libstemmer/stem_UTF_8_arabic.c,.c,55635,1664
src/backend/snowball/libstemmer/stem_UTF_8_armenian.c,.c,23369,559
src/backend/snowball/libstemmer/stem_UTF_8_basque.c,.c,43419,1184
src/backend/snowball/libstemmer/stem_UTF_8_catalan.c,.c,54680,1449
src/backend/snowball/libstemmer/stem_UTF_8_danish.c,.c,9329,318
src/backend/snowball/libstemmer/stem_UTF_8_dutch.c,.c,17786,613
src/backend/snowball/libstemmer/stem_UTF_8_english.c,.c,32707,1074
src/backend/snowball/libstemmer/stem_UTF_8_finnish.c,.c,21233,722
src/backend/snowball/libstemmer/stem_UTF_8_french.c,.c,42399,1262
src/backend/snowball/libstemmer/stem_UTF_8_german.c,.c,14789,500
src/backend/snowball/libstemmer/stem_UTF_8_greek.c,.c,147829,3673
src/backend/snowball/libstemmer/stem_UTF_8_hindi.c,.c,16817,322
src/backend/snowball/libstemmer/stem_UTF_8_hungarian.c,.c,26210,868
src/backend/snowball/libstemmer/stem_UTF_8_indonesian.c,.c,11208,407
src/backend/snowball/libstemmer/stem_UTF_8_irish.c,.c,14198,470
src/backend/snowball/libstemmer/stem_UTF_8_italian.c,.c,34041,1030
src/backend/snowball/libstemmer/stem_UTF_8_lithuanian.c,.c,29670,837
src/backend/snowball/libstemmer/stem_UTF_8_nepali.c,.c,18478,421
src/backend/snowball/libstemmer/stem_UTF_8_norwegian.c,.c,8098,276
src/backend/snowball/libstemmer/stem_UTF_8_porter.c,.c,21086,723
src/backend/snowball/libstemmer/stem_UTF_8_portuguese.c,.c,32375,967
src/backend/snowball/libstemmer/stem_UTF_8_romanian.c,.c,32642,971
src/backend/snowball/libstemmer/stem_UTF_8_russian.c,.c,22112,678
src/backend/snowball/libstemmer/stem_UTF_8_serbian.c,.c,269995,6543
src/backend/snowball/libstemmer/stem_UTF_8_spanish.c,.c,34708,1045
src/backend/snowball/libstemmer/stem_UTF_8_swedish.c,.c,8818,292
src/backend/snowball/libstemmer/stem_UTF_8_tamil.c,.c,66674,1878
src/backend/snowball/libstemmer/stem_UTF_8_turkish.c,.c,64730,2096
src/backend/snowball/libstemmer/stem_UTF_8_yiddish.c,.c,49130,1233
src/backend/snowball/libstemmer/utilities.c,.c,13810,508
src/backend/statistics/dependencies.c,.c,52771,1829
src/backend/statistics/extended_stats.c,.c,74984,2637
src/backend/statistics/mcv.c,.c,65868,2175
src/backend/statistics/mvdistinct.c,.c,18075,699
src/backend/storage/aio/read_stream.c,.c,27871,827
src/backend/storage/buffer/buf_init.c,.c,5428,186
src/backend/storage/buffer/buf_table.c,.c,4059,161
src/backend/storage/buffer/bufmgr.c,.c,182946,6181
src/backend/storage/buffer/freelist.c,.c,23670,816
src/backend/storage/buffer/localbuf.c,.c,22404,838
src/backend/storage/file/buffile.c,.c,27681,1021
src/backend/storage/file/copydir.c,.c,5688,216
src/backend/storage/file/fd.c,.c,108251,4051
src/backend/storage/file/fileset.c,.c,5278,203
src/backend/storage/file/reinit.c,.c,12753,453
src/backend/storage/file/sharedfileset.c,.c,3189,114
src/backend/storage/freespace/freespace.c,.c,28092,950
src/backend/storage/freespace/fsmpage.c,.c,10509,374
src/backend/storage/freespace/indexfsm.c,.c,1727,74
src/backend/storage/ipc/barrier.c,.c,10901,333
src/backend/storage/ipc/dsm.c,.c,40706,1303
src/backend/storage/ipc/dsm_impl.c,.c,30597,1053
src/backend/storage/ipc/dsm_registry.c,.c,5359,203
src/backend/storage/ipc/ipc.c,.c,14522,446
src/backend/storage/ipc/ipci.c,.c,10673,398
src/backend/storage/ipc/latch.c,.c,67023,2390
src/backend/storage/ipc/pmsignal.c,.c,13564,462
src/backend/storage/ipc/procarray.c,.c,166697,5266
src/backend/storage/ipc/procsignal.c,.c,21362,684
src/backend/storage/ipc/shm_mq.c,.c,40945,1328
src/backend/storage/ipc/shm_toc.c,.c,7798,272
src/backend/storage/ipc/shmem.c,.c,16632,539
src/backend/storage/ipc/signalfuncs.c,.c,8718,291
src/backend/storage/ipc/sinval.c,.c,6383,210
src/backend/storage/ipc/sinvaladt.c,.c,25551,754
src/backend/storage/ipc/standby.c,.c,49643,1516
src/backend/storage/large_object/inv_api.c,.c,25107,953
src/backend/storage/lmgr/condition_variable.c,.c,12162,360
src/backend/storage/lmgr/deadlock.c,.c,35517,1159
src/backend/storage/lmgr/lmgr.c,.c,32383,1341
src/backend/storage/lmgr/lock.c,.c,144228,4700
src/backend/storage/lmgr/lwlock.c,.c,56311,1970
src/backend/storage/lmgr/predicate.c,.c,164458,5053
src/backend/storage/lmgr/proc.c,.c,62332,1962
src/backend/storage/lmgr/s_lock.c,.c,9379,330
src/backend/storage/lmgr/spin.c,.c,4413,180
src/backend/storage/page/bufpage.c,.c,44707,1549
src/backend/storage/page/checksum.c,.c,743,22
src/backend/storage/page/itemptr.c,.c,3241,131
src/backend/storage/smgr/bulk_write.c,.c,10443,351
src/backend/storage/smgr/md.c,.c,55447,1843
src/backend/storage/smgr/smgr.c,.c,26967,856
src/backend/storage/sync/sync.c,.c,19365,619
src/backend/tcop/backend_startup.c,.c,28481,917
src/backend/tcop/cmdtag.c,.c,4069,163
src/backend/tcop/dest.c,.c,6813,286
src/backend/tcop/fastpath.c,.c,12283,459
src/backend/tcop/postgres.c,.c,146341,5262
src/backend/tcop/pquery.c,.c,49450,1793
src/backend/tcop/utility.c,.c,93288,3767
src/backend/tsearch/dict.c,.c,1905,85
src/backend/tsearch/dict_ispell.c,.c,3167,148
src/backend/tsearch/dict_simple.c,.c,2293,105
src/backend/tsearch/dict_synonym.c,.c,4905,241
src/backend/tsearch/dict_thesaurus.c,.c,18653,879
src/backend/tsearch/regis.c,.c,4418,252
src/backend/tsearch/spell.c,.c,63306,2648
src/backend/tsearch/to_tsany.c,.c,16254,727
src/backend/tsearch/ts_locale.c,.c,8279,296
src/backend/tsearch/ts_parse.c,.c,14907,679
src/backend/tsearch/ts_selfuncs.c,.c,12253,454
src/backend/tsearch/ts_typanalyze.c,.c,17835,536
src/backend/tsearch/ts_utils.c,.c,3511,145
src/backend/tsearch/wparser.c,.c,13288,542
src/backend/tsearch/wparser_def.c,.c,82050,2743
src/backend/utils/activity/backend_progress.c,.c,4110,165
src/backend/utils/activity/backend_status.c,.c,34987,1197
src/backend/utils/activity/pgstat.c,.c,45896,1736
src/backend/utils/activity/pgstat_archiver.c,.c,3192,111
src/backend/utils/activity/pgstat_bgwriter.c,.c,3228,115
src/backend/utils/activity/pgstat_checkpointer.c,.c,3852,129
src/backend/utils/activity/pgstat_database.c,.c,11059,441
src/backend/utils/activity/pgstat_function.c,.c,6879,243
src/backend/utils/activity/pgstat_io.c,.c,13220,478
src/backend/utils/activity/pgstat_relation.c,.c,29774,986
src/backend/utils/activity/pgstat_replslot.c,.c,6634,236
src/backend/utils/activity/pgstat_shmem.c,.c,29530,1109
src/backend/utils/activity/pgstat_slru.c,.c,5794,248
src/backend/utils/activity/pgstat_subscription.c,.c,2994,114
src/backend/utils/activity/pgstat_wal.c,.c,5239,186
src/backend/utils/activity/pgstat_xact.c,.c,9899,382
src/backend/utils/activity/wait_event.c,.c,13832,507
src/backend/utils/activity/wait_event_funcs.c,.c,3073,118
src/backend/utils/activity/wait_event_names.txt,.txt,25881,421
src/backend/utils/adt/acl.c,.c,145922,5600
src/backend/utils/adt/amutils.c,.c,10740,467
src/backend/utils/adt/array_expanded.c,.c,13278,453
src/backend/utils/adt/array_selfuncs.c,.c,33063,1192
src/backend/utils/adt/array_typanalyze.c,.c,26355,791
src/backend/utils/adt/array_userfuncs.c,.c,44567,1696
src/backend/utils/adt/arrayfuncs.c,.c,187566,6962
src/backend/utils/adt/arraysubs.c,.c,18433,577
src/backend/utils/adt/arrayutils.c,.c,6608,264
src/backend/utils/adt/ascii.c,.c,4782,199
src/backend/utils/adt/bool.c,.c,7986,397
src/backend/utils/adt/cash.c,.c,26664,1190
src/backend/utils/adt/char.c,.c,5875,254
src/backend/utils/adt/cryptohashfuncs.c,.c,3831,169
src/backend/utils/adt/date.c,.c,72295,3172
src/backend/utils/adt/datetime.c,.c,136250,5182
src/backend/utils/adt/datum.c,.c,16892,592
src/backend/utils/adt/dbsize.c,.c,24562,1028
src/backend/utils/adt/domains.c,.c,12747,437
src/backend/utils/adt/encode.c,.c,12622,612
src/backend/utils/adt/enum.c,.c,16514,616
src/backend/utils/adt/expandeddatum.c,.c,3922,145
src/backend/utils/adt/expandedrecord.c,.c,49712,1633
src/backend/utils/adt/float.c,.c,94735,4082
src/backend/utils/adt/format_type.c,.c,12950,488
src/backend/utils/adt/formatting.c,.c,171604,6952
src/backend/utils/adt/genfile.c,.c,18357,733
src/backend/utils/adt/geo_ops.c,.c,125846,5562
src/backend/utils/adt/geo_selfuncs.c,.c,2317,95
src/backend/utils/adt/geo_spgist.c,.c,23196,885
src/backend/utils/adt/hbafuncs.c,.c,16199,591
src/backend/utils/adt/inet_cidr_ntop.c,.c,6474,294
src/backend/utils/adt/inet_net_pton.c,.c,12249,564
src/backend/utils/adt/int.c,.c,36507,1678
src/backend/utils/adt/int8.c,.c,32619,1523
src/backend/utils/adt/json.c,.c,42806,1765
src/backend/utils/adt/jsonb.c,.c,52772,2191
src/backend/utils/adt/jsonb_gin.c,.c,35646,1409
src/backend/utils/adt/jsonb_op.c,.c,7067,335
src/backend/utils/adt/jsonb_util.c,.c,55666,1998
src/backend/utils/adt/jsonbsubs.c,.c,12217,413
src/backend/utils/adt/jsonfuncs.c,.c,160202,6075
src/backend/utils/adt/jsonpath.c,.c,36442,1522
src/backend/utils/adt/jsonpath_exec.c,.c,121033,4494
src/backend/utils/adt/jsonpath_gram.y,.y,16866,684
src/backend/utils/adt/jsonpath_internal.h,.h,1110,38
src/backend/utils/adt/jsonpath_scan.l,.l,17342,760
src/backend/utils/adt/levenshtein.c,.c,12821,403
src/backend/utils/adt/like.c,.c,11445,454
src/backend/utils/adt/like_match.c,.c,9892,361
src/backend/utils/adt/like_support.c,.c,50182,1797
src/backend/utils/adt/lockfuncs.c,.c,25942,1005
src/backend/utils/adt/mac.c,.c,12962,532
src/backend/utils/adt/mac8.c,.c,12271,569
src/backend/utils/adt/mcxtfuncs.c,.c,5340,187
src/backend/utils/adt/misc.c,.c,27814,1124
src/backend/utils/adt/multirangetypes.c,.c,78041,2928
src/backend/utils/adt/multirangetypes_selfuncs.c,.c,40507,1336
src/backend/utils/adt/name.c,.c,8606,355
src/backend/utils/adt/network.c,.c,48848,2104
src/backend/utils/adt/network_gist.c,.c,22724,810
src/backend/utils/adt/network_selfuncs.c,.c,32641,990
src/backend/utils/adt/network_spgist.c,.c,17840,712
src/backend/utils/adt/numeric.c,.c,308249,12280
src/backend/utils/adt/numutils.c,.c,31036,1314
src/backend/utils/adt/oid.c,.c,8905,418
src/backend/utils/adt/oracle_compat.c,.c,24911,1166
src/backend/utils/adt/orderedsetaggs.c,.c,38988,1430
src/backend/utils/adt/partitionfuncs.c,.c,5968,238
src/backend/utils/adt/pg_locale.c,.c,90398,3216
src/backend/utils/adt/pg_lsn.c,.c,6661,312
src/backend/utils/adt/pg_upgrade_support.c,.c,9936,413
src/backend/utils/adt/pgstatfuncs.c,.c,55263,2046
src/backend/utils/adt/pseudorandomfuncs.c,.c,4034,185
src/backend/utils/adt/pseudotypes.c,.c,8815,377
src/backend/utils/adt/quote.c,.c,2725,132
src/backend/utils/adt/rangetypes.c,.c,76516,2953
src/backend/utils/adt/rangetypes_gist.c,.c,51518,1799
src/backend/utils/adt/rangetypes_selfuncs.c,.c,35778,1223
src/backend/utils/adt/rangetypes_spgist.c,.c,29272,998
src/backend/utils/adt/rangetypes_typanalyze.c,.c,12321,427
src/backend/utils/adt/regexp.c,.c,57558,2081
src/backend/utils/adt/regproc.c,.c,49796,2038
src/backend/utils/adt/ri_triggers.c,.c,91235,3023
src/backend/utils/adt/rowtypes.c,.c,54134,2034
src/backend/utils/adt/ruleutils.c,.c,379327,13379
src/backend/utils/adt/selfuncs.c,.c,257225,8270
src/backend/utils/adt/tid.c,.c,10635,425
src/backend/utils/adt/timestamp.c,.c,171486,6705
src/backend/utils/adt/trigfuncs.c,.c,2633,84
src/backend/utils/adt/tsginidx.c,.c,8566,353
src/backend/utils/adt/tsgistidx.c,.c,18756,819
src/backend/utils/adt/tsquery.c,.c,31353,1398
src/backend/utils/adt/tsquery_cleanup.c,.c,11045,446
src/backend/utils/adt/tsquery_gist.c,.c,6232,276
src/backend/utils/adt/tsquery_op.c,.c,7173,359
src/backend/utils/adt/tsquery_rewrite.c,.c,10665,462
src/backend/utils/adt/tsquery_util.c,.c,9556,448
src/backend/utils/adt/tsrank.c,.c,21439,1012
src/backend/utils/adt/tsvector.c,.c,12561,555
src/backend/utils/adt/tsvector_op.c,.c,70255,2895
src/backend/utils/adt/tsvector_parser.c,.c,10135,383
src/backend/utils/adt/uuid.c,.c,11527,491
src/backend/utils/adt/varbit.c,.c,43893,1894
src/backend/utils/adt/varchar.c,.c,28879,1234
src/backend/utils/adt/varlena.c,.c,172578,6715
src/backend/utils/adt/version.c,.c,491,24
src/backend/utils/adt/waitfuncs.c,.c,4083,113
src/backend/utils/adt/windowfuncs.c,.c,17125,716
src/backend/utils/adt/xid.c,.c,8469,376
src/backend/utils/adt/xid8funcs.c,.c,17633,683
src/backend/utils/adt/xml.c,.c,134811,5117
src/backend/utils/cache/attoptcache.c,.c,4532,178
src/backend/utils/cache/catcache.c,.c,67666,2486
src/backend/utils/cache/evtcache.c,.c,7649,270
src/backend/utils/cache/inval.c,.c,58626,1795
src/backend/utils/cache/lsyscache.c,.c,89710,3754
src/backend/utils/cache/partcache.c,.c,13905,432
src/backend/utils/cache/plancache.c,.c,72609,2245
src/backend/utils/cache/relcache.c,.c,219909,6917
src/backend/utils/cache/relfilenumbermap.c,.c,7109,250
src/backend/utils/cache/relmapper.c,.c,34638,1141
src/backend/utils/cache/spccache.c,.c,6201,237
src/backend/utils/cache/syscache.c,.c,21795,801
src/backend/utils/cache/ts_cache.c,.c,18886,674
src/backend/utils/cache/typcache.c,.c,90913,2882
src/backend/utils/errcodes.txt,.txt,33392,494
src/backend/utils/error/assert.c,.c,1835,67
src/backend/utils/error/csvlog.c,.c,6824,262
src/backend/utils/error/elog.c,.c,103274,3782
src/backend/utils/error/jsonlog.c,.c,7812,301
src/backend/utils/fmgr/dfmgr.c,.c,17907,683
src/backend/utils/fmgr/fmgr.c,.c,61376,2200
src/backend/utils/fmgr/funcapi.c,.c,62135,2101
src/backend/utils/hash/dynahash.c,.c,57405,1919
src/backend/utils/hash/pg_crc.c,.c,4152,97
src/backend/utils/init/globals.c,.c,5276,168
src/backend/utils/init/miscinit.c,.c,55601,1947
src/backend/utils/init/postinit.c,.c,44374,1468
src/backend/utils/init/usercontext.c,.c,2954,92
src/backend/utils/mb/Unicode/euc-jis-2004-std.txt,.txt,324237,11549
src/backend/utils/mb/Unicode/sjis-0213-2004-std.txt,.txt,319198,11549
src/backend/utils/mb/conv.c,.c,18668,838
src/backend/utils/mb/conversion_procs/cyrillic_and_mic/cyrillic_and_mic.c,.c,20906,624
src/backend/utils/mb/conversion_procs/euc2004_sjis2004/euc2004_sjis2004.c,.c,7755,401
src/backend/utils/mb/conversion_procs/euc_cn_and_mic/euc_cn_and_mic.c,.c,3588,166
src/backend/utils/mb/conversion_procs/euc_jp_and_sjis/euc_jp_and_sjis.c,.c,15488,772
src/backend/utils/mb/conversion_procs/euc_kr_and_mic/euc_kr_and_mic.c,.c,3671,174
src/backend/utils/mb/conversion_procs/euc_tw_and_big5/big5.c,.c,8207,377
src/backend/utils/mb/conversion_procs/euc_tw_and_big5/euc_tw_and_big5.c,.c,11923,580
src/backend/utils/mb/conversion_procs/latin2_and_win1250/latin2_and_win1250.c,.c,5581,180
src/backend/utils/mb/conversion_procs/latin_and_mic/latin_and_mic.c,.c,3695,136
src/backend/utils/mb/conversion_procs/utf8_and_big5/utf8_and_big5.c,.c,2043,78
src/backend/utils/mb/conversion_procs/utf8_and_cyrillic/utf8_and_cyrillic.c,.c,3194,126
src/backend/utils/mb/conversion_procs/utf8_and_euc2004/utf8_and_euc2004.c,.c,2267,78
src/backend/utils/mb/conversion_procs/utf8_and_euc_cn/utf8_and_euc_cn.c,.c,2073,78
src/backend/utils/mb/conversion_procs/utf8_and_euc_jp/utf8_and_euc_jp.c,.c,2073,78
src/backend/utils/mb/conversion_procs/utf8_and_euc_kr/utf8_and_euc_kr.c,.c,2073,78
src/backend/utils/mb/conversion_procs/utf8_and_euc_tw/utf8_and_euc_tw.c,.c,2073,78
src/backend/utils/mb/conversion_procs/utf8_and_gb18030/utf8_and_gb18030.c,.c,5843,233
src/backend/utils/mb/conversion_procs/utf8_and_gbk/utf8_and_gbk.c,.c,2028,78
src/backend/utils/mb/conversion_procs/utf8_and_iso8859/utf8_and_iso8859.c,.c,5296,169
src/backend/utils/mb/conversion_procs/utf8_and_iso8859_1/utf8_and_iso8859_1.c,.c,2998,139
src/backend/utils/mb/conversion_procs/utf8_and_johab/utf8_and_johab.c,.c,2058,78
src/backend/utils/mb/conversion_procs/utf8_and_sjis/utf8_and_sjis.c,.c,2043,78
src/backend/utils/mb/conversion_procs/utf8_and_sjis2004/utf8_and_sjis2004.c,.c,2303,78
src/backend/utils/mb/conversion_procs/utf8_and_uhc/utf8_and_uhc.c,.c,2028,78
src/backend/utils/mb/conversion_procs/utf8_and_win/utf8_and_win.c,.c,4484,150
src/backend/utils/mb/iso.c,.c,1082,74
src/backend/utils/mb/mbutils.c,.c,54283,1976
src/backend/utils/mb/stringinfo_mb.c,.c,2065,86
src/backend/utils/mb/win1251.c,.c,1100,74
src/backend/utils/mb/win866.c,.c,1087,74
src/backend/utils/mb/wstrcmp.c,.c,2015,47
src/backend/utils/mb/wstrncmp.c,.c,2407,77
src/backend/utils/misc/conffiles.c,.c,4410,164
src/backend/utils/misc/guc-file.l,.l,18784,734
src/backend/utils/misc/guc.c,.c,194627,6996
src/backend/utils/misc/guc_funcs.c,.c,26907,1047
src/backend/utils/misc/guc_internal.h,.h,839,26
src/backend/utils/misc/guc_tables.c,.c,137018,5161
src/backend/utils/misc/help_config.c,.c,3274,136
src/backend/utils/misc/injection_point.c,.c,14880,538
src/backend/utils/misc/pg_config.c,.c,1245,50
src/backend/utils/misc/pg_controldata.c,.c,7204,260
src/backend/utils/misc/pg_rusage.c,.c,1837,73
src/backend/utils/misc/ps_status.c,.c,14143,551
src/backend/utils/misc/queryenvironment.c,.c,3531,144
src/backend/utils/misc/rls.c,.c,5422,167
src/backend/utils/misc/sampling.c,.c,8184,304
src/backend/utils/misc/superuser.c,.c,2798,107
src/backend/utils/misc/timeout.c,.c,24314,830
src/backend/utils/misc/tzparser.c,.c,12470,485
src/backend/utils/mmgr/alignedalloc.c,.c,5433,172
src/backend/utils/mmgr/aset.c,.c,55870,1748
src/backend/utils/mmgr/bump.c,.c,23525,808
src/backend/utils/mmgr/dsa.c,.c,80064,2371
src/backend/utils/mmgr/freepage.c,.c,57092,1886
src/backend/utils/mmgr/generation.c,.c,37605,1215
src/backend/utils/mmgr/mcxt.c,.c,55042,1882
src/backend/utils/mmgr/memdebug.c,.c,3589,93
src/backend/utils/mmgr/portalmem.c,.c,36788,1293
src/backend/utils/mmgr/slab.c,.c,36586,1162
src/backend/utils/resowner/resowner.c,.c,30844,1084
src/backend/utils/sort/logtape.c,.c,35402,1184
src/backend/utils/sort/qsort_interruptible.c,.c,409,16
src/backend/utils/sort/sharedtuplestore.c,.c,18939,602
src/backend/utils/sort/sortsupport.c,.c,6650,210
src/backend/utils/sort/tuplesort.c,.c,97884,3215
src/backend/utils/sort/tuplesortvariants.c,.c,56147,1890
src/backend/utils/sort/tuplestore.c,.c,46667,1549
src/backend/utils/time/combocid.c,.c,10313,364
src/backend/utils/time/snapmgr.c,.c,59862,1958
src/bin/initdb/findtimezone.c,.c,46397,1777
src/bin/initdb/initdb.c,.c,97253,3541
src/bin/pg_amcheck/pg_amcheck.c,.c,68992,2223
src/bin/pg_archivecleanup/pg_archivecleanup.c,.c,11039,396
src/bin/pg_basebackup/bbstreamer.h,.h,8108,226
src/bin/pg_basebackup/bbstreamer_file.c,.c,11523,410
src/bin/pg_basebackup/bbstreamer_gzip.c,.c,9984,371
src/bin/pg_basebackup/bbstreamer_inject.c,.c,7741,249
src/bin/pg_basebackup/bbstreamer_lz4.c,.c,12300,421
src/bin/pg_basebackup/bbstreamer_tar.c,.c,15630,519
src/bin/pg_basebackup/bbstreamer_zstd.c,.c,10563,365
src/bin/pg_basebackup/pg_basebackup.c,.c,83604,2880
src/bin/pg_basebackup/pg_createsubscriber.c,.c,66847,2268
src/bin/pg_basebackup/pg_receivewal.c,.c,25584,927
src/bin/pg_basebackup/pg_recvlogical.c,.c,27276,1069
src/bin/pg_basebackup/receivelog.c,.c,34417,1268
src/bin/pg_basebackup/receivelog.h,.h,1889,57
src/bin/pg_basebackup/streamutil.c,.c,22934,941
src/bin/pg_basebackup/streamutil.h,.h,2282,70
src/bin/pg_basebackup/walmethods.c,.c,33175,1388
src/bin/pg_basebackup/walmethods.h,.h,4146,134
src/bin/pg_checksums/pg_checksums.c,.c,17553,652
src/bin/pg_combinebackup/backup_label.c,.c,7955,283
src/bin/pg_combinebackup/backup_label.h,.h,958,30
src/bin/pg_combinebackup/copy_file.c,.c,7734,306
src/bin/pg_combinebackup/copy_file.h,.h,796,35
src/bin/pg_combinebackup/load_manifest.c,.c,9288,314
src/bin/pg_combinebackup/load_manifest.h,.h,1775,68
src/bin/pg_combinebackup/pg_combinebackup.c,.c,42861,1409
src/bin/pg_combinebackup/reconstruct.c,.c,22734,791
src/bin/pg_combinebackup/reconstruct.h,.h,1046,35
src/bin/pg_combinebackup/write_manifest.c,.c,8003,295
src/bin/pg_combinebackup/write_manifest.h,.h,1068,33
src/bin/pg_config/pg_config.c,.c,6002,189
src/bin/pg_controldata/pg_controldata.c,.c,11539,342
src/bin/pg_ctl/pg_ctl.c,.c,63727,2504
src/bin/pg_dump/common.c,.c,31692,1157
src/bin/pg_dump/compress_gzip.c,.c,10807,450
src/bin/pg_dump/compress_gzip.h,.h,790,24
src/bin/pg_dump/compress_io.c,.c,8943,301
src/bin/pg_dump/compress_io.h,.h,5934,208
src/bin/pg_dump/compress_lz4.c,.c,19742,818
src/bin/pg_dump/compress_lz4.h,.h,780,24
src/bin/pg_dump/compress_none.c,.c,3974,215
src/bin/pg_dump/compress_none.h,.h,798,24
src/bin/pg_dump/compress_zstd.c,.c,13908,577
src/bin/pg_dump/compress_zstd.h,.h,785,25
src/bin/pg_dump/dumputils.c,.c,27809,960
src/bin/pg_dump/dumputils.h,.h,2483,70
src/bin/pg_dump/filter.c,.c,12004,476
src/bin/pg_dump/filter.h,.h,1939,71
src/bin/pg_dump/parallel.c,.c,48343,1801
src/bin/pg_dump/parallel.h,.h,2370,85
src/bin/pg_dump/pg_backup.h,.h,9595,339
src/bin/pg_dump/pg_backup_archiver.c,.c,135556,5093
src/bin/pg_dump/pg_backup_archiver.h,.h,17559,467
src/bin/pg_dump/pg_backup_custom.c,.c,25132,1024
src/bin/pg_dump/pg_backup_db.c,.c,17864,680
src/bin/pg_dump/pg_backup_db.h,.h,660,26
src/bin/pg_dump/pg_backup_directory.c,.c,23338,852
src/bin/pg_dump/pg_backup_null.c,.c,5169,224
src/bin/pg_dump/pg_backup_tar.c,.c,27781,1222
src/bin/pg_dump/pg_backup_tar.h,.h,1590,37
src/bin/pg_dump/pg_backup_utils.c,.c,3094,104
src/bin/pg_dump/pg_backup_utils.h,.h,1208,41
src/bin/pg_dump/pg_dump.c,.c,588637,19164
src/bin/pg_dump/pg_dump.h,.h,25768,798
src/bin/pg_dump/pg_dump_sort.c,.c,53658,1747
src/bin/pg_dump/pg_dumpall.c,.c,60320,2101
src/bin/pg_dump/pg_restore.c,.c,20077,640
src/bin/pg_resetwal/pg_resetwal.c,.c,37073,1209
src/bin/pg_rewind/datapagemap.c,.c,2550,127
src/bin/pg_rewind/datapagemap.h,.h,825,29
src/bin/pg_rewind/file_ops.c,.c,11725,491
src/bin/pg_rewind/file_ops.h,.h,1095,29
src/bin/pg_rewind/filemap.c,.c,23811,892
src/bin/pg_rewind/filemap.h,.h,3567,116
src/bin/pg_rewind/libpq_source.c,.c,19355,685
src/bin/pg_rewind/local_source.c,.c,4799,187
src/bin/pg_rewind/parsexlog.c,.c,13533,483
src/bin/pg_rewind/pg_rewind.c,.c,34481,1204
src/bin/pg_rewind/pg_rewind.h,.h,1709,58
src/bin/pg_rewind/rewind_source.h,.h,2929,86
src/bin/pg_rewind/timeline.c,.c,3236,129
src/bin/pg_test_fsync/pg_test_fsync.c,.c,15031,655
src/bin/pg_test_timing/pg_test_timing.c,.c,4586,208
src/bin/pg_upgrade/check.c,.c,66190,2117
src/bin/pg_upgrade/controldata.c,.c,22092,732
src/bin/pg_upgrade/dump.c,.c,2180,75
src/bin/pg_upgrade/exec.c,.c,12154,459
src/bin/pg_upgrade/file.c,.c,12901,451
src/bin/pg_upgrade/function.c,.c,6063,219
src/bin/pg_upgrade/info.c,.c,25284,843
src/bin/pg_upgrade/option.c,.c,16099,523
src/bin/pg_upgrade/parallel.c,.c,8444,341
src/bin/pg_upgrade/pg_upgrade.c,.c,30076,979
src/bin/pg_upgrade/pg_upgrade.h,.h,14283,497
src/bin/pg_upgrade/relfilenumber.c,.c,7384,266
src/bin/pg_upgrade/server.c,.c,10334,390
src/bin/pg_upgrade/tablespace.c,.c,3064,111
src/bin/pg_upgrade/util.c,.c,7583,355
src/bin/pg_upgrade/version.c,.c,6798,242
src/bin/pg_verifybackup/pg_verifybackup.c,.c,31180,1104
src/bin/pg_waldump/compat.c,.c,1808,64
src/bin/pg_waldump/pg_waldump.c,.c,34690,1323
src/bin/pg_waldump/rmgrdesc.c,.c,2527,99
src/bin/pg_waldump/rmgrdesc.h,.h,459,23
src/bin/pg_walsummary/pg_walsummary.c,.c,7319,278
src/bin/pgbench/exprparse.y,.y,13341,531
src/bin/pgbench/exprscan.l,.l,11754,473
src/bin/pgbench/pgbench.c,.c,213825,8000
src/bin/pgbench/pgbench.h,.h,3926,167
src/bin/pgevent/exports.txt,.txt,62,3
src/bin/pgevent/pgevent.c,.c,4168,160
src/bin/pgevent/pgmsgevent.h,.h,987,46
src/bin/psql/command.c,.c,155948,5978
src/bin/psql/command.h,.h,1342,49
src/bin/psql/common.c,.c,55789,2281
src/bin/psql/common.h,.h,1277,48
src/bin/psql/copy.c,.c,17826,727
src/bin/psql/copy.h,.h,506,24
src/bin/psql/crosstabview.c,.c,18001,714
src/bin/psql/crosstabview.h,.h,952,29
src/bin/psql/describe.c,.c,205338,7092
src/bin/psql/describe.h,.h,4168,152
src/bin/psql/help.c,.c,29218,759
src/bin/psql/help.h,.h,408,21
src/bin/psql/input.c,.c,13030,550
src/bin/psql/input.h,.h,1319,51
src/bin/psql/large_obj.c,.c,5129,264
src/bin/psql/large_obj.h,.h,405,15
src/bin/psql/mainloop.c,.c,18388,662
src/bin/psql/mainloop.h,.h,339,17
src/bin/psql/prompt.c,.c,8539,384
src/bin/psql/prompt.h,.h,402,17
src/bin/psql/psqlscanslash.h,.h,1087,40
src/bin/psql/psqlscanslash.l,.l,20717,863
src/bin/psql/settings.h,.h,4487,174
src/bin/psql/startup.c,.c,30624,1268
src/bin/psql/stringutils.c,.c,7923,342
src/bin/psql/stringutils.h,.h,762,28
src/bin/psql/tab-complete.c,.c,237180,6513
src/bin/psql/tab-complete.h,.h,347,17
src/bin/psql/variables.c,.c,10352,421
src/bin/psql/variables.h,.h,3904,97
src/bin/scripts/clusterdb.c,.c,7736,296
src/bin/scripts/common.c,.c,4380,168
src/bin/scripts/common.h,.h,685,26
src/bin/scripts/createdb.c,.c,9239,329
src/bin/scripts/createuser.c,.c,12803,458
src/bin/scripts/dropdb.c,.c,5230,189
src/bin/scripts/dropuser.c,.c,4940,188
src/bin/scripts/pg_isready.c,.c,5936,242
src/bin/scripts/reindexdb.c,.c,25212,914
src/bin/scripts/vacuumdb.c,.c,35333,1212
src/common/archive.c,.c,1590,60
src/common/base64.c,.c,4862,242
src/common/binaryheap.c,.c,8484,365
src/common/blkreftable.c,.c,38984,1324
src/common/checksum_helper.c,.c,6283,232
src/common/compression.c,.c,12327,476
src/common/config_info.c,.c,4788,201
src/common/controldata_utils.c,.c,7315,283
src/common/cryptohash.c,.c,5581,273
src/common/cryptohash_openssl.c,.c,8571,390
src/common/d2s.c,.c,26646,1076
src/common/d2s_full_table.h,.h,44205,358
src/common/d2s_intrinsics.h,.h,5282,202
src/common/digit_table.h,.h,1289,21
src/common/encnames.c,.c,13931,600
src/common/exec.c,.c,18773,731
src/common/f2s.c,.c,21308,803
src/common/fe_memutils.c,.c,6817,363
src/common/file_perm.c,.c,2566,87
src/common/file_utils.c,.c,17749,728
src/common/hashfn.c,.c,17846,692
src/common/hmac.c,.c,6923,330
src/common/hmac_openssl.c,.c,8097,391
src/common/ip.c,.c,6277,262
src/common/jsonapi.c,.c,61007,2259
src/common/keywords.c,.c,1077,48
src/common/kwlookup.c,.c,2362,85
src/common/link-canary.c,.c,1247,36
src/common/logging.c,.c,7132,334
src/common/md5.c,.c,10857,436
src/common/md5_common.c,.c,4200,173
src/common/md5_int.h,.h,2935,85
src/common/parse_manifest.c,.c,27277,948
src/common/percentrepl.c,.c,3870,137
src/common/pg_get_line.c,.c,5702,180
src/common/pg_lzcompress.c,.c,26969,887
src/common/pg_prng.c,.c,7369,318
src/common/pgfnames.c,.c,1900,94
src/common/protocol_openssl.c,.c,2700,123
src/common/psprintf.c,.c,4163,148
src/common/relpath.c,.c,5392,210
src/common/restricted_token.c,.c,4190,174
src/common/rmtree.c,.c,3007,132
src/common/ryu_common.h,.h,3271,133
src/common/saslprep.c,.c,25329,1250
src/common/scram-common.c,.c,8028,329
src/common/sha1.c,.c,9065,369
src/common/sha1_int.h,.h,2770,81
src/common/sha2.c,.c,27564,1017
src/common/sha2_int.h,.h,3432,91
src/common/sprompt.c,.c,4920,181
src/common/string.c,.c,3707,164
src/common/stringinfo.c,.c,9131,365
src/common/unicode/case_test.c,.c,5090,195
src/common/unicode/category_test.c,.c,8305,236
src/common/unicode/norm_test.c,.c,1649,86
src/common/unicode_case.c,.c,6220,234
src/common/unicode_category.c,.c,12280,501
src/common/unicode_norm.c,.c,16348,653
src/common/username.c,.c,1783,87
src/common/wait_error.c,.c,4189,148
src/common/wchar.c,.c,50089,2246
src/fe_utils/archive.c,.c,2804,108
src/fe_utils/cancel.c,.c,5437,243
src/fe_utils/conditional.c,.c,3779,189
src/fe_utils/connect_utils.c,.c,4542,171
src/fe_utils/mbprint.c,.c,8783,405
src/fe_utils/option_utils.c,.c,2503,111
src/fe_utils/parallel_slot.c,.c,14313,564
src/fe_utils/print.c,.c,89946,3776
src/fe_utils/psqlscan.l,.l,41761,1591
src/fe_utils/query_utils.c,.c,1834,91
src/fe_utils/recovery_gen.c,.c,4716,170
src/fe_utils/simple_list.c,.c,3216,175
src/fe_utils/string_utils.c,.c,38585,1393
src/include/access/amapi.h,.h,10565,303
src/include/access/amvalidate.h,.h,1402,40
src/include/access/attmap.h,.h,1713,54
src/include/access/attnum.h,.h,1547,64
src/include/access/brin.h,.h,1474,58
src/include/access/brin_internal.h,.h,3687,116
src/include/access/brin_page.h,.h,2752,96
src/include/access/brin_pageops.h,.h,1345,38
src/include/access/brin_revmap.h,.h,1328,41
src/include/access/brin_tuple.h,.h,3982,112
src/include/access/brin_xlog.h,.h,3899,151
src/include/access/bufmask.h,.h,1009,32
src/include/access/clog.h,.h,1745,62
src/include/access/commit_ts.h,.h,2224,73
src/include/access/detoast.h,.h,2443,82
src/include/access/genam.h,.h,9775,246
src/include/access/generic_xlog.h,.h,1510,45
src/include/access/gin.h,.h,2397,91
src/include/access/gin_private.h,.h,17284,498
src/include/access/ginblock.h,.h,13706,346
src/include/access/ginxlog.h,.h,6119,216
src/include/access/gist.h,.h,9439,248
src/include/access/gist_private.h,.h,20484,571
src/include/access/gistscan.h,.h,736,24
src/include/access/gistxlog.h,.h,3618,117
src/include/access/hash.h,.h,19323,487
src/include/access/hash_xlog.h,.h,8063,270
src/include/access/heapam.h,.h,17294,433
src/include/access/heapam_xlog.h,.h,16595,502
src/include/access/heaptoast.h,.h,4899,149
src/include/access/hio.h,.h,1922,62
src/include/access/htup.h,.h,3276,89
src/include/access/htup_details.h,.h,29424,811
src/include/access/itup.h,.h,5411,170
src/include/access/multixact.h,.h,5451,161
src/include/access/nbtree.h,.h,51795,1332
src/include/access/nbtxlog.h,.h,14956,367
src/include/access/parallel.h,.h,2636,81
src/include/access/printsimple.h,.h,680,23
src/include/access/printtup.h,.h,1080,35
src/include/access/relation.h,.h,977,28
src/include/access/reloptions.h,.h,8064,247
src/include/access/relscan.h,.h,6829,191
src/include/access/rewriteheap.h,.h,1857,57
src/include/access/rmgr.h,.h,1400,62
src/include/access/rmgrdesc_utils.h,.h,811,22
src/include/access/rmgrlist.h,.h,3448,49
src/include/access/sdir.h,.h,1898,67
src/include/access/sequence.h,.h,694,23
src/include/access/session.h,.h,1267,44
src/include/access/skey.h,.h,6444,151
src/include/access/slru.h,.h,7615,218
src/include/access/spgist.h,.h,7848,229
src/include/access/spgist_private.h,.h,21486,549
src/include/access/spgxlog.h,.h,7650,259
src/include/access/stratnum.h,.h,3075,85
src/include/access/subtrans.h,.h,841,26
src/include/access/syncscan.h,.h,733,25
src/include/access/sysattr.h,.h,853,29
src/include/access/table.h,.h,932,28
src/include/access/tableam.h,.h,78022,2117
src/include/access/tidstore.h,.h,1724,50
src/include/access/timeline.h,.h,1642,44
src/include/access/toast_compression.h,.h,2739,73
src/include/access/toast_helper.h,.h,3839,116
src/include/access/toast_internals.h,.h,2138,63
src/include/access/transam.h,.h,14271,418
src/include/access/tsmapi.h,.h,2633,82
src/include/access/tupconvert.h,.h,1769,54
src/include/access/tupdesc.h,.h,5408,154
src/include/access/tupdesc_details.h,.h,865,28
src/include/access/tupmacs.h,.h,6718,207
src/include/access/twophase.h,.h,2222,65
src/include/access/twophase_rmgr.h,.h,1324,40
src/include/access/valid.h,.h,1231,58
src/include/access/visibilitymap.h,.h,1696,43
src/include/access/visibilitymapdefs.h,.h,1162,34
src/include/access/xact.h,.h,18218,530
src/include/access/xlog.h,.h,11484,313
src/include/access/xlog_internal.h,.h,12756,405
src/include/access/xlogarchive.h,.h,1336,35
src/include/access/xlogbackup.h,.h,1447,43
src/include/access/xlogdefs.h,.h,2644,83
src/include/access/xloginsert.h,.h,2752,67
src/include/access/xlogprefetcher.h,.h,1521,55
src/include/access/xlogreader.h,.h,15496,444
src/include/access/xlogrecord.h,.h,9216,248
src/include/access/xlogrecovery.h,.h,5310,158
src/include/access/xlogstats.h,.h,985,43
src/include/access/xlogutils.h,.h,4207,118
src/include/archive/archive_module.h,.h,2105,67
src/include/archive/shell_archive.h,.h,698,24
src/include/backup/backup_manifest.h,.h,1612,54
src/include/backup/basebackup.h,.h,1100,42
src/include/backup/basebackup_incremental.h,.h,1794,56
src/include/backup/basebackup_sink.h,.h,9918,301
src/include/backup/basebackup_target.h,.h,2820,66
src/include/backup/walsummary.h,.h,1434,49
src/include/bootstrap/bootstrap.h,.h,1783,63
src/include/c.h,.h,46143,1382
src/include/catalog/binary_upgrade.h,.h,1453,38
src/include/catalog/catalog.h,.h,1419,47
src/include/catalog/catversion.h,.h,2863,62
src/include/catalog/dependency.h,.h,8424,230
src/include/catalog/genbki.h,.h,6721,149
src/include/catalog/heap.h,.h,5244,162
src/include/catalog/index.h,.h,6827,218
src/include/catalog/indexing.h,.h,1824,54
src/include/catalog/namespace.h,.h,7342,189
src/include/catalog/objectaccess.h,.h,9378,267
src/include/catalog/objectaddress.h,.h,3363,93
src/include/catalog/partition.h,.h,1196,34
src/include/catalog/pg_aggregate.h,.h,6054,182
src/include/catalog/pg_am.h,.h,1665,66
src/include/catalog/pg_amop.h,.h,4014,105
src/include/catalog/pg_amproc.h,.h,2710,75
src/include/catalog/pg_attrdef.h,.h,2229,70
src/include/catalog/pg_attribute.h,.h,8596,240
src/include/catalog/pg_auth_members.h,.h,2334,56
src/include/catalog/pg_authid.h,.h,2421,66
src/include/catalog/pg_cast.h,.h,3212,106
src/include/catalog/pg_class.h,.h,8257,235
src/include/catalog/pg_collation.h,.h,3224,106
src/include/catalog/pg_constraint.h,.h,9909,278
src/include/catalog/pg_control.h,.h,9507,260
src/include/catalog/pg_conversion.h,.h,2622,79
src/include/catalog/pg_database.h,.h,3593,129
src/include/catalog/pg_db_role_setting.h,.h,2079,61
src/include/catalog/pg_default_acl.h,.h,2487,74
src/include/catalog/pg_depend.h,.h,2791,77
src/include/catalog/pg_description.h,.h,2855,73
src/include/catalog/pg_enum.h,.h,2353,69
src/include/catalog/pg_event_trigger.h,.h,2031,60
src/include/catalog/pg_extension.h,.h,2337,68
src/include/catalog/pg_foreign_data_wrapper.h,.h,2276,61
src/include/catalog/pg_foreign_server.h,.h,1997,58
src/include/catalog/pg_foreign_table.h,.h,1651,51
src/include/catalog/pg_index.h,.h,3588,92
src/include/catalog/pg_inherits.h,.h,2279,67
src/include/catalog/pg_init_privs.h,.h,3116,83
src/include/catalog/pg_language.h,.h,2143,75
src/include/catalog/pg_largeobject.h,.h,1702,53
src/include/catalog/pg_largeobject_metadata.h,.h,1653,51
src/include/catalog/pg_namespace.h,.h,2044,67
src/include/catalog/pg_opclass.h,.h,3337,91
src/include/catalog/pg_operator.h,.h,3731,124
src/include/catalog/pg_opfamily.h,.h,2085,67
src/include/catalog/pg_parameter_acl.h,.h,2039,62
src/include/catalog/pg_partitioned_table.h,.h,2875,76
src/include/catalog/pg_policy.h,.h,1845,58
src/include/catalog/pg_proc.h,.h,6761,223
src/include/catalog/pg_publication.h,.h,4891,161
src/include/catalog/pg_publication_namespace.h,.h,1980,50
src/include/catalog/pg_publication_rel.h,.h,2165,57
src/include/catalog/pg_range.h,.h,2261,75
src/include/catalog/pg_replication_origin.h,.h,2219,65
src/include/catalog/pg_rewrite.h,.h,1854,61
src/include/catalog/pg_seclabel.h,.h,1497,45
src/include/catalog/pg_sequence.h,.h,1295,46
src/include/catalog/pg_shdepend.h,.h,2868,78
src/include/catalog/pg_shdescription.h,.h,2401,65
src/include/catalog/pg_shseclabel.h,.h,1687,46
src/include/catalog/pg_statistic.h,.h,12702,288
src/include/catalog/pg_statistic_ext.h,.h,3116,91
src/include/catalog/pg_statistic_ext_data.h,.h,2112,61
src/include/catalog/pg_subscription.h,.h,6634,183
src/include/catalog/pg_subscription_rel.h,.h,3526,97
src/include/catalog/pg_tablespace.h,.h,1843,57
src/include/catalog/pg_transform.h,.h,1640,51
src/include/catalog/pg_trigger.h,.h,6289,153
src/include/catalog/pg_ts_config.h,.h,1629,56
src/include/catalog/pg_ts_config_map.h,.h,1504,51
src/include/catalog/pg_ts_dict.h,.h,1777,62
src/include/catalog/pg_ts_parser.h,.h,1853,63
src/include/catalog/pg_ts_template.h,.h,1695,54
src/include/catalog/pg_type.h,.h,14516,407
src/include/catalog/pg_user_mapping.h,.h,1948,58
src/include/catalog/storage.h,.h,1779,50
src/include/catalog/storage_xlog.h,.h,1616,59
src/include/catalog/toasting.h,.h,943,30
src/include/commands/alter.h,.h,1119,34
src/include/commands/async.h,.h,1664,52
src/include/commands/cluster.h,.h,1729,51
src/include/commands/collationcmds.h,.h,812,25
src/include/commands/comment.h,.h,1425,45
src/include/commands/conversioncmds.h,.h,644,23
src/include/commands/copy.h,.h,4797,127
src/include/commands/copyfrom_internal.h,.h,6863,186
src/include/commands/createas.h,.h,989,34
src/include/commands/dbcommands.h,.h,1462,37
src/include/commands/dbcommands_xlog.h,.h,1697,60
src/include/commands/defrem.h,.h,6929,161
src/include/commands/discard.h,.h,475,20
src/include/commands/event_trigger.h,.h,3600,97
src/include/commands/explain.h,.h,5725,145
src/include/commands/extension.h,.h,2164,58
src/include/commands/lockcmds.h,.h,563,24
src/include/commands/matview.h,.h,1134,36
src/include/commands/policy.h,.h,1055,38
src/include/commands/portalcmds.h,.h,939,34
src/include/commands/prepare.h,.h,2201,61
src/include/commands/proclang.h,.h,669,23
src/include/commands/progress.h,.h,6213,158
src/include/commands/publicationcmds.h,.h,1442,39
src/include/commands/schemacmds.h,.h,892,29
src/include/commands/seclabel.h,.h,995,34
src/include/commands/sequence.h,.h,1939,70
src/include/commands/subscriptioncmds.h,.h,1077,31
src/include/commands/tablecmds.h,.h,3677,110
src/include/commands/tablespace.h,.h,2069,69
src/include/commands/trigger.h,.h,10861,308
src/include/commands/typecmds.h,.h,2496,63
src/include/commands/user.h,.h,1596,43
src/include/commands/vacuum.h,.h,15191,388
src/include/commands/view.h,.h,673,25
src/include/common/archive.h,.h,654,21
src/include/common/base64.h,.h,515,19
src/include/common/blkreftable.h,.h,4680,116
src/include/common/checksum_helper.h,.h,2091,72
src/include/common/compression.h,.h,1642,53
src/include/common/config_info.h,.h,440,21
src/include/common/connect.h,.h,1068,28
src/include/common/controldata_utils.h,.h,716,21
src/include/common/cryptohash.h,.h,1217,39
src/include/common/fe_memutils.h,.h,3981,101
src/include/common/file_perm.h,.h,1716,56
src/include/common/file_utils.h,.h,1781,65
src/include/common/hashfn.h,.h,2760,119
src/include/common/hashfn_unstable.h,.h,10029,407
src/include/common/hmac.h,.h,977,30
src/include/common/int.h,.h,12805,579
src/include/common/int128.h,.h,6557,276
src/include/common/ip.h,.h,935,33
src/include/common/jsonapi.h,.h,7384,224
src/include/common/keywords.h,.h,845,29
src/include/common/kwlookup.h,.h,1481,44
src/include/common/link-canary.h,.h,482,17
src/include/common/logging.h,.h,4217,156
src/include/common/md5.h,.h,1211,37
src/include/common/openssl.h,.h,1534,49
src/include/common/parse_manifest.h,.h,2370,58
src/include/common/percentrepl.h,.h,620,18
src/include/common/pg_lzcompress.h,.h,2776,93
src/include/common/pg_prng.h,.h,2261,62
src/include/common/relpath.h,.h,2937,97
src/include/common/restricted_token.h,.h,711,24
src/include/common/saslprep.h,.h,854,30
src/include/common/scram-common.h,.h,2487,70
src/include/common/sha1.h,.h,585,21
src/include/common/sha2.h,.h,1161,32
src/include/common/shortest_dec.h,.h,2009,63
src/include/common/string.h,.h,1593,44
src/include/common/unicode_case.h,.h,1044,32
src/include/common/unicode_case_table.h,.h,252322,3001
src/include/common/unicode_category.h,.h,3267,91
src/include/common/unicode_category_table.h,.h,232068,7025
src/include/common/unicode_east_asian_fw_table.h,.h,2550,124
src/include/common/unicode_nonspacing_table.h,.h,6498,326
src/include/common/unicode_norm.h,.h,976,39
src/include/common/unicode_norm_hashfunc.h,.h,144326,2974
src/include/common/unicode_norm_table.h,.h,356819,9114
src/include/common/unicode_normprops_table.h,.h,288081,7926
src/include/common/unicode_version.h,.h,449,14
src/include/common/username.h,.h,337,15
src/include/datatype/timestamp.h,.h,9594,269
src/include/executor/execAsync.h,.h,871,25
src/include/executor/execExpr.h,.h,25304,869
src/include/executor/execParallel.h,.h,2071,51
src/include/executor/execPartition.h,.h,5275,131
src/include/executor/execdebug.h,.h,3982,130
src/include/executor/execdesc.h,.h,2393,70
src/include/executor/executor.h,.h,26684,685
src/include/executor/functions.h,.h,1850,56
src/include/executor/hashjoin.h,.h,15682,377
src/include/executor/instrument.h,.h,5146,120
src/include/executor/nodeAgg.h,.h,11578,341
src/include/executor/nodeAppend.h,.h,1061,30
src/include/executor/nodeBitmapAnd.h,.h,742,24
src/include/executor/nodeBitmapHeapscan.h,.h,1193,32
src/include/executor/nodeBitmapIndexscan.h,.h,826,24
src/include/executor/nodeBitmapOr.h,.h,728,24
src/include/executor/nodeCtescan.h,.h,663,23
src/include/executor/nodeCustom.h,.h,1354,42
src/include/executor/nodeForeignscan.h,.h,1398,38
src/include/executor/nodeFunctionscan.h,.h,723,23
src/include/executor/nodeGather.h,.h,731,24
src/include/executor/nodeGatherMerge.h,.h,830,26
src/include/executor/nodeGroup.h,.h,668,23
src/include/executor/nodeHash.h,.h,3421,82
src/include/executor/nodeHashjoin.h,.h,1302,34
src/include/executor/nodeIncrementalSort.h,.h,1202,28
src/include/executor/nodeIndexonlyscan.h,.h,1368,36
src/include/executor/nodeIndexscan.h,.h,1933,47
src/include/executor/nodeLimit.h,.h,639,23
src/include/executor/nodeLockRows.h,.h,675,23
src/include/executor/nodeMaterial.h,.h,784,25
src/include/executor/nodeMemoize.h,.h,1103,32
src/include/executor/nodeMergeAppend.h,.h,711,23
src/include/executor/nodeMergejoin.h,.h,687,23
src/include/executor/nodeModifyTable.h,.h,1081,33
src/include/executor/nodeNamedtuplestorescan.h,.h,735,22
src/include/executor/nodeNestloop.h,.h,675,23
src/include/executor/nodeProjectSet.h,.h,699,23
src/include/executor/nodeRecursiveunion.h,.h,747,23
src/include/executor/nodeResult.h,.h,752,25
src/include/executor/nodeSamplescan.h,.h,699,23
src/include/executor/nodeSeqscan.h,.h,1062,31
src/include/executor/nodeSetOp.h,.h,639,23
src/include/executor/nodeSort.h,.h,1081,32
src/include/executor/nodeSubplan.h,.h,876,29
src/include/executor/nodeSubqueryscan.h,.h,723,23
src/include/executor/nodeTableFuncscan.h,.h,735,23
src/include/executor/nodeTidrangescan.h,.h,737,24
src/include/executor/nodeTidscan.h,.h,663,23
src/include/executor/nodeUnique.h,.h,651,23
src/include/executor/nodeValuesscan.h,.h,645,22
src/include/executor/nodeWindowAgg.h,.h,720,23
src/include/executor/nodeWorktablescan.h,.h,675,22
src/include/executor/spi.h,.h,7664,207
src/include/executor/spi_priv.h,.h,4439,105
src/include/executor/tablefunc.h,.h,2850,67
src/include/executor/tqueue.h,.h,1048,32
src/include/executor/tstoreReceiver.h,.h,857,31
src/include/executor/tuptable.h,.h,18451,523
src/include/fe_utils/archive.h,.h,632,21
src/include/fe_utils/cancel.h,.h,798,32
src/include/fe_utils/conditional.h,.h,3742,102
src/include/fe_utils/connect_utils.h,.h,1408,48
src/include/fe_utils/mbprint.h,.h,945,30
src/include/fe_utils/option_utils.h,.h,959,30
src/include/fe_utils/parallel_slot.h,.h,2126,77
src/include/fe_utils/print.h,.h,8708,236
src/include/fe_utils/psqlscan.h,.h,2832,90
src/include/fe_utils/psqlscan_int.h,.h,6701,157
src/include/fe_utils/query_utils.h,.h,776,26
src/include/fe_utils/recovery_gen.h,.h,848,29
src/include/fe_utils/simple_list.h,.h,2008,70
src/include/fe_utils/string_utils.h,.h,2765,69
src/include/fmgr.h,.h,35647,800
src/include/foreign/fdwapi.h,.h,10730,294
src/include/foreign/foreign.h,.h,2704,85
src/include/funcapi.h,.h,12781,360
src/include/getopt_long.h,.h,697,36
src/include/jit/SectionMemoryManager.h,.h,10129,226
src/include/jit/jit.h,.h,2910,106
src/include/jit/llvmjit.h,.h,5151,152
src/include/jit/llvmjit_backport.h,.h,904,25
src/include/jit/llvmjit_emit.h,.h,7618,336
src/include/lib/binaryheap.h,.h,2243,69
src/include/lib/bipartite_match.h,.h,1788,46
src/include/lib/bloomfilter.h,.h,860,27
src/include/lib/dshash.h,.h,5022,130
src/include/lib/hyperloglog.h,.h,2545,68
src/include/lib/ilist.h,.h,32051,1159
src/include/lib/integerset.h,.h,716,24
src/include/lib/knapsack.h,.h,339,16
src/include/lib/pairingheap.h,.h,3505,102
src/include/lib/qunique.h,.h,1597,67
src/include/lib/radixtree.h,.h,81079,3066
src/include/lib/rbtree.h,.h,2762,81
src/include/lib/simplehash.h,.h,33738,1206
src/include/lib/sort_template.h,.h,13517,445
src/include/lib/stringinfo.h,.h,9257,243
src/include/libpq/auth.h,.h,1229,37
src/include/libpq/be-fsstubs.h,.h,910,32
src/include/libpq/be-gssapi-common.h,.h,890,33
src/include/libpq/crypt.h,.h,1528,47
src/include/libpq/hba.h,.h,4529,186
src/include/libpq/ifaddr.h,.h,918,30
src/include/libpq/libpq-be-fe-helpers.h,.h,12063,457
src/include/libpq/libpq-be.h,.h,11568,361
src/include/libpq/libpq-fs.h,.h,637,24
src/include/libpq/libpq.h,.h,4579,143
src/include/libpq/pqcomm.h,.h,5394,169
src/include/libpq/pqformat.h,.h,5934,209
src/include/libpq/pqmq.h,.h,749,24
src/include/libpq/pqsignal.h,.h,1544,54
src/include/libpq/protocol.h,.h,3008,89
src/include/libpq/sasl.h,.h,4753,136
src/include/libpq/scram.h,.h,1208,37
src/include/mb/pg_wchar.h,.h,30207,802
src/include/mb/stringinfo_mb.h,.h,667,24
src/include/miscadmin.h,.h,19585,528
src/include/nodes/bitmapset.h,.h,4969,140
src/include/nodes/execnodes.h,.h,105376,2853
src/include/nodes/extensible.h,.h,5690,164
src/include/nodes/lockoptions.h,.h,1887,61
src/include/nodes/makefuncs.h,.h,4340,127
src/include/nodes/memnodes.h,.h,5353,152
src/include/nodes/miscnodes.h,.h,2228,56
src/include/nodes/multibitmapset.h,.h,1603,39
src/include/nodes/nodeFuncs.h,.h,7648,222
src/include/nodes/nodes.h,.h,14718,434
src/include/nodes/params.h,.h,6695,170
src/include/nodes/parsenodes.h,.h,144525,4233
src/include/nodes/pathnodes.h,.h,134652,3438
src/include/nodes/pg_list.h,.h,25384,686
src/include/nodes/plannodes.h,.h,53528,1593
src/include/nodes/primnodes.h,.h,83571,2339
src/include/nodes/print.h,.h,1077,34
src/include/nodes/queryjumble.h,.h,2170,86
src/include/nodes/readfuncs.h,.h,1083,38
src/include/nodes/replnodes.h,.h,2482,132
src/include/nodes/subscripting.h,.h,8646,167
src/include/nodes/supportnodes.h,.h,16029,346
src/include/nodes/tidbitmap.h,.h,2732,75
src/include/nodes/value.h,.h,2293,90
src/include/optimizer/appendinfo.h,.h,2082,50
src/include/optimizer/clauses.h,.h,1863,58
src/include/optimizer/cost.h,.h,9784,216
src/include/optimizer/geqo.h,.h,2278,90
src/include/optimizer/geqo_copy.h,.h,970,30
src/include/optimizer/geqo_gene.h,.h,1118,45
src/include/optimizer/geqo_misc.h,.h,1132,34
src/include/optimizer/geqo_mutation.h,.h,963,30
src/include/optimizer/geqo_pool.h,.h,1321,40
src/include/optimizer/geqo_random.h,.h,1243,38
src/include/optimizer/geqo_recombination.h,.h,2681,89
src/include/optimizer/geqo_selection.h,.h,1025,33
src/include/optimizer/inherit.h,.h,858,29
src/include/optimizer/joininfo.h,.h,856,30
src/include/optimizer/optimizer.h,.h,7298,205
src/include/optimizer/orclauses.h,.h,567,21
src/include/optimizer/paramassign.h,.h,1491,36
src/include/optimizer/pathnode.h,.h,13740,351
src/include/optimizer/paths.h,.h,10750,271
src/include/optimizer/placeholder.h,.h,1204,33
src/include/optimizer/plancat.h,.h,2638,82
src/include/optimizer/planmain.h,.h,4681,123
src/include/optimizer/planner.h,.h,2094,62
src/include/optimizer/prep.h,.h,1764,58
src/include/optimizer/restrictinfo.h,.h,1842,51
src/include/optimizer/subselect.h,.h,1684,43
src/include/optimizer/tlist.h,.h,2168,56
src/include/parser/analyze.h,.h,2621,66
src/include/parser/kwlist.h,.h,31429,518
src/include/parser/parse_agg.h,.h,2067,65
src/include/parser/parse_clause.h,.h,2302,57
src/include/parser/parse_coerce.h,.h,3922,105
src/include/parser/parse_collate.h,.h,833,27
src/include/parser/parse_cte.h,.h,701,24
src/include/parser/parse_enr.h,.h,681,22
src/include/parser/parse_expr.h,.h,722,25
src/include/parser/parse_func.h,.h,2505,74
src/include/parser/parse_merge.h,.h,588,21
src/include/parser/parse_node.h,.h,16387,358
src/include/parser/parse_oper.h,.h,2517,68
src/include/parser/parse_param.h,.h,860,25
src/include/parser/parse_relation.h,.h,5396,129
src/include/parser/parse_target.h,.h,2108,58
src/include/parser/parse_type.h,.h,2226,61
src/include/parser/parse_utilcmd.h,.h,1691,44
src/include/parser/parser.h,.h,2054,68
src/include/parser/parsetree.h,.h,1473,61
src/include/parser/scanner.h,.h,5468,150
src/include/parser/scansup.h,.h,777,27
src/include/partitioning/partbounds.h,.h,6979,146
src/include/partitioning/partdefs.h,.h,680,26
src/include/partitioning/partdesc.h,.h,2672,75
src/include/partitioning/partprune.h,.h,2989,81
src/include/pch/c_pch.h,.h,15,1
src/include/pch/postgres_fe_pch.h,.h,25,1
src/include/pch/postgres_pch.h,.h,22,1
src/include/pg_config_manual.h,.h,14227,385
src/include/pg_getopt.h,.h,1719,56
src/include/pg_trace.h,.h,320,17
src/include/pgstat.h,.h,23921,780
src/include/pgtar.h,.h,2636,84
src/include/pgtime.h,.h,2846,94
src/include/port/atomics/arch-arm.h,.h,930,32
src/include/port/atomics/arch-hppa.h,.h,552,17
src/include/port/atomics/arch-ppc.h,.h,7140,256
src/include/port/atomics/arch-x86.h,.h,7388,254
src/include/port/atomics/fallback.h,.h,5609,170
src/include/port/atomics/generic-gcc.h,.h,10216,331
src/include/port/atomics/generic-msvc.h,.h,3126,119
src/include/port/atomics/generic-sunpro.h,.h,3001,121
src/include/port/atomics/generic.h,.h,12215,437
src/include/port/atomics.h,.h,17671,606
src/include/port/cygwin.h,.h,758,23
src/include/port/darwin.h,.h,158,8
src/include/port/freebsd.h,.h,280,8
src/include/port/linux.h,.h,1060,22
src/include/port/netbsd.h,.h,32,1
src/include/port/openbsd.h,.h,33,1
src/include/port/pg_bitutils.h,.h,9925,421
src/include/port/pg_bswap.h,.h,4268,161
src/include/port/pg_crc32c.h,.h,3591,110
src/include/port/pg_iovec.h,.h,2683,123
src/include/port/pg_lfind.h,.h,5064,209
src/include/port/pg_pthread.h,.h,1161,41
src/include/port/simd.h,.h,10788,422
src/include/port/solaris.h,.h,980,35
src/include/port/win32/arpa/inet.h,.h,66,3
src/include/port/win32/dlfcn.h,.h,37,1
src/include/port/win32/grp.h,.h,35,1
src/include/port/win32/netdb.h,.h,112,7
src/include/port/win32/netinet/in.h,.h,67,3
src/include/port/win32/netinet/tcp.h,.h,132,7
src/include/port/win32/pwd.h,.h,39,3
src/include/port/win32/sys/resource.h,.h,429,20
src/include/port/win32/sys/select.h,.h,46,3
src/include/port/win32/sys/socket.h,.h,746,34
src/include/port/win32/sys/un.h,.h,305,17
src/include/port/win32/sys/wait.h,.h,44,3
src/include/port/win32.h,.h,1687,59
src/include/port/win32_msvc/dirent.h,.h,643,34
src/include/port/win32_msvc/sys/file.h,.h,45,1
src/include/port/win32_msvc/sys/param.h,.h,46,1
src/include/port/win32_msvc/sys/time.h,.h,45,1
src/include/port/win32_msvc/unistd.h,.h,240,9
src/include/port/win32_msvc/utime.h,.h,98,3
src/include/port/win32_port.h,.h,16959,579
src/include/port/win32ntdll.h,.h,1085,34
src/include/port.h,.h,18038,559
src/include/portability/instr_time.h,.h,5233,197
src/include/portability/mem.h,.h,1261,48
src/include/postgres.h,.h,12057,579
src/include/postgres_ext.h,.h,2238,73
src/include/postgres_fe.h,.h,767,29
src/include/postmaster/autovacuum.h,.h,2257,69
src/include/postmaster/auxprocess.h,.h,570,18
src/include/postmaster/bgworker.h,.h,6206,164
src/include/postmaster/bgworker_internals.h,.h,2115,60
src/include/postmaster/bgwriter.h,.h,1451,45
src/include/postmaster/fork_process.h,.h,451,17
src/include/postmaster/interrupt.h,.h,1008,32
src/include/postmaster/pgarch.h,.h,1198,36
src/include/postmaster/postmaster.h,.h,3542,101
src/include/postmaster/startup.h,.h,1334,41
src/include/postmaster/syslogger.h,.h,3178,101
src/include/postmaster/walsummarizer.h,.h,1095,35
src/include/postmaster/walwriter.h,.h,680,23
src/include/regex/regcustom.h,.h,4291,99
src/include/regex/regerrs.h,.h,1277,83
src/include/regex/regex.h,.h,9555,272
src/include/regex/regexport.h,.h,2571,61
src/include/regex/regguts.h,.h,21306,563
src/include/replication/decode.h,.h,1174,34
src/include/replication/logical.h,.h,4755,155
src/include/replication/logicallauncher.h,.h,1048,34
src/include/replication/logicalproto.h,.h,10235,274
src/include/replication/logicalrelation.h,.h,1913,54
src/include/replication/logicalworker.h,.h,973,33
src/include/replication/message.h,.h,1363,42
src/include/replication/origin.h,.h,2456,73
src/include/replication/output_plugin.h,.h,8072,250
src/include/replication/pgoutput.h,.h,937,38
src/include/replication/reorderbuffer.h,.h,23026,754
src/include/replication/slot.h,.h,9851,291
src/include/replication/slotsync.h,.h,1397,45
src/include/replication/snapbuild.h,.h,3210,97
src/include/replication/syncrep.h,.h,3309,109
src/include/replication/walreceiver.h,.h,16516,504
src/include/replication/walsender.h,.h,2087,76
src/include/replication/walsender_private.h,.h,4571,159
src/include/replication/worker_internal.h,.h,10812,353
src/include/rewrite/prs2lock.h,.h,1056,46
src/include/rewrite/rewriteDefine.h,.h,1247,44
src/include/rewrite/rewriteHandler.h,.h,1313,41
src/include/rewrite/rewriteManip.h,.h,3484,96
src/include/rewrite/rewriteRemove.h,.h,541,21
src/include/rewrite/rewriteSearchCycle.h,.h,636,21
src/include/rewrite/rewriteSupport.h,.h,782,26
src/include/rewrite/rowsecurity.h,.h,1724,49
src/include/snowball/header.h,.h,1926,67
src/include/snowball/libstemmer/api.h,.h,796,32
src/include/snowball/libstemmer/header.h,.h,2586,61
src/include/snowball/libstemmer/stem_ISO_8859_1_basque.h,.h,307,15
src/include/snowball/libstemmer/stem_ISO_8859_1_catalan.h,.h,310,15
src/include/snowball/libstemmer/stem_ISO_8859_1_danish.h,.h,307,15
src/include/snowball/libstemmer/stem_ISO_8859_1_dutch.h,.h,304,15
src/include/snowball/libstemmer/stem_ISO_8859_1_english.h,.h,310,15
src/include/snowball/libstemmer/stem_ISO_8859_1_finnish.h,.h,310,15
src/include/snowball/libstemmer/stem_ISO_8859_1_french.h,.h,307,15
src/include/snowball/libstemmer/stem_ISO_8859_1_german.h,.h,307,15
src/include/snowball/libstemmer/stem_ISO_8859_1_indonesian.h,.h,319,15
src/include/snowball/libstemmer/stem_ISO_8859_1_irish.h,.h,304,15
src/include/snowball/libstemmer/stem_ISO_8859_1_italian.h,.h,310,15
src/include/snowball/libstemmer/stem_ISO_8859_1_norwegian.h,.h,316,15
src/include/snowball/libstemmer/stem_ISO_8859_1_porter.h,.h,307,15
src/include/snowball/libstemmer/stem_ISO_8859_1_portuguese.h,.h,319,15
src/include/snowball/libstemmer/stem_ISO_8859_1_spanish.h,.h,310,15
src/include/snowball/libstemmer/stem_ISO_8859_1_swedish.h,.h,310,15
src/include/snowball/libstemmer/stem_ISO_8859_2_hungarian.h,.h,316,15
src/include/snowball/libstemmer/stem_ISO_8859_2_romanian.h,.h,313,15
src/include/snowball/libstemmer/stem_KOI8_R_russian.h,.h,298,15
src/include/snowball/libstemmer/stem_UTF_8_arabic.h,.h,292,15
src/include/snowball/libstemmer/stem_UTF_8_armenian.h,.h,298,15
src/include/snowball/libstemmer/stem_UTF_8_basque.h,.h,292,15
src/include/snowball/libstemmer/stem_UTF_8_catalan.h,.h,295,15
src/include/snowball/libstemmer/stem_UTF_8_danish.h,.h,292,15
src/include/snowball/libstemmer/stem_UTF_8_dutch.h,.h,289,15
src/include/snowball/libstemmer/stem_UTF_8_english.h,.h,295,15
src/include/snowball/libstemmer/stem_UTF_8_finnish.h,.h,295,15
src/include/snowball/libstemmer/stem_UTF_8_french.h,.h,292,15
src/include/snowball/libstemmer/stem_UTF_8_german.h,.h,292,15
src/include/snowball/libstemmer/stem_UTF_8_greek.h,.h,289,15
src/include/snowball/libstemmer/stem_UTF_8_hindi.h,.h,289,15
src/include/snowball/libstemmer/stem_UTF_8_hungarian.h,.h,301,15
src/include/snowball/libstemmer/stem_UTF_8_indonesian.h,.h,304,15
src/include/snowball/libstemmer/stem_UTF_8_irish.h,.h,289,15
src/include/snowball/libstemmer/stem_UTF_8_italian.h,.h,295,15
src/include/snowball/libstemmer/stem_UTF_8_lithuanian.h,.h,304,15
src/include/snowball/libstemmer/stem_UTF_8_nepali.h,.h,292,15
src/include/snowball/libstemmer/stem_UTF_8_norwegian.h,.h,301,15
src/include/snowball/libstemmer/stem_UTF_8_porter.h,.h,292,15
src/include/snowball/libstemmer/stem_UTF_8_portuguese.h,.h,304,15
src/include/snowball/libstemmer/stem_UTF_8_romanian.h,.h,298,15
src/include/snowball/libstemmer/stem_UTF_8_russian.h,.h,295,15
src/include/snowball/libstemmer/stem_UTF_8_serbian.h,.h,295,15
src/include/snowball/libstemmer/stem_UTF_8_spanish.h,.h,295,15
src/include/snowball/libstemmer/stem_UTF_8_swedish.h,.h,295,15
src/include/snowball/libstemmer/stem_UTF_8_tamil.h,.h,289,15
src/include/snowball/libstemmer/stem_UTF_8_turkish.h,.h,295,15
src/include/snowball/libstemmer/stem_UTF_8_yiddish.h,.h,295,15
src/include/statistics/extended_stats_internal.h,.h,4369,130
src/include/statistics/statistics.h,.h,4766,130
src/include/storage/barrier.h,.h,1516,46
src/include/storage/block.h,.h,2906,108
src/include/storage/buf.h,.h,1086,46
src/include/storage/buf_internals.h,.h,16012,468
src/include/storage/buffile.h,.h,2414,59
src/include/storage/bufmgr.h,.h,13151,414
src/include/storage/bufpage.h,.h,16192,510
src/include/storage/bulk_write.h,.h,1422,41
src/include/storage/checksum.h,.h,670,24
src/include/storage/checksum_impl.h,.h,9108,215
src/include/storage/condition_variable.h,.h,2971,73
src/include/storage/copydir.h,.h,589,19
src/include/storage/dsm.h,.h,2032,61
src/include/storage/dsm_impl.h,.h,2311,79
src/include/storage/dsm_registry.h,.h,732,23
src/include/storage/fd.h,.h,8490,230
src/include/storage/fileset.h,.h,1166,40
src/include/storage/freespace.h,.h,1419,39
src/include/storage/fsm_internals.h,.h,2325,72
src/include/storage/indexfsm.h,.h,809,26
src/include/storage/ipc.h,.h,2982,87
src/include/storage/item.h,.h,473,19
src/include/storage/itemid.h,.h,4428,184
src/include/storage/itemptr.h,.h,6495,245
src/include/storage/large_object.h,.h,3665,100
src/include/storage/latch.h,.h,7424,196
src/include/storage/lmgr.h,.h,5214,126
src/include/storage/lock.h,.h,25331,624
src/include/storage/lockdefs.h,.h,2181,61
src/include/storage/lwlock.h,.h,8178,230
src/include/storage/lwlocklist.h,.h,2948,85
src/include/storage/md.h,.h,2389,56
src/include/storage/off.h,.h,1562,57
src/include/storage/pg_sema.h,.h,2191,61
src/include/storage/pg_shmem.h,.h,3014,93
src/include/storage/pmsignal.h,.h,3435,105
src/include/storage/predicate.h,.h,3142,83
src/include/storage/predicate_internals.h,.h,17480,478
src/include/storage/proc.h,.h,19739,490
src/include/storage/procarray.h,.h,4266,103
src/include/storage/proclist.h,.h,6749,219
src/include/storage/proclist_types.h,.h,1661,53
src/include/storage/procnumber.h,.h,1424,43
src/include/storage/procsignal.h,.h,2676,77
src/include/storage/read_stream.h,.h,2362,65
src/include/storage/reinit.h,.h,790,30
src/include/storage/relfilelocator.h,.h,4101,100
src/include/storage/s_lock.h,.h,25096,847
src/include/storage/sharedfileset.h,.h,1036,37
src/include/storage/shm_mq.h,.h,2753,86
src/include/storage/shm_toc.h,.h,2255,58
src/include/storage/shmem.h,.h,2024,57
src/include/storage/sinval.h,.h,5654,153
src/include/storage/sinvaladt.h,.h,1509,42
src/include/storage/smgr.h,.h,4985,130
src/include/storage/spin.h,.h,2491,77
src/include/storage/standby.h,.h,4280,109
src/include/storage/standbydefs.h,.h,2316,74
src/include/storage/sync.h,.h,2041,66
src/include/tcop/backend_startup.h,.h,1202,41
src/include/tcop/cmdtag.h,.h,1715,62
src/include/tcop/cmdtaglist.h,.h,14716,219
src/include/tcop/deparse_utility.h,.h,2089,108
src/include/tcop/dest.h,.h,6141,148
src/include/tcop/fastpath.h,.h,514,20
src/include/tcop/pquery.h,.h,1372,51
src/include/tcop/tcopprot.h,.h,3629,98
src/include/tcop/utility.h,.h,3995,112
src/include/tsearch/dicts/regis.h,.h,959,49
src/include/tsearch/dicts/spell.h,.h,5368,241
src/include/tsearch/ts_cache.h,.h,1969,96
src/include/tsearch/ts_locale.h,.h,2424,80
src/include/tsearch/ts_public.h,.h,4811,159
src/include/tsearch/ts_type.h,.h,7206,272
src/include/tsearch/ts_utils.h,.h,9027,281
src/include/utils/acl.h,.h,11250,290
src/include/utils/aclchk_internal.h,.h,1451,45
src/include/utils/array.h,.h,18710,481
src/include/utils/arrayaccess.h,.h,3064,118
src/include/utils/ascii.h,.h,2268,84
src/include/utils/attoptcache.h,.h,739,28
src/include/utils/backend_progress.h,.h,1351,46
src/include/utils/backend_status.h,.h,9888,340
src/include/utils/builtins.h,.h,5116,140
src/include/utils/bytea.h,.h,638,28
src/include/utils/cash.h,.h,595,35
src/include/utils/catcache.h,.h,8725,232
src/include/utils/combocid.h,.h,874,28
src/include/utils/conffiles.h,.h,837,27
src/include/utils/date.h,.h,3450,118
src/include/utils/datetime.h,.h,11645,367
src/include/utils/datum.h,.h,2380,76
src/include/utils/dsa.h,.h,6550,166
src/include/utils/dynahash.h,.h,523,20
src/include/utils/elog.h,.h,20778,541
src/include/utils/evtcache.h,.h,937,38
src/include/utils/expandeddatum.h,.h,7213,170
src/include/utils/expandedrecord.h,.h,9751,241
src/include/utils/float.h,.h,8481,357
src/include/utils/fmgrtab.h,.h,1501,49
src/include/utils/formatting.h,.h,1117,34
src/include/utils/freepage.h,.h,3512,99
src/include/utils/geo_decls.h,.h,7013,285
src/include/utils/guc.h,.h,17963,456
src/include/utils/guc_hooks.h,.h,10243,182
src/include/utils/guc_tables.h,.h,10481,323
src/include/utils/help_config.h,.h,457,17
src/include/utils/hsearch.h,.h,5964,153
src/include/utils/index_selfuncs.h,.h,2492,74
src/include/utils/inet.h,.h,5059,184
src/include/utils/injection_point.h,.h,1260,44
src/include/utils/inval.h,.h,2156,74
src/include/utils/json.h,.h,1091,31
src/include/utils/jsonb.h,.h,16290,440
src/include/utils/jsonfuncs.h,.h,3671,99
src/include/utils/jsonpath.h,.h,8355,310
src/include/utils/logtape.h,.h,3032,77
src/include/utils/lsyscache.h,.h,9413,216
src/include/utils/memdebug.h,.h,2196,82
src/include/utils/memutils.h,.h,6898,192
src/include/utils/memutils_internal.h,.h,6878,176
src/include/utils/memutils_memorychunk.h,.h,9117,253
src/include/utils/multirangetypes.h,.h,5715,150
src/include/utils/numeric.h,.h,3350,110
src/include/utils/palloc.h,.h,6471,165
src/include/utils/partcache.h,.h,2403,103
src/include/utils/pg_crc.h,.h,3501,107
src/include/utils/pg_locale.h,.h,4431,141
src/include/utils/pg_lsn.h,.h,907,38
src/include/utils/pg_rusage.h,.h,786,32
src/include/utils/pgstat_internal.h,.h,23146,827
src/include/utils/pidfile.h,.h,2113,56
src/include/utils/plancache.h,.h,10896,238
src/include/utils/portal.h,.h,10516,252
src/include/utils/ps_status.h,.h,1151,47
src/include/utils/queryenvironment.h,.h,2811,74
src/include/utils/rangetypes.h,.h,6676,168
src/include/utils/regproc.h,.h,1537,39
src/include/utils/rel.h,.h,24999,711
src/include/utils/relcache.h,.h,4976,163
src/include/utils/relfilenumbermap.h,.h,629,21
src/include/utils/relmapper.h,.h,2276,73
src/include/utils/relptr.h,.h,2923,93
src/include/utils/reltrigger.h,.h,2258,81
src/include/utils/resowner.h,.h,5861,167
src/include/utils/rls.h,.h,1785,50
src/include/utils/ruleutils.h,.h,1952,52
src/include/utils/sampling.h,.h,1987,64
src/include/utils/selfuncs.h,.h,9875,246
src/include/utils/sharedtuplestore.h,.h,1907,61
src/include/utils/snapmgr.h,.h,5016,130
src/include/utils/snapshot.h,.h,8022,219
src/include/utils/sortsupport.h,.h,13623,391
src/include/utils/spccache.h,.h,688,21
src/include/utils/syscache.h,.h,5298,136
src/include/utils/timeout.h,.h,2852,96
src/include/utils/timestamp.h,.h,4788,147
src/include/utils/tuplesort.h,.h,20473,472
src/include/utils/tuplestore.h,.h,3292,88
src/include/utils/typcache.h,.h,7687,210
src/include/utils/tzparser.h,.h,1159,39
src/include/utils/usercontext.h,.h,733,26
src/include/utils/uuid.h,.h,939,42
src/include/utils/varbit.h,.h,2950,89
src/include/utils/varlena.h,.h,1898,53
src/include/utils/wait_event.h,.h,3615,108
src/include/utils/xid8.h,.h,804,32
src/include/utils/xml.h,.h,2885,94
src/include/varatt.h,.h,14008,358
src/include/windowapi.h,.h,2403,64
src/interfaces/ecpg/compatlib/exports.txt,.txt,1222,44
src/interfaces/ecpg/compatlib/informix.c,.c,18632,1052
src/interfaces/ecpg/ecpglib/connect.c,.c,17576,731
src/interfaces/ecpg/ecpglib/data.c,.c,23967,973
src/interfaces/ecpg/ecpglib/descriptor.c,.c,23169,999
src/interfaces/ecpg/ecpglib/ecpglib_extern.h,.h,8123,271
src/interfaces/ecpg/ecpglib/error.c,.c,11565,346
src/interfaces/ecpg/ecpglib/execute.c,.c,63148,2298
src/interfaces/ecpg/ecpglib/exports.txt,.txt,1059,31
src/interfaces/ecpg/ecpglib/memory.c,.c,2670,167
src/interfaces/ecpg/ecpglib/misc.c,.c,13174,597
src/interfaces/ecpg/ecpglib/prepare.c,.c,15350,616
src/interfaces/ecpg/ecpglib/sqlda.c,.c,18224,592
src/interfaces/ecpg/ecpglib/typename.c,.c,3030,144
src/interfaces/ecpg/include/datetime.h,.h,332,14
src/interfaces/ecpg/include/decimal.h,.h,288,13
src/interfaces/ecpg/include/ecpg-pthread-win32.h,.h,1226,49
src/interfaces/ecpg/include/ecpg_informix.h,.h,3160,90
src/interfaces/ecpg/include/ecpgerrno.h,.h,2544,79
src/interfaces/ecpg/include/ecpglib.h,.h,3310,107
src/interfaces/ecpg/include/ecpgtype.h,.h,2709,109
src/interfaces/ecpg/include/pgtypes.h,.h,222,17
src/interfaces/ecpg/include/pgtypes_date.h,.h,869,32
src/interfaces/ecpg/include/pgtypes_error.h,.h,530,18
src/interfaces/ecpg/include/pgtypes_interval.h,.h,1071,48
src/interfaces/ecpg/include/pgtypes_numeric.h,.h,2398,69
src/interfaces/ecpg/include/pgtypes_timestamp.h,.h,1006,31
src/interfaces/ecpg/include/sql3types.h,.h,838,43
src/interfaces/ecpg/include/sqlca.h,.h,1283,66
src/interfaces/ecpg/include/sqlda-compat.h,.h,1575,47
src/interfaces/ecpg/include/sqlda-native.h,.h,825,43
src/interfaces/ecpg/include/sqlda.h,.h,321,18
src/interfaces/ecpg/include/sqltypes.h,.h,1436,57
src/interfaces/ecpg/pgtypeslib/common.c,.c,3179,148
src/interfaces/ecpg/pgtypeslib/datetime.c,.c,15323,713
src/interfaces/ecpg/pgtypeslib/dt.h,.h,10350,341
src/interfaces/ecpg/pgtypeslib/dt_common.c,.c,74599,3010
src/interfaces/ecpg/pgtypeslib/exports.txt,.txt,1691,48
src/interfaces/ecpg/pgtypeslib/interval.c,.c,25913,1088
src/interfaces/ecpg/pgtypeslib/numeric.c,.c,30372,1588
src/interfaces/ecpg/pgtypeslib/pgtypeslib_extern.h,.h,1258,43
src/interfaces/ecpg/pgtypeslib/timestamp.c,.c,20670,925
src/interfaces/ecpg/preproc/c_keywords.c,.c,1549,66
src/interfaces/ecpg/preproc/c_kwlist.h,.h,1628,52
src/interfaces/ecpg/preproc/descriptor.c,.c,8578,366
src/interfaces/ecpg/preproc/ecpg.c,.c,13663,518
src/interfaces/ecpg/preproc/ecpg_keywords.c,.c,1264,54
src/interfaces/ecpg/preproc/ecpg_kwlist.h,.h,2396,67
src/interfaces/ecpg/preproc/keywords.c,.c,1220,38
src/interfaces/ecpg/preproc/output.c,.c,5398,251
src/interfaces/ecpg/preproc/parser.c,.c,6085,253
src/interfaces/ecpg/preproc/pgc.l,.l,49125,1843
src/interfaces/ecpg/preproc/preproc_extern.h,.h,4558,137
src/interfaces/ecpg/preproc/type.c,.c,21205,748
src/interfaces/ecpg/preproc/type.h,.h,5235,234
src/interfaces/ecpg/preproc/variable.c,.c,14899,628
src/interfaces/ecpg/test/expected/compat_informix-charfuncs.c,.c,988,42
src/interfaces/ecpg/test/expected/compat_informix-dec_test.c,.c,6724,301
src/interfaces/ecpg/test/expected/compat_informix-describe.c,.c,10283,467
src/interfaces/ecpg/test/expected/compat_informix-intoasc.c,.c,985,40
src/interfaces/ecpg/test/expected/compat_informix-rfmtdate.c,.c,3947,186
src/interfaces/ecpg/test/expected/compat_informix-rfmtlong.c,.c,1718,84
src/interfaces/ecpg/test/expected/compat_informix-rnull.c,.c,8285,293
src/interfaces/ecpg/test/expected/compat_informix-sqlda.c,.c,11678,530
src/interfaces/ecpg/test/expected/compat_informix-test_informix.c,.c,6833,259
src/interfaces/ecpg/test/expected/compat_informix-test_informix2.c,.c,6976,290
src/interfaces/ecpg/test/expected/compat_oracle-char_array.c,.c,8081,327
src/interfaces/ecpg/test/expected/connect-test1.c,.c,3194,124
src/interfaces/ecpg/test/expected/connect-test2.c,.c,2519,104
src/interfaces/ecpg/test/expected/connect-test3.c,.c,2180,106
src/interfaces/ecpg/test/expected/connect-test4.c,.c,674,44
src/interfaces/ecpg/test/expected/connect-test5.c,.c,3956,158
src/interfaces/ecpg/test/expected/connect-test6.c,.c,3785,146
src/interfaces/ecpg/test/expected/pgtypeslib-dt_test.c,.c,15014,499
src/interfaces/ecpg/test/expected/pgtypeslib-dt_test2.c,.c,4067,186
src/interfaces/ecpg/test/expected/pgtypeslib-nan_test.c,.c,7679,266
src/interfaces/ecpg/test/expected/pgtypeslib-num_test.c,.c,4867,202
src/interfaces/ecpg/test/expected/pgtypeslib-num_test2.c,.c,6823,290
src/interfaces/ecpg/test/expected/preproc-array_of_struct.c,.c,7614,288
src/interfaces/ecpg/test/expected/preproc-autoprep.c,.c,6167,256
src/interfaces/ecpg/test/expected/preproc-comment.c,.c,870,42
src/interfaces/ecpg/test/expected/preproc-cursor.c,.c,25252,859
src/interfaces/ecpg/test/expected/preproc-define.c,.c,3407,184
src/interfaces/ecpg/test/expected/preproc-describe.c,.c,10855,481
src/interfaces/ecpg/test/expected/preproc-init.c,.c,4735,261
src/interfaces/ecpg/test/expected/preproc-outofscope.c,.c,9872,372
src/interfaces/ecpg/test/expected/preproc-pointer_to_struct.c,.c,8085,293
src/interfaces/ecpg/test/expected/preproc-strings.c,.c,2210,82
src/interfaces/ecpg/test/expected/preproc-type.c,.c,3839,182
src/interfaces/ecpg/test/expected/preproc-variable.c,.c,7176,291
src/interfaces/ecpg/test/expected/preproc-whenever.c,.c,5819,246
src/interfaces/ecpg/test/expected/preproc-whenever_do_continue.c,.c,4387,164
src/interfaces/ecpg/test/expected/sql-array.c,.c,9196,355
src/interfaces/ecpg/test/expected/sql-binary.c,.c,5955,230
src/interfaces/ecpg/test/expected/sql-bytea.c,.c,10766,373
src/interfaces/ecpg/test/expected/sql-code100.c,.c,4213,164
src/interfaces/ecpg/test/expected/sql-copystdout.c,.c,3203,150
src/interfaces/ecpg/test/expected/sql-createtableas.c,.c,4110,164
src/interfaces/ecpg/test/expected/sql-declare.c,.c,15023,618
src/interfaces/ecpg/test/expected/sql-define.c,.c,5557,266
src/interfaces/ecpg/test/expected/sql-desc.c,.c,9295,377
src/interfaces/ecpg/test/expected/sql-describe.c,.c,10246,465
src/interfaces/ecpg/test/expected/sql-dynalloc.c,.c,7724,340
src/interfaces/ecpg/test/expected/sql-dynalloc2.c,.c,5841,256
src/interfaces/ecpg/test/expected/sql-dyntest.c,.c,11044,486
src/interfaces/ecpg/test/expected/sql-execute.c,.c,8243,331
src/interfaces/ecpg/test/expected/sql-fetch.c,.c,5816,237
src/interfaces/ecpg/test/expected/sql-func.c,.c,4147,170
src/interfaces/ecpg/test/expected/sql-indicators.c,.c,5071,189
src/interfaces/ecpg/test/expected/sql-insupd.c,.c,3726,145
src/interfaces/ecpg/test/expected/sql-oldexec.c,.c,6339,251
src/interfaces/ecpg/test/expected/sql-parser.c,.c,2979,126
src/interfaces/ecpg/test/expected/sql-prepareas.c,.c,21348,664
src/interfaces/ecpg/test/expected/sql-quote.c,.c,5500,230
src/interfaces/ecpg/test/expected/sql-show.c,.c,4268,170
src/interfaces/ecpg/test/expected/sql-sqlda.c,.c,12921,540
src/interfaces/ecpg/test/expected/sql-sqljson.c,.c,12900,428
src/interfaces/ecpg/test/expected/sql-sqljson_jsontable.c,.c,3336,153
src/interfaces/ecpg/test/expected/sql-twophase.c,.c,2304,114
src/interfaces/ecpg/test/expected/thread-alloc.c,.c,3828,209
src/interfaces/ecpg/test/expected/thread-descriptor.c,.c,2897,155
src/interfaces/ecpg/test/expected/thread-prep.c,.c,4760,250
src/interfaces/ecpg/test/expected/thread-thread.c,.c,5029,207
src/interfaces/ecpg/test/expected/thread-thread_implicit.c,.c,5240,207
src/interfaces/ecpg/test/pg_regress_ecpg.c,.c,6518,266
src/interfaces/ecpg/test/preproc/strings.h,.h,83,8
src/interfaces/ecpg/test/preproc/struct.h,.h,244,19
src/interfaces/ecpg/test/printf_hack.h,.h,617,29
src/interfaces/ecpg/test/regression.h,.h,193,5
src/interfaces/libpq/exports.txt,.txt,6154,207
src/interfaces/libpq/fe-auth-sasl.h,.h,4600,144
src/interfaces/libpq/fe-auth-scram.c,.c,23636,930
src/interfaces/libpq/fe-auth.c,.c,38538,1454
src/interfaces/libpq/fe-auth.h,.h,981,32
src/interfaces/libpq/fe-cancel.c,.c,18580,703
src/interfaces/libpq/fe-connect.c,.c,201211,7787
src/interfaces/libpq/fe-exec.c,.c,120379,4729
src/interfaces/libpq/fe-gssapi-common.c,.c,3153,128
src/interfaces/libpq/fe-gssapi-common.h,.h,719,28
src/interfaces/libpq/fe-lobj.c,.c,22202,1064
src/interfaces/libpq/fe-misc.c,.c,35127,1401
src/interfaces/libpq/fe-print.c,.c,17909,793
src/interfaces/libpq/fe-protocol3.c,.c,63696,2360
src/interfaces/libpq/fe-secure-common.c,.c,8130,307
src/interfaces/libpq/fe-secure-common.h,.h,977,30
src/interfaces/libpq/fe-secure-gssapi.c,.c,23888,777
src/interfaces/libpq/fe-secure-openssl.c,.c,57941,2148
src/interfaces/libpq/fe-secure.c,.c,13852,596
src/interfaces/libpq/fe-trace.c,.c,18616,731
src/interfaces/libpq/legacy-pqsignal.c,.c,1848,63
src/interfaces/libpq/libpq-events.c,.c,4586,211
src/interfaces/libpq/libpq-events.h,.h,2214,94
src/interfaces/libpq/libpq-fe.h,.h,27585,737
src/interfaces/libpq/libpq-int.h,.h,35102,951
src/interfaces/libpq/pqexpbuffer.c,.c,9841,412
src/interfaces/libpq/pqexpbuffer.h,.h,6785,192
src/interfaces/libpq/pthread-win32.c,.c,1238,66
src/interfaces/libpq/test/libpq_testclient.c,.c,617,37
src/interfaces/libpq/test/libpq_uri_regress.c,.c,2045,84
src/interfaces/libpq/win32.c,.c,5706,320
src/interfaces/libpq/win32.h,.h,449,23
src/pl/plperl/plperl--1.0.sql,.sql,642,20
src/pl/plperl/plperl.c,.c,113603,4247
src/pl/plperl/plperl.h,.h,4979,206
src/pl/plperl/plperl_system.h,.h,5708,216
src/pl/plperl/plperlu--1.0.sql,.sql,530,17
src/pl/plperl/ppport.h,.h,544415,17925
src/pl/plperl/sql/plperl.sql,.sql,14304,523
src/pl/plperl/sql/plperl_array.sql,.sql,6196,208
src/pl/plperl/sql/plperl_call.sql,.sql,1093,78
src/pl/plperl/sql/plperl_elog.sql,.sql,1572,78
src/pl/plperl/sql/plperl_end.sql,.sql,780,29
src/pl/plperl/sql/plperl_env.sql,.sql,1343,61
src/pl/plperl/sql/plperl_init.sql,.sql,770,41
src/pl/plperl/sql/plperl_lc.sql,.sql,231,8
src/pl/plperl/sql/plperl_plperlu.sql,.sql,1830,58
src/pl/plperl/sql/plperl_setup.sql,.sql,1829,73
src/pl/plperl/sql/plperl_shared.sql,.sql,911,41
src/pl/plperl/sql/plperl_transaction.sql,.sql,3655,195
src/pl/plperl/sql/plperl_trigger.sql,.sql,7155,259
src/pl/plperl/sql/plperl_unicode.sql,.sql,625,19
src/pl/plperl/sql/plperl_util.sql,.sql,3973,121
src/pl/plperl/sql/plperlu.sql,.sql,597,17
src/pl/plpgsql/src/pl_comp.c,.c,76019,2662
src/pl/plpgsql/src/pl_exec.c,.c,262870,8885
src/pl/plpgsql/src/pl_funcs.c,.c,36577,1693
src/pl/plpgsql/src/pl_gram.y,.y,111825,4172
src/pl/plpgsql/src/pl_handler.c,.c,15695,551
src/pl/plpgsql/src/pl_reserved_kwlist.h,.h,1592,52
src/pl/plpgsql/src/pl_scanner.c,.c,18035,637
src/pl/plpgsql/src/pl_unreserved_kwlist.h,.h,3847,112
src/pl/plpgsql/src/plpgsql--1.0.sql,.sql,658,20
src/pl/plpgsql/src/plpgsql.h,.h,37611,1340
src/pl/plpgsql/src/sql/plpgsql_array.sql,.sql,3615,150
src/pl/plpgsql/src/sql/plpgsql_cache.sql,.sql,1669,50
src/pl/plpgsql/src/sql/plpgsql_call.sql,.sql,10288,591
src/pl/plpgsql/src/sql/plpgsql_control.sql,.sql,10688,502
src/pl/plpgsql/src/sql/plpgsql_copy.sql,.sql,1384,58
src/pl/plpgsql/src/sql/plpgsql_domain.sql,.sql,7031,289
src/pl/plpgsql/src/sql/plpgsql_misc.sql,.sql,1111,39
src/pl/plpgsql/src/sql/plpgsql_record.sql,.sql,16326,571
src/pl/plpgsql/src/sql/plpgsql_simple.sql,.sql,2480,116
src/pl/plpgsql/src/sql/plpgsql_transaction.sql,.sql,11395,636
src/pl/plpgsql/src/sql/plpgsql_trap.sql,.sql,4166,173
src/pl/plpgsql/src/sql/plpgsql_trigger.sql,.sql,635,24
src/pl/plpgsql/src/sql/plpgsql_varprops.sql,.sql,3899,247
src/pl/plpython/plpy_cursorobject.c,.c,11077,488
src/pl/plpython/plpy_cursorobject.h,.h,484,24
src/pl/plpython/plpy_elog.c,.c,16174,617
src/pl/plpython/plpy_elog.h,.h,1318,46
src/pl/plpython/plpy_exec.c,.c,30935,1126
src/pl/plpython/plpy_exec.h,.h,298,13
src/pl/plpython/plpy_main.c,.c,11474,419
src/pl/plpython/plpy_main.h,.h,939,31
src/pl/plpython/plpy_planobject.c,.c,2449,125
src/pl/plpython/plpy_planobject.h,.h,482,27
src/pl/plpython/plpy_plpymodule.c,.c,14047,561
src/pl/plpython/plpy_plpymodule.h,.h,358,18
src/pl/plpython/plpy_procedure.c,.c,12135,471
src/pl/plpython/plpy_procedure.h,.h,2488,72
src/pl/plpython/plpy_resultobject.c,.c,5664,250
src/pl/plpython/plpy_resultobject.h,.h,600,27
src/pl/plpython/plpy_spi.c,.c,15783,658
src/pl/plpython/plpy_spi.h,.h,986,29
src/pl/plpython/plpy_subxactobject.c,.c,4885,186
src/pl/plpython/plpy_subxactobject.h,.h,699,33
src/pl/plpython/plpy_typeio.c,.c,42191,1557
src/pl/plpython/plpy_typeio.h,.h,5693,175
src/pl/plpython/plpy_util.c,.c,2610,121
src/pl/plpython/plpy_util.h,.h,477,17
src/pl/plpython/plpython.h,.h,1053,37
src/pl/plpython/plpython3u--1.0.sql,.sql,556,17
src/pl/plpython/plpython_system.h,.h,1676,53
src/pl/plpython/sql/plpython_call.sql,.sql,1104,80
src/pl/plpython/sql/plpython_composite.sql,.sql,8817,235
src/pl/plpython/sql/plpython_do.sql,.sql,126,3
src/pl/plpython/sql/plpython_drop.sql,.sql,150,6
src/pl/plpython/sql/plpython_ereport.sql,.sql,5704,135
src/pl/plpython/sql/plpython_error.sql,.sql,7905,357
src/pl/plpython/sql/plpython_global.sql,.sql,904,38
src/pl/plpython/sql/plpython_import.sql,.sql,1468,68
src/pl/plpython/sql/plpython_newline.sql,.sql,458,20
src/pl/plpython/sql/plpython_params.sql,.sql,1114,42
src/pl/plpython/sql/plpython_populate.sql,.sql,1386,27
src/pl/plpython/sql/plpython_quote.sql,.sql,772,33
src/pl/plpython/sql/plpython_record.sql,.sql,5647,163
src/pl/plpython/sql/plpython_schema.sql,.sql,917,39
src/pl/plpython/sql/plpython_setof.sql,.sql,2517,97
src/pl/plpython/sql/plpython_spi.sql,.sql,8249,322
src/pl/plpython/sql/plpython_subtransaction.sql,.sql,7804,262
src/pl/plpython/sql/plpython_test.sql,.sql,1301,52
src/pl/plpython/sql/plpython_transaction.sql,.sql,3543,182
src/pl/plpython/sql/plpython_trigger.sql,.sql,13104,493
src/pl/plpython/sql/plpython_types.sql,.sql,18140,622
src/pl/plpython/sql/plpython_unicode.sql,.sql,1406,50
src/pl/plpython/sql/plpython_void.sql,.sql,580,22
src/pl/tcl/pltcl--1.0.sql,.sql,374,12
src/pl/tcl/pltcl.c,.c,101952,3300
src/pl/tcl/pltclu--1.0.sql,.sql,259,9
src/pl/tcl/sql/pltcl_call.sql,.sql,1227,89
src/pl/tcl/sql/pltcl_queries.sql,.sql,5053,166
src/pl/tcl/sql/pltcl_setup.sql,.sql,6882,278
src/pl/tcl/sql/pltcl_start_proc.sql,.sql,506,21
src/pl/tcl/sql/pltcl_subxact.sql,.sql,2566,95
src/pl/tcl/sql/pltcl_transaction.sql,.sql,2458,135
src/pl/tcl/sql/pltcl_trigger.sql,.sql,15570,603
src/pl/tcl/sql/pltcl_unicode.sql,.sql,1166,43
src/port/bsearch_arg.c,.c,3111,78
src/port/chklocale.c,.c,10039,433
src/port/dirent.c,.c,2904,137
src/port/dirmod.c,.c,10936,422
src/port/explicit_bzero.c,.c,1127,57
src/port/getopt.c,.c,4292,136
src/port/getopt_long.c,.c,6208,241
src/port/getpeereid.c,.c,1802,78
src/port/inet_aton.c,.c,4107,149
src/port/inet_net_ntop.c,.c,7127,296
src/port/kill.c,.c,1934,97
src/port/mkdtemp.c,.c,7737,293
src/port/noblock.c,.c,1439,66
src/port/open.c,.c,6427,232
src/port/path.c,.c,27329,1150
src/port/pg_bitutils.c,.c,13351,530
src/port/pg_crc32c_armv8.c,.c,1572,75
src/port/pg_crc32c_armv8_choose.c,.c,2487,95
src/port/pg_crc32c_loongarch.c,.c,1707,73
src/port/pg_crc32c_sb8.c,.c,54151,1169
src/port/pg_crc32c_sse42.c,.c,1581,69
src/port/pg_crc32c_sse42_choose.c,.c,1669,64
src/port/pg_popcount_avx512.c,.c,4082,141
src/port/pg_popcount_avx512_choose.c,.c,2389,102
src/port/pg_strong_random.c,.c,4024,182
src/port/pgcheckdir.c,.c,2075,92
src/port/pgmkdirp.c,.c,4181,148
src/port/pgsleep.c,.c,1721,57
src/port/pgstrcasecmp.c,.c,3597,151
src/port/pgstrsignal.c,.c,1790,61
src/port/pqsignal.c,.c,5898,175
src/port/pthread-win32.h,.h,645,31
src/port/pthread_barrier_wait.c,.c,1752,77
src/port/qsort.c,.c,409,22
src/port/qsort_arg.c,.c,325,14
src/port/quotes.c,.c,1323,51
src/port/snprintf.c,.c,36290,1532
src/port/strerror.c,.c,6791,310
src/port/strlcat.c,.c,1694,60
src/port/strlcpy.c,.c,2080,71
src/port/strnlen.c,.c,816,33
src/port/strtof.c,.c,2151,89
src/port/system.c,.c,2579,117
src/port/tar.c,.c,4990,206
src/port/timingsafe_bcmp.c,.c,1232,43
src/port/user.c,.c,2289,89
src/port/win32common.c,.c,1599,64
src/port/win32dlopen.c,.c,1647,93
src/port/win32env.c,.c,4127,170
src/port/win32error.c,.c,3047,214
src/port/win32fdatasync.c,.c,941,51
src/port/win32fseek.c,.c,1569,75
src/port/win32gai_strerror.c,.c,1171,45
src/port/win32getrusage.c,.c,1498,61
src/port/win32gettimeofday.c,.c,2382,75
src/port/win32link.c,.c,693,31
src/port/win32ntdll.c,.c,1492,71
src/port/win32pread.c,.c,982,48
src/port/win32pwrite.c,.c,937,45
src/port/win32security.c,.c,4696,190
src/port/win32setlocale.c,.c,6107,193
src/port/win32stat.c,.c,6723,302
src/test/examples/testlibpq.c,.c,3010,131
src/test/examples/testlibpq2.c,.c,3407,150
src/test/examples/testlibpq2.sql,.sql,201,6
src/test/examples/testlibpq3.c,.c,6018,231
src/test/examples/testlibpq3.sql,.sql,276,6
src/test/examples/testlibpq4.c,.c,3591,163
src/test/examples/testlo.c,.c,5546,270
src/test/examples/testlo64.c,.c,6579,301
src/test/isolation/isolation_main.c,.c,3982,143
src/test/isolation/isolationtester.c,.c,30569,1142
src/test/isolation/isolationtester.h,.h,2279,93
src/test/isolation/specparse.y,.y,5708,278
src/test/isolation/specscanner.l,.l,3513,167
src/test/locale/test-ctype.c,.c,1836,79
src/test/mb/sql/big5.sql,.sql,977,20
src/test/mb/sql/euc_cn.sql,.sql,936,19
src/test/mb/sql/euc_jp.sql,.sql,1029,19
src/test/mb/sql/euc_kr.sql,.sql,979,19
src/test/mb/sql/euc_tw.sql,.sql,977,20
src/test/mb/sql/gb18030.sql,.sql,1029,19
src/test/mb/sql/mule_internal.sql,.sql,4066,72
src/test/mb/sql/sjis.sql,.sql,1056,20
src/test/mb/sql/utf8.sql,.sql,1248,19
src/test/modules/commit_ts/sql/commit_timestamp.sql,.sql,2424,64
src/test/modules/delay_execution/delay_execution.c,.c,2736,95
src/test/modules/dummy_index_am/dummy_index_am--1.0.sql,.sql,614,19
src/test/modules/dummy_index_am/dummy_index_am.c,.c,8581,333
src/test/modules/dummy_index_am/sql/reloptions.sql,.sql,3614,83
src/test/modules/dummy_seclabel/dummy_seclabel--1.0.sql,.sql,314,8
src/test/modules/dummy_seclabel/dummy_seclabel.c,.c,1430,60
src/test/modules/dummy_seclabel/sql/dummy_seclabel.sql,.sql,4739,120
src/test/modules/gin/sql/gin_incomplete_splits.sql,.sql,4727,152
src/test/modules/injection_points/injection_points--1.0.sql,.sql,1698,64
src/test/modules/injection_points/injection_points.c,.c,10310,404
src/test/modules/injection_points/regress_injection.c,.c,2816,78
src/test/modules/injection_points/sql/injection_points.sql,.sql,2889,70
src/test/modules/injection_points/sql/reindex_conc.sql,.sql,1099,28
src/test/modules/injection_points/sql/vacuum.sql,.sql,1569,35
src/test/modules/ldap_password_func/ldap_password_func.c,.c,1198,65
src/test/modules/libpq_pipeline/libpq_pipeline.c,.c,66707,2286
src/test/modules/plsample/plsample--1.0.sql,.sql,469,14
src/test/modules/plsample/plsample.c,.c,10247,354
src/test/modules/plsample/sql/plsample.sql,.sql,1080,38
src/test/modules/spgist_name_ops/spgist_name_ops--1.0.sql,.sql,1900,54
src/test/modules/spgist_name_ops/spgist_name_ops.c,.c,13370,502
src/test/modules/spgist_name_ops/sql/spgist_name_ops.sql,.sql,1538,51
src/test/modules/ssl_passphrase_callback/ssl_passphrase_func.c,.c,1941,83
src/test/modules/test_bloomfilter/sql/test_bloomfilter.sql,.sql,621,19
src/test/modules/test_bloomfilter/test_bloomfilter--1.0.sql,.sql,406,11
src/test/modules/test_bloomfilter/test_bloomfilter.c,.c,3628,138
src/test/modules/test_cloexec/test_cloexec.c,.c,5973,240
src/test/modules/test_copy_callbacks/sql/test_copy_callbacks.sql,.sql,225,4
src/test/modules/test_copy_callbacks/test_copy_callbacks--1.0.sql,.sql,341,8
src/test/modules/test_copy_callbacks/test_copy_callbacks.c,.c,1253,51
src/test/modules/test_custom_rmgrs/test_custom_rmgrs--1.0.sql,.sql,537,16
src/test/modules/test_custom_rmgrs/test_custom_rmgrs.c,.c,3884,140
src/test/modules/test_custom_types/sql/test_custom_types.sql,.sql,3754,104
src/test/modules/test_custom_types/test_custom_types--1.0.sql,.sql,3697,164
src/test/modules/test_custom_types/test_custom_types.c,.c,4039,182
src/test/modules/test_ddl_deparse/sql/alter_function.sql,.sql,359,17
src/test/modules/test_ddl_deparse/sql/alter_sequence.sql,.sql,226,15
src/test/modules/test_ddl_deparse/sql/alter_table.sql,.sql,2117,77
src/test/modules/test_ddl_deparse/sql/alter_ts_config.sql,.sql,188,8
src/test/modules/test_ddl_deparse/sql/alter_type_enum.sql,.sql,130,6
src/test/modules/test_ddl_deparse/sql/comment_on.sql,.sql,583,14
src/test/modules/test_ddl_deparse/sql/create_conversion.sql,.sql,142,6
src/test/modules/test_ddl_deparse/sql/create_domain.sql,.sql,168,10
src/test/modules/test_ddl_deparse/sql/create_extension.sql,.sql,67,5
src/test/modules/test_ddl_deparse/sql/create_rule.sql,.sql,431,27
src/test/modules/test_ddl_deparse/sql/create_schema.sql,.sql,299,17
src/test/modules/test_ddl_deparse/sql/create_sequence_1.sql,.sql,137,11
src/test/modules/test_ddl_deparse/sql/create_table.sql,.sql,2987,142
src/test/modules/test_ddl_deparse/sql/create_transform.sql,.sql,644,16
src/test/modules/test_ddl_deparse/sql/create_trigger.sql,.sql,282,18
src/test/modules/test_ddl_deparse/sql/create_type.sql,.sql,436,21
src/test/modules/test_ddl_deparse/sql/create_view.sql,.sql,320,17
src/test/modules/test_ddl_deparse/sql/defprivs.sql,.sql,124,6
src/test/modules/test_ddl_deparse/sql/matviews.sql,.sql,168,8
src/test/modules/test_ddl_deparse/sql/opfamily.sql,.sql,1695,52
src/test/modules/test_ddl_deparse/sql/test_ddl_deparse.sql,.sql,1054,42
src/test/modules/test_ddl_deparse/sql/textsearch.sql,.sql,148,3
src/test/modules/test_ddl_deparse/test_ddl_deparse--1.0.sql,.sql,631,18
src/test/modules/test_ddl_deparse/test_ddl_deparse.c,.c,7978,335
src/test/modules/test_dsa/sql/test_dsa.sql,.sql,376,11
src/test/modules/test_dsa/test_dsa--1.0.sql,.sql,488,16
src/test/modules/test_dsa/test_dsa.c,.c,3626,154
src/test/modules/test_dsm_registry/sql/test_dsm_registry.sql,.sql,97,4
src/test/modules/test_dsm_registry/test_dsm_registry--1.0.sql,.sql,388,10
src/test/modules/test_dsm_registry/test_dsm_registry.c,.c,1562,76
src/test/modules/test_escape/test_escape.c,.c,24087,973
src/test/modules/test_extensions/sql/test_extdepend.sql,.sql,3363,90
src/test/modules/test_extensions/sql/test_extensions.sql,.sql,8846,301
src/test/modules/test_extensions/test_ext1--1.0.sql,.sql,197,3
src/test/modules/test_extensions/test_ext2--1.0.sql,.sql,197,3
src/test/modules/test_extensions/test_ext3--1.0.sql,.sql,339,9
src/test/modules/test_extensions/test_ext4--1.0.sql,.sql,197,3
src/test/modules/test_extensions/test_ext5--1.0.sql,.sql,197,3
src/test/modules/test_extensions/test_ext6--1.0.sql,.sql,45,1
src/test/modules/test_extensions/test_ext7--1.0--2.0.sql,.sql,305,8
src/test/modules/test_extensions/test_ext7--1.0.sql,.sql,518,13
src/test/modules/test_extensions/test_ext8--1.0.sql,.sql,680,21
src/test/modules/test_extensions/test_ext9--1.0.sql,.sql,395,8
src/test/modules/test_extensions/test_ext_cine--1.0--1.1.sql,.sql,833,26
src/test/modules/test_extensions/test_ext_cine--1.0.sql,.sql,842,25
src/test/modules/test_extensions/test_ext_cor--1.0.sql,.sql,826,20
src/test/modules/test_extensions/test_ext_cyclic1--1.0.sql,.sql,211,3
src/test/modules/test_extensions/test_ext_cyclic2--1.0.sql,.sql,211,3
src/test/modules/test_extensions/test_ext_evttrig--1.0--2.0.sql,.sql,358,7
src/test/modules/test_extensions/test_ext_evttrig--1.0.sql,.sql,557,16
src/test/modules/test_extensions/test_ext_extschema--1.0.sql,.sql,241,5
src/test/modules/test_extensions/test_ext_req_schema1--1.0.sql,.sql,297,6
src/test/modules/test_extensions/test_ext_req_schema2--1.0.sql,.sql,412,9
src/test/modules/test_extensions/test_ext_req_schema3--1.0.sql,.sql,593,12
src/test/modules/test_extensions/test_ext_set_schema--1.0.sql,.sql,634,17
src/test/modules/test_ginpostinglist/sql/test_ginpostinglist.sql,.sql,180,7
src/test/modules/test_ginpostinglist/test_ginpostinglist--1.0.sql,.sql,325,8
src/test/modules/test_ginpostinglist/test_ginpostinglist.c,.c,3110,96
src/test/modules/test_integerset/sql/test_integerset.sql,.sql,168,7
src/test/modules/test_integerset/test_integerset--1.0.sql,.sql,309,8
src/test/modules/test_integerset/test_integerset.c,.c,17546,623
src/test/modules/test_json_parser/test_json_parser_incremental.c,.c,9323,390
src/test/modules/test_json_parser/test_json_parser_perf.c,.c,2284,88
src/test/modules/test_lfind/sql/test_lfind.sql,.sql,289,10
src/test/modules/test_lfind/test_lfind--1.0.sql,.sql,469,16
src/test/modules/test_lfind/test_lfind.c,.c,4926,148
src/test/modules/test_oat_hooks/sql/alter_table.sql,.sql,1506,48
src/test/modules/test_oat_hooks/sql/test_oat_hooks.sql,.sql,4261,110
src/test/modules/test_oat_hooks/test_oat_hooks.c,.c,14080,518
src/test/modules/test_parser/sql/test_parser.sql,.sql,564,18
src/test/modules/test_parser/test_parser--1.0.sql,.sql,823,32
src/test/modules/test_parser/test_parser.c,.c,2652,127
src/test/modules/test_pg_dump/sql/test_pg_dump.sql,.sql,8594,224
src/test/modules/test_pg_dump/test_pg_dump--1.0.sql,.sql,2361,64
src/test/modules/test_predtest/sql/test_predtest.sql,.sql,9177,442
src/test/modules/test_predtest/test_predtest--1.0.sql,.sql,491,16
src/test/modules/test_predtest/test_predtest.c,.c,7887,246
src/test/modules/test_radixtree/sql/test_radixtree.sql,.sql,165,7
src/test/modules/test_radixtree/test_radixtree--1.0.sql,.sql,305,8
src/test/modules/test_radixtree/test_radixtree.c,.c,10922,473
src/test/modules/test_rbtree/sql/test_rbtree.sql,.sql,248,8
src/test/modules/test_rbtree/test_rbtree--1.0.sql,.sql,308,8
src/test/modules/test_rbtree/test_rbtree.c,.c,13569,516
src/test/modules/test_regex/sql/test_regex.sql,.sql,78036,1788
src/test/modules/test_regex/sql/test_regex_utf8.sql,.sql,3361,78
src/test/modules/test_regex/test_regex--1.0.sql,.sql,323,9
src/test/modules/test_regex/test_regex.c,.c,20275,764
src/test/modules/test_resowner/sql/test_resowner.sql,.sql,904,25
src/test/modules/test_resowner/test_resowner--1.0.sql,.sql,946,30
src/test/modules/test_resowner/test_resowner_basic.c,.c,6154,211
src/test/modules/test_resowner/test_resowner_many.c,.c,8823,296
src/test/modules/test_rls_hooks/sql/test_rls_hooks.sql,.sql,5075,176
src/test/modules/test_rls_hooks/test_rls_hooks.c,.c,4512,165
src/test/modules/test_rls_hooks/test_rls_hooks.h,.h,738,25
src/test/modules/test_shm_mq/setup.c,.c,9553,323
src/test/modules/test_shm_mq/sql/test_shm_mq.sql,.sql,702,12
src/test/modules/test_shm_mq/test.c,.c,8015,273
src/test/modules/test_shm_mq/test_shm_mq--1.0.sql,.sql,761,19
src/test/modules/test_shm_mq/test_shm_mq.h,.h,1274,45
src/test/modules/test_shm_mq/worker.c,.c,6437,197
src/test/modules/test_slru/sql/test_slru.sql,.sql,2462,76
src/test/modules/test_slru/test_slru--1.0.sql,.sql,1323,21
src/test/modules/test_slru/test_slru.c,.c,6676,262
src/test/modules/test_tidstore/sql/test_tidstore.sql,.sql,3397,86
src/test/modules/test_tidstore/test_tidstore--1.0.sql,.sql,770,27
src/test/modules/test_tidstore/test_tidstore.c,.c,9451,355
src/test/modules/unsafe_tests/sql/alter_system_table.sql,.sql,5195,194
src/test/modules/unsafe_tests/sql/guc_privs.sql,.sql,15472,275
src/test/modules/unsafe_tests/sql/rolenames.sql,.sql,20025,504
src/test/modules/unsafe_tests/sql/setconfig.sql,.sql,1073,24
src/test/modules/worker_spi/worker_spi--1.0.sql,.sql,461,13
src/test/modules/worker_spi/worker_spi.c,.c,14056,493
src/test/modules/xid_wraparound/xid_wraparound--1.0.sql,.sql,457,12
src/test/modules/xid_wraparound/xid_wraparound.c,.c,5641,219
src/test/regress/pg_regress.c,.c,69240,2665
src/test/regress/pg_regress.h,.h,1833,69
src/test/regress/pg_regress_main.c,.c,3114,117
src/test/regress/regress.c,.c,39749,1504
src/test/regress/sql/advisory_lock.sql,.sql,4522,148
src/test/regress/sql/aggregates.sql,.sql,50532,1599
src/test/regress/sql/alter_generic.sql,.sql,28361,616
src/test/regress/sql/alter_operator.sql,.sql,7661,225
src/test/regress/sql/alter_table.sql,.sql,117301,3121
src/test/regress/sql/amutils.sql,.sql,4261,99
src/test/regress/sql/arrays.sql,.sql,31195,855
src/test/regress/sql/async.sql,.sql,767,23
src/test/regress/sql/bit.sql,.sql,8628,253
src/test/regress/sql/bitmapops.sql,.sql,1365,41
src/test/regress/sql/boolean.sql,.sql,5752,272
src/test/regress/sql/box.sql,.sql,8279,289
src/test/regress/sql/brin.sql,.sql,18488,525
src/test/regress/sql/brin_bloom.sql,.sql,11310,376
src/test/regress/sql/brin_multi.sql,.sql,24854,706
src/test/regress/sql/btree_index.sql,.sql,9668,284
src/test/regress/sql/case.sql,.sql,6390,270
src/test/regress/sql/char.sql,.sql,1968,94
src/test/regress/sql/circle.sql,.sql,1364,57
src/test/regress/sql/cluster.sql,.sql,12626,324
src/test/regress/sql/collate.icu.utf8.sql,.sql,39356,982
src/test/regress/sql/collate.linux.utf8.sql,.sql,15335,464
src/test/regress/sql/collate.sql,.sql,11868,310
src/test/regress/sql/collate.utf8.sql,.sql,1966,67
src/test/regress/sql/collate.windows.win1252.sql,.sql,13545,415
src/test/regress/sql/combocid.sql,.sql,2830,111
src/test/regress/sql/comments.sql,.sql,1041,42
src/test/regress/sql/compression.sql,.sql,5691,155
src/test/regress/sql/compression_pglz.sql,.sql,1952,53
src/test/regress/sql/constraints.sql,.sql,19603,645
src/test/regress/sql/conversion.sql,.sql,13480,373
src/test/regress/sql/copy.sql,.sql,9003,322
src/test/regress/sql/copy2.sql,.sql,15867,684
src/test/regress/sql/copydml.sql,.sql,4078,95
src/test/regress/sql/copyselect.sql,.sql,2211,96
src/test/regress/sql/create_aggregate.sql,.sql,8327,330
src/test/regress/sql/create_am.sql,.sql,14647,367
src/test/regress/sql/create_cast.sql,.sql,2357,75
src/test/regress/sql/create_function_c.sql,.sql,1148,35
src/test/regress/sql/create_function_sql.sql,.sql,13412,421
src/test/regress/sql/create_index.sql,.sql,49734,1319
src/test/regress/sql/create_index_spgist.sql,.sql,17028,437
src/test/regress/sql/create_misc.sql,.sql,6144,258
src/test/regress/sql/create_operator.sql,.sql,6915,268
src/test/regress/sql/create_procedure.sql,.sql,5882,289
src/test/regress/sql/create_role.sql,.sql,9417,223
src/test/regress/sql/create_schema.sql,.sql,2997,70
src/test/regress/sql/create_table.sql,.sql,29984,740
src/test/regress/sql/create_table_like.sql,.sql,10567,251
src/test/regress/sql/create_type.sql,.sql,8423,299
src/test/regress/sql/create_view.sql,.sql,26764,843
src/test/regress/sql/database.sql,.sql,924,24
src/test/regress/sql/date.sql,.sql,11846,375
src/test/regress/sql/dbsize.sql,.sql,3142,72
src/test/regress/sql/delete.sql,.sql,671,25
src/test/regress/sql/dependency.sql,.sql,3640,116
src/test/regress/sql/domain.sql,.sql,26142,891
src/test/regress/sql/drop_if_exists.sql,.sql,8931,304
src/test/regress/sql/drop_operator.sql,.sql,1367,56
src/test/regress/sql/encoding.sql,.sql,9965,247
src/test/regress/sql/enum.sql,.sql,9687,348
src/test/regress/sql/equivclass.sql,.sql,8888,271
src/test/regress/sql/errors.sql,.sql,6103,370
src/test/regress/sql/euc_kr.sql,.sql,487,12
src/test/regress/sql/event_trigger.sql,.sql,22009,640
src/test/regress/sql/event_trigger_login.sql,.sql,715,24
src/test/regress/sql/explain.sql,.sql,6621,171
src/test/regress/sql/expressions.sql,.sql,9754,303
src/test/regress/sql/fast_default.sql,.sql,18149,617
src/test/regress/sql/float4.sql,.sql,11579,360
src/test/regress/sql/float8.sql,.sql,16661,514
src/test/regress/sql/foreign_data.sql,.sql,36252,880
src/test/regress/sql/foreign_key.sql,.sql,83706,2231
src/test/regress/sql/functional_deps.sql,.sql,5389,210
src/test/regress/sql/generated.sql,.sql,27303,734
src/test/regress/sql/geometry.sql,.sql,14856,531
src/test/regress/sql/gin.sql,.sql,5655,183
src/test/regress/sql/gist.sql,.sql,6528,188
src/test/regress/sql/groupingsets.sql,.sql,21315,592
src/test/regress/sql/guc.sql,.sql,10093,355
src/test/regress/sql/hash_func.sql,.sql,13588,264
src/test/regress/sql/hash_index.sql,.sql,8665,336
src/test/regress/sql/hash_part.sql,.sql,3125,90
src/test/regress/sql/horology.sql,.sql,29258,689
src/test/regress/sql/identity.sql,.sql,20229,539
src/test/regress/sql/incremental_sort.sql,.sql,12940,294
src/test/regress/sql/index_including.sql,.sql,10702,238
src/test/regress/sql/index_including_gist.sql,.sql,3872,90
src/test/regress/sql/indexing.sql,.sql,49020,980
src/test/regress/sql/indirect_toast.sql,.sql,3339,82
src/test/regress/sql/inet.sql,.sql,10734,263
src/test/regress/sql/infinite_recurse.sql,.sql,995,29
src/test/regress/sql/inherit.sql,.sql,48712,1163
src/test/regress/sql/init_privs.sql,.sql,364,10
src/test/regress/sql/insert.sql,.sql,28820,676
src/test/regress/sql/insert_conflict.sql,.sql,28843,591
src/test/regress/sql/int2.sql,.sql,3928,157
src/test/regress/sql/int4.sql,.sql,5588,212
src/test/regress/sql/int8.sql,.sql,10621,294
src/test/regress/sql/interval.sql,.sql,31331,800
src/test/regress/sql/join.sql,.sql,87960,3014
src/test/regress/sql/join_hash.sql,.sql,22915,625
src/test/regress/sql/json.sql,.sql,36231,864
src/test/regress/sql/json_encoding.sql,.sql,3627,82
src/test/regress/sql/jsonb.sql,.sql,73393,1558
src/test/regress/sql/jsonb_jsonpath.sql,.sql,70170,1138
src/test/regress/sql/jsonpath.sql,.sql,8548,267
src/test/regress/sql/jsonpath_encoding.sql,.sql,2488,59
src/test/regress/sql/largeobject.sql,.sql,9585,327
src/test/regress/sql/limit.sql,.sql,6241,204
src/test/regress/sql/line.sql,.sql,1930,54
src/test/regress/sql/lock.sql,.sql,6597,200
src/test/regress/sql/lseg.sql,.sql,937,28
src/test/regress/sql/macaddr.sql,.sql,2145,49
src/test/regress/sql/macaddr8.sql,.sql,4614,95
src/test/regress/sql/maintain_every.sql,.sql,1046,26
src/test/regress/sql/matview.sql,.sql,13007,316
src/test/regress/sql/md5.sql,.sql,1557,36
src/test/regress/sql/memoize.sql,.sql,7234,221
src/test/regress/sql/merge.sql,.sql,51260,1839
src/test/regress/sql/misc.sql,.sql,6827,275
src/test/regress/sql/misc_functions.sql,.sql,9937,275
src/test/regress/sql/misc_sanity.sql,.sql,2376,74
src/test/regress/sql/money.sql,.sql,4493,148
src/test/regress/sql/multirangetypes.sql,.sql,43113,903
src/test/regress/sql/mvcc.sql,.sql,1887,44
src/test/regress/sql/name.sql,.sql,3399,87
src/test/regress/sql/namespace.sql,.sql,3106,100
src/test/regress/sql/numeric.sql,.sql,62541,1531
src/test/regress/sql/numeric_big.sql,.sql,305102,1366
src/test/regress/sql/numerology.sql,.sql,3833,194
src/test/regress/sql/object_address.sql,.sql,13685,297
src/test/regress/sql/oid.sql,.sql,1846,57
src/test/regress/sql/oidjoins.sql,.sql,1559,49
src/test/regress/sql/opr_sanity.sql,.sql,54772,1421
src/test/regress/sql/partition_aggregate.sql,.sql,17532,336
src/test/regress/sql/partition_info.sql,.sql,5619,129
src/test/regress/sql/partition_join.sql,.sql,66606,1222
src/test/regress/sql/partition_prune.sql,.sql,58419,1335
src/test/regress/sql/password.sql,.sql,5240,116
src/test/regress/sql/path.sql,.sql,1290,50
src/test/regress/sql/pg_lsn.sql,.sql,1943,60
src/test/regress/sql/plancache.sql,.sql,5878,225
src/test/regress/sql/plpgsql.sql,.sql,122991,4776
src/test/regress/sql/point.sql,.sql,3360,102
src/test/regress/sql/polygon.sql,.sql,5529,148
src/test/regress/sql/polymorphism.sql,.sql,38472,1137
src/test/regress/sql/portals.sql,.sql,14468,607
src/test/regress/sql/portals_p2.sql,.sql,1375,98
src/test/regress/sql/predicate.sql,.sql,5724,185
src/test/regress/sql/prepare.sql,.sql,2406,84
src/test/regress/sql/prepared_xacts.sql,.sql,5329,194
src/test/regress/sql/privileges.sql,.sql,75628,2002
src/test/regress/sql/psql.sql,.sql,43126,1893
src/test/regress/sql/psql_crosstab.sql,.sql,3686,124
src/test/regress/sql/publication.sql,.sql,51950,1190
src/test/regress/sql/random.sql,.sql,9740,279
src/test/regress/sql/rangefuncs.sql,.sql,33861,827
src/test/regress/sql/rangetypes.sql,.sql,28200,700
src/test/regress/sql/regex.sql,.sql,6035,158
src/test/regress/sql/regproc.sql,.sql,5104,155
src/test/regress/sql/reindex_catalog.sql,.sql,2575,52
src/test/regress/sql/reloptions.sql,.sql,5809,139
src/test/regress/sql/replica_identity.sql,.sql,5874,128
src/test/regress/sql/returning.sql,.sql,4790,186
src/test/regress/sql/roleattributes.sql,.sql,9159,98
src/test/regress/sql/rowsecurity.sql,.sql,80655,2362
src/test/regress/sql/rowtypes.sql,.sql,18578,564
src/test/regress/sql/rules.sql,.sql,45666,1430
src/test/regress/sql/sanity_check.sql,.sql,862,21
src/test/regress/sql/security_label.sql,.sql,1576,45
src/test/regress/sql/select.sql,.sql,8129,264
src/test/regress/sql/select_distinct.sql,.sql,5830,223
src/test/regress/sql/select_distinct_on.sql,.sql,1384,44
src/test/regress/sql/select_having.sql,.sql,1749,50
src/test/regress/sql/select_implicit.sql,.sql,5500,156
src/test/regress/sql/select_into.sql,.sql,4880,138
src/test/regress/sql/select_parallel.sql,.sql,17723,552
src/test/regress/sql/select_views.sql,.sql,5379,155
src/test/regress/sql/sequence.sql,.sql,12228,416
src/test/regress/sql/spgist.sql,.sql,3672,91
src/test/regress/sql/sqljson.sql,.sql,18680,509
src/test/regress/sql/sqljson_jsontable.sql,.sql,18505,563
src/test/regress/sql/sqljson_queryfuncs.sql,.sql,27154,504
src/test/regress/sql/stats.sql,.sql,35696,876
src/test/regress/sql/stats_ext.sql,.sql,80656,1785
src/test/regress/sql/strings.sql,.sql,31532,864
src/test/regress/sql/subscription.sql,.sql,13865,348
src/test/regress/sql/subselect.sql,.sql,31428,1097
src/test/regress/sql/sysviews.sql,.sql,3930,90
src/test/regress/sql/tablesample.sql,.sql,4268,110
src/test/regress/sql/tablespace.sql,.sql,20159,439
src/test/regress/sql/temp.sql,.sql,8499,313
src/test/regress/sql/test_setup.sql,.sql,6836,296
src/test/regress/sql/text.sql,.sql,4136,114
src/test/regress/sql/tid.sql,.sql,2259,72
src/test/regress/sql/tidrangescan.sql,.sql,3247,101
src/test/regress/sql/tidscan.sql,.sql,3627,104
src/test/regress/sql/time.sql,.sql,3024,79
src/test/regress/sql/timestamp.sql,.sql,16230,426
src/test/regress/sql/timestamptz.sql,.sql,29869,674
src/test/regress/sql/timetz.sql,.sql,4467,108
src/test/regress/sql/transactions.sql,.sql,18026,644
src/test/regress/sql/triggers.sql,.sql,101966,2882
src/test/regress/sql/truncate.sql,.sql,9834,329
src/test/regress/sql/tsdicts.sql,.sql,10665,283
src/test/regress/sql/tsearch.sql,.sql,38493,903
src/test/regress/sql/tsrf.sql,.sql,7917,185
src/test/regress/sql/tstypes.sql,.sql,14500,281
src/test/regress/sql/tuplesort.sql,.sql,10671,307
src/test/regress/sql/txid.sql,.sql,3185,102
src/test/regress/sql/type_sanity.sql,.sql,20469,568
src/test/regress/sql/typed_table.sql,.sql,1758,75
src/test/regress/sql/unicode.sql,.sql,1362,38
src/test/regress/sql/union.sql,.sql,18552,583
src/test/regress/sql/updatable_views.sql,.sql,77872,2082
src/test/regress/sql/update.sql,.sql,26779,672
src/test/regress/sql/uuid.sql,.sql,3859,103
src/test/regress/sql/vacuum.sql,.sql,15329,421
src/test/regress/sql/vacuum_parallel.sql,.sql,2184,46
src/test/regress/sql/varchar.sql,.sql,1459,73
src/test/regress/sql/window.sql,.sql,74678,1986
src/test/regress/sql/with.sql,.sql,45123,1753
src/test/regress/sql/write_parallel.sql,.sql,1434,43
src/test/regress/sql/xid.sql,.sql,5404,171
src/test/regress/sql/xml.sql,.sql,32375,681
src/test/regress/sql/xmlmap.sql,.sql,2989,63
src/timezone/known_abbrevs.txt,.txt,1089,101
src/timezone/localtime.c,.c,45265,1906
src/timezone/pgtz.c,.c,13002,497
src/timezone/pgtz.h,.h,2069,81
src/timezone/private.h,.h,4125,159
src/timezone/strftime.c,.c,14805,582
src/timezone/tzfile.h,.h,3616,110
src/timezone/tznames/Africa.txt,.txt,6973,176
src/timezone/tznames/America.txt,.txt,11007,257
src/timezone/tznames/Antarctica.txt,.txt,1134,27
src/timezone/tznames/Asia.txt,.txt,8311,190
src/timezone/tznames/Atlantic.txt,.txt,3533,85
src/timezone/tznames/Australia.txt,.txt,3384,71
src/timezone/tznames/Etc.txt,.txt,1250,34
src/timezone/tznames/Europe.txt,.txt,8746,217
src/timezone/tznames/Indian.txt,.txt,1261,30
src/timezone/tznames/Pacific.txt,.txt,3768,84
src/timezone/zic.c,.c,88430,4015
src/tools/ifaddrs/test_ifaddrs.c,.c,1169,71
src/tools/pg_bsd_indent/args.c,.c,10784,350
src/tools/pg_bsd_indent/err.c,.c,2218,67
src/tools/pg_bsd_indent/err.h,.h,2006,45
src/tools/pg_bsd_indent/indent.c,.c,38508,1275
src/tools/pg_bsd_indent/indent.h,.h,2089,53
src/tools/pg_bsd_indent/indent_codes.h,.h,2503,71
src/tools/pg_bsd_indent/indent_globs.h,.h,14480,339
src/tools/pg_bsd_indent/io.c,.c,16932,605
src/tools/pg_bsd_indent/lexi.c,.c,18821,720
src/tools/pg_bsd_indent/parse.c,.c,9285,338
src/tools/pg_bsd_indent/pr_comment.c,.c,11134,354
src/tools/testint128.c,.c,3918,170
src/tutorial/complex.c,.c,5169,209
src/tutorial/funcs.c,.c,3078,126
