path,suffix,size_bytes,line_count
contrib/adminpack/adminpack--1.0--1.1.sql,.sql,274,6
contrib/adminpack/adminpack--1.0.sql,.sql,1535,53
contrib/adminpack/adminpack--1.1--2.0.sql,.sql,1682,51
contrib/adminpack/adminpack--2.0--2.1.sql,.sql,595,17
contrib/adminpack/adminpack.c,.c,14366,591
contrib/adminpack/sql/adminpack.sql,.sql,2470,76
contrib/amcheck/amcheck--1.0--1.1.sql,.sql,931,29
contrib/amcheck/amcheck--1.0.sql,.sql,704,24
contrib/amcheck/amcheck--1.1--1.2.sql,.sql,705,19
contrib/amcheck/amcheck--1.2--1.3.sql,.sql,852,30
contrib/amcheck/sql/check.sql,.sql,26,1
contrib/amcheck/sql/check_btree.sql,.sql,6100,163
contrib/amcheck/sql/check_heap.sql,.sql,6489,147
contrib/amcheck/verify_heapam.c,.c,67573,2082
contrib/amcheck/verify_nbtree.c,.c,127662,3379
contrib/auth_delay/auth_delay.c,.c,1527,74
contrib/auto_explain/auto_explain.c,.c,11745,442
contrib/auto_explain/sql/alter_reset.sql,.sql,666,20
contrib/basebackup_to_shell/basebackup_to_shell.c,.c,10242,373
contrib/basic_archive/basic_archive.c,.c,11231,415
contrib/basic_archive/sql/basic_archive.sql,.sql,435,22
contrib/bloom/blcost.c,.c,1141,42
contrib/bloom/blinsert.c,.c,9015,341
contrib/bloom/bloom--1.0.sql,.sql,666,25
contrib/bloom/bloom.h,.h,7198,215
contrib/bloom/blscan.c,.c,3661,173
contrib/bloom/blutils.c,.c,13290,491
contrib/bloom/blvacuum.c,.c,5773,217
contrib/bloom/blvalidate.c,.c,6752,225
contrib/bloom/sql/bloom.sql,.sql,2780,95
contrib/bool_plperl/bool_plperl--1.0.sql,.sql,647,19
contrib/bool_plperl/bool_plperl.c,.c,418,30
contrib/bool_plperl/bool_plperlu--1.0.sql,.sql,691,19
contrib/bool_plperl/sql/bool_plperl.sql,.sql,1586,70
contrib/bool_plperl/sql/bool_plperlu.sql,.sql,1593,70
contrib/btree_gin/btree_gin--1.0--1.1.sql,.sql,1372,35
contrib/btree_gin/btree_gin--1.0.sql,.sql,24818,689
contrib/btree_gin/btree_gin--1.1--1.2.sql,.sql,1445,47
contrib/btree_gin/btree_gin--1.2--1.3.sql,.sql,4571,128
contrib/btree_gin/btree_gin.c,.c,11654,513
contrib/btree_gin/sql/bit.sql,.sql,477,15
contrib/btree_gin/sql/bool.sql,.sql,1134,29
contrib/btree_gin/sql/bpchar.sql,.sql,901,22
contrib/btree_gin/sql/bytea.sql,.sql,586,17
contrib/btree_gin/sql/char.sql,.sql,464,15
contrib/btree_gin/sql/cidr.sql,.sql,542,22
contrib/btree_gin/sql/date.sql,.sql,575,22
contrib/btree_gin/sql/enum.sql,.sql,875,26
contrib/btree_gin/sql/float4.sql,.sql,462,15
contrib/btree_gin/sql/float8.sql,.sql,462,15
contrib/btree_gin/sql/inet.sql,.sql,575,22
contrib/btree_gin/sql/install_btree_gin.sql,.sql,219,6
contrib/btree_gin/sql/int2.sql,.sql,432,15
contrib/btree_gin/sql/int4.sql,.sql,432,15
contrib/btree_gin/sql/int8.sql,.sql,432,15
contrib/btree_gin/sql/interval.sql,.sql,662,24
contrib/btree_gin/sql/macaddr.sql,.sql,697,22
contrib/btree_gin/sql/macaddr8.sql,.sql,778,22
contrib/btree_gin/sql/money.sql,.sql,469,15
contrib/btree_gin/sql/name.sql,.sql,794,21
contrib/btree_gin/sql/numeric.sql,.sql,487,15
contrib/btree_gin/sql/oid.sql,.sql,415,15
contrib/btree_gin/sql/text.sql,.sql,441,15
contrib/btree_gin/sql/time.sql,.sql,553,22
contrib/btree_gin/sql/timestamp.sql,.sql,749,22
contrib/btree_gin/sql/timestamptz.sql,.sql,779,22
contrib/btree_gin/sql/timetz.sql,.sql,649,22
contrib/btree_gin/sql/uuid.sql,.sql,1409,28
contrib/btree_gin/sql/varbit.sql,.sql,504,15
contrib/btree_gin/sql/varchar.sql,.sql,516,15
contrib/btree_gist/btree_bit.c,.c,4742,210
contrib/btree_gist/btree_bool.c,.c,3990,169
contrib/btree_gist/btree_bytea.c,.c,3951,170
contrib/btree_gist/btree_cash.c,.c,5006,217
contrib/btree_gist/btree_date.c,.c,6441,259
contrib/btree_gist/btree_enum.c,.c,4855,185
contrib/btree_gist/btree_float4.c,.c,5037,212
contrib/btree_gist/btree_float8.c,.c,5201,219
contrib/btree_gist/btree_gist--1.0--1.1.sql,.sql,3739,127
contrib/btree_gist/btree_gist--1.1--1.2.sql,.sql,5048,79
contrib/btree_gist/btree_gist--1.2--1.3.sql,.sql,1955,65
contrib/btree_gist/btree_gist--1.2.sql,.sql,41115,1570
contrib/btree_gist/btree_gist--1.3--1.4.sql,.sql,1932,64
contrib/btree_gist/btree_gist--1.4--1.5.sql,.sql,1872,69
contrib/btree_gist/btree_gist--1.5--1.6.sql,.sql,13417,191
contrib/btree_gist/btree_gist--1.6--1.7.sql,.sql,2170,77
contrib/btree_gist/btree_gist.c,.c,1093,53
contrib/btree_gist/btree_gist.h,.h,539,41
contrib/btree_gist/btree_inet.c,.c,4408,187
contrib/btree_gist/btree_int2.c,.c,5017,216
contrib/btree_gist/btree_int4.c,.c,5017,217
contrib/btree_gist/btree_int8.c,.c,5021,217
contrib/btree_gist/btree_interval.c,.c,7449,297
contrib/btree_gist/btree_macaddr.c,.c,4831,196
contrib/btree_gist/btree_macaddr8.c,.c,4879,196
contrib/btree_gist/btree_numeric.c,.c,5499,229
contrib/btree_gist/btree_oid.c,.c,4833,217
contrib/btree_gist/btree_text.c,.c,6843,289
contrib/btree_gist/btree_time.c,.c,8450,334
contrib/btree_gist/btree_ts.c,.c,9834,400
contrib/btree_gist/btree_utils_num.c,.c,8888,384
contrib/btree_gist/btree_utils_num.h,.h,3476,118
contrib/btree_gist/btree_utils_var.c,.c,14895,623
contrib/btree_gist/btree_utils_var.h,.h,2261,72
contrib/btree_gist/btree_uuid.c,.c,5721,235
contrib/btree_gist/sql/bit.sql,.sql,1095,36
contrib/btree_gist/sql/bool.sql,.sql,888,42
contrib/btree_gist/sql/bytea.sql,.sql,33359,40
contrib/btree_gist/sql/cash.sql,.sql,1014,37
contrib/btree_gist/sql/char.sql,.sql,970,37
contrib/btree_gist/sql/cidr.sql,.sql,786,30
contrib/btree_gist/sql/date.sql,.sql,1022,37
contrib/btree_gist/sql/enum.sql,.sql,927,38
contrib/btree_gist/sql/float4.sql,.sql,988,37
contrib/btree_gist/sql/float8.sql,.sql,1004,37
contrib/btree_gist/sql/inet.sql,.sql,1375,49
contrib/btree_gist/sql/init.sql,.sql,220,6
contrib/btree_gist/sql/int2.sql,.sql,890,37
contrib/btree_gist/sql/int4.sql,.sql,890,37
contrib/btree_gist/sql/int8.sql,.sql,1082,37
contrib/btree_gist/sql/interval.sql,.sql,1480,43
contrib/btree_gist/sql/macaddr.sql,.sql,1102,37
contrib/btree_gist/sql/macaddr8.sql,.sql,1126,37
contrib/btree_gist/sql/not_equal.sql,.sql,951,36
contrib/btree_gist/sql/numeric.sql,.sql,2017,83
contrib/btree_gist/sql/oid.sql,.sql,686,30
contrib/btree_gist/sql/text.sql,.sql,33351,40
contrib/btree_gist/sql/time.sql,.sql,990,37
contrib/btree_gist/sql/timestamp.sql,.sql,1291,37
contrib/btree_gist/sql/timestamptz.sql,.sql,3110,80
contrib/btree_gist/sql/timetz.sql,.sql,3597,82
contrib/btree_gist/sql/uuid.sql,.sql,1023,31
contrib/btree_gist/sql/varbit.sql,.sql,982,36
contrib/btree_gist/sql/varchar.sql,.sql,840,31
contrib/citext/citext--1.0--1.1.sql,.sql,1028,21
contrib/citext/citext--1.1--1.2.sql,.sql,3424,68
contrib/citext/citext--1.2--1.3.sql,.sql,850,21
contrib/citext/citext--1.3--1.4.sql,.sql,668,12
contrib/citext/citext--1.4--1.5.sql,.sql,2284,88
contrib/citext/citext--1.4.sql,.sql,13466,501
contrib/citext/citext--1.5--1.6.sql,.sql,427,12
contrib/citext/citext.c,.c,8565,409
contrib/citext/sql/citext.sql,.sql,37204,810
contrib/citext/sql/citext_utf8.sql,.sql,2398,61
contrib/citext/sql/create_index_acl.sql,.sql,4410,88
contrib/cube/cube--1.0--1.1.sql,.sql,1594,59
contrib/cube/cube--1.1--1.2.sql,.sql,3815,75
contrib/cube/cube--1.2--1.3.sql,.sql,365,12
contrib/cube/cube--1.2.sql,.sql,9761,378
contrib/cube/cube--1.3--1.4.sql,.sql,2387,58
contrib/cube/cube--1.4--1.5.sql,.sql,591,21
contrib/cube/cube.c,.c,42200,1909
contrib/cube/cubedata.h,.h,2339,72
contrib/cube/cubeparse.y,.y,6042,291
contrib/cube/cubescan.l,.l,3084,133
contrib/cube/sql/cube.sql,.sql,19511,438
contrib/cube/sql/cube_sci.sql,.sql,692,22
contrib/dblink/dblink--1.0--1.1.sql,.sql,419,14
contrib/dblink/dblink--1.1--1.2.sql,.sql,2832,46
contrib/dblink/dblink--1.2.sql,.sql,6645,235
contrib/dblink/dblink.c,.c,79609,3084
contrib/dblink/sql/dblink.sql,.sql,21168,634
contrib/dict_int/dict_int--1.0.sql,.sql,711,25
contrib/dict_int/dict_int.c,.c,2203,116
contrib/dict_int/sql/dict_int.sql,.sql,2723,69
contrib/dict_xsyn/dict_xsyn--1.0.sql,.sql,694,25
contrib/dict_xsyn/dict_xsyn.c,.c,5126,259
contrib/dict_xsyn/sql/dict_xsyn.sql,.sql,2032,45
contrib/earthdistance/earthdistance--1.0--1.1.sql,.sql,671,14
contrib/earthdistance/earthdistance--1.1--1.2.sql,.sql,2194,73
contrib/earthdistance/earthdistance--1.1.sql,.sql,3319,98
contrib/earthdistance/earthdistance.c,.c,2461,105
contrib/earthdistance/sql/earthdistance.sql,.sql,14485,359
contrib/file_fdw/file_fdw--1.0.sql,.sql,475,18
contrib/file_fdw/file_fdw.c,.c,35947,1252
contrib/file_fdw/sql/file_fdw.sql,.sql,12004,293
contrib/fuzzystrmatch/daitch_mokotoff.c,.c,15121,571
contrib/fuzzystrmatch/dmetaphone.c,.c,33109,1438
contrib/fuzzystrmatch/fuzzystrmatch--1.0--1.1.sql,.sql,788,15
contrib/fuzzystrmatch/fuzzystrmatch--1.1--1.2.sql,.sql,351,8
contrib/fuzzystrmatch/fuzzystrmatch--1.1.sql,.sql,1576,44
contrib/fuzzystrmatch/fuzzystrmatch.c,.c,18383,794
contrib/fuzzystrmatch/sql/fuzzystrmatch.sql,.sql,1910,67
contrib/fuzzystrmatch/sql/fuzzystrmatch_utf8.sql,.sql,683,26
contrib/hstore/hstore--1.1--1.2.sql,.sql,1639,53
contrib/hstore/hstore--1.2--1.3.sql,.sql,525,17
contrib/hstore/hstore--1.3--1.4.sql,.sql,5310,99
contrib/hstore/hstore--1.4--1.5.sql,.sql,409,14
contrib/hstore/hstore--1.4.sql,.sql,13765,550
contrib/hstore/hstore--1.5--1.6.sql,.sql,455,12
contrib/hstore/hstore--1.6--1.7.sql,.sql,1061,27
contrib/hstore/hstore--1.7--1.8.sql,.sql,508,17
contrib/hstore/hstore.h,.h,7192,205
contrib/hstore/hstore_compat.c,.c,10342,359
contrib/hstore/hstore_gin.c,.c,5079,210
contrib/hstore/hstore_gist.c,.c,13881,623
contrib/hstore/hstore_io.c,.c,34683,1555
contrib/hstore/hstore_op.c,.c,28181,1273
contrib/hstore/hstore_subs.c,.c,7985,297
contrib/hstore/sql/hstore.sql,.sql,17364,397
contrib/hstore/sql/hstore_utf8.sql,.sql,540,19
contrib/hstore_plperl/hstore_plperl--1.0.sql,.sql,580,17
contrib/hstore_plperl/hstore_plperl.c,.c,3939,152
contrib/hstore_plperl/hstore_plperlu--1.0.sql,.sql,627,17
contrib/hstore_plperl/sql/create_transform.sql,.sql,2506,49
contrib/hstore_plperl/sql/hstore_plperl.sql,.sql,1126,60
contrib/hstore_plperl/sql/hstore_plperlu.sql,.sql,2848,125
contrib/hstore_plpython/hstore_plpython.c,.c,5449,190
contrib/hstore_plpython/hstore_plpython3u--1.0.sql,.sql,750,19
contrib/hstore_plpython/sql/hstore_plpython.sql,.sql,2727,130
contrib/intagg/intagg--1.0--1.1.sql,.sql,897,23
contrib/intagg/intagg--1.1.sql,.sql,1089,37
contrib/intarray/_int.h,.h,5892,191
contrib/intarray/_int_bool.c,.c,15516,716
contrib/intarray/_int_gin.c,.c,4052,180
contrib/intarray/_int_gist.c,.c,15503,637
contrib/intarray/_int_op.c,.c,7737,432
contrib/intarray/_int_selfuncs.c,.c,9083,350
contrib/intarray/_int_tool.c,.c,6773,410
contrib/intarray/_intbig_gist.c,.c,12325,596
contrib/intarray/intarray--1.0--1.1.sql,.sql,1794,49
contrib/intarray/intarray--1.1--1.2.sql,.sql,5525,94
contrib/intarray/intarray--1.2--1.3.sql,.sql,663,20
contrib/intarray/intarray--1.2.sql,.sql,12293,520
contrib/intarray/intarray--1.3--1.4.sql,.sql,692,21
contrib/intarray/intarray--1.4--1.5.sql,.sql,282,8
contrib/intarray/sql/_int.sql,.sql,10136,241
contrib/isn/EAN13.h,.h,5323,148
contrib/isn/ISBN.h,.h,25315,990
contrib/isn/ISMN.h,.h,1294,52
contrib/isn/ISSN.h,.h,1270,49
contrib/isn/UPC.h,.h,438,28
contrib/isn/isn--1.0--1.1.sql,.sql,12333,250
contrib/isn/isn--1.1--1.2.sql,.sql,5264,228
contrib/isn/isn--1.1.sql,.sql,69885,3434
contrib/isn/isn.c,.c,25127,1132
contrib/isn/isn.h,.h,759,35
contrib/isn/sql/isn.sql,.sql,3422,126
contrib/jsonb_plperl/jsonb_plperl--1.0.sql,.sql,658,19
contrib/jsonb_plperl/jsonb_plperl.c,.c,6344,295
contrib/jsonb_plperl/jsonb_plperlu--1.0.sql,.sql,704,19
contrib/jsonb_plperl/sql/jsonb_plperl.sql,.sql,2649,117
contrib/jsonb_plperl/sql/jsonb_plperlu.sql,.sql,2767,121
contrib/jsonb_plpython/jsonb_plpython.c,.c,11257,502
contrib/jsonb_plpython/jsonb_plpython3u--1.0.sql,.sql,732,19
contrib/jsonb_plpython/sql/jsonb_plpython.sql,.sql,3765,183
contrib/lo/lo--1.0--1.1.sql,.sql,223,6
contrib/lo/lo--1.1.sql,.sql,722,25
contrib/lo/lo.c,.c,2791,111
contrib/lo/lo_test.sql,.sql,1849,79
contrib/lo/sql/lo.sql,.sql,1633,70
contrib/ltree/_ltree_gist.c,.c,12049,558
contrib/ltree/_ltree_op.c,.c,7043,326
contrib/ltree/crc32.c,.c,695,40
contrib/ltree/crc32.h,.h,269,12
contrib/ltree/lquery_op.c,.c,6754,300
contrib/ltree/ltree--1.0--1.1.sql,.sql,6336,115
contrib/ltree/ltree--1.1--1.2.sql,.sql,5217,139
contrib/ltree/ltree--1.1.sql,.sql,19375,872
contrib/ltree/ltree.h,.h,11585,318
contrib/ltree/ltree_gist.c,.c,17080,749
contrib/ltree/ltree_io.c,.c,18693,831
contrib/ltree/ltree_op.c,.c,11151,590
contrib/ltree/ltreetest.sql,.sql,994,21
contrib/ltree/ltxtquery_io.c,.c,14550,670
contrib/ltree/ltxtquery_op.c,.c,2402,110
contrib/ltree/sql/ltree.sql,.sql,15989,411
contrib/ltree_plpython/ltree_plpython.c,.c,1450,58
contrib/ltree_plpython/ltree_plpython3u--1.0.sql,.sql,449,12
contrib/ltree_plpython/sql/ltree_plpython.sql,.sql,673,36
contrib/oid2name/oid2name.c,.c,16329,650
contrib/old_snapshot/old_snapshot--1.0.sql,.sql,549,14
contrib/old_snapshot/time_mapping.c,.c,4264,142
contrib/pageinspect/brinfuncs.c,.c,10493,422
contrib/pageinspect/btreefuncs.c,.c,26496,939
contrib/pageinspect/fsmfuncs.c,.c,1650,65
contrib/pageinspect/ginfuncs.c,.c,8153,285
contrib/pageinspect/gistfuncs.c,.c,9422,369
contrib/pageinspect/hashfuncs.c,.c,16011,570
contrib/pageinspect/heapfuncs.c,.c,17864,631
contrib/pageinspect/pageinspect--1.0--1.1.sql,.sql,560,18
contrib/pageinspect/pageinspect--1.1--1.2.sql,.sql,562,18
contrib/pageinspect/pageinspect--1.10--1.11.sql,.sql,1570,28
contrib/pageinspect/pageinspect--1.11--1.12.sql,.sql,1165,40
contrib/pageinspect/pageinspect--1.2--1.3.sql,.sql,1946,82
contrib/pageinspect/pageinspect--1.3--1.4.sql,.sql,2566,118
contrib/pageinspect/pageinspect--1.4--1.5.sql,.sql,1347,24
contrib/pageinspect/pageinspect--1.5--1.6.sql,.sql,2252,99
contrib/pageinspect/pageinspect--1.5.sql,.sql,6262,279
contrib/pageinspect/pageinspect--1.6--1.7.sql,.sql,698,26
contrib/pageinspect/pageinspect--1.7--1.8.sql,.sql,1711,69
contrib/pageinspect/pageinspect--1.8--1.9.sql,.sql,3398,137
contrib/pageinspect/pageinspect--1.9--1.10.sql,.sql,589,21
contrib/pageinspect/pageinspect.h,.h,681,30
contrib/pageinspect/rawpage.c,.c,9583,376
contrib/pageinspect/sql/brin.sql,.sql,1572,39
contrib/pageinspect/sql/btree.sql,.sql,2412,62
contrib/pageinspect/sql/checksum.sql,.sql,1373,31
contrib/pageinspect/sql/gin.sql,.sql,1527,41
contrib/pageinspect/sql/gist.sql,.sql,3197,69
contrib/pageinspect/sql/hash.sql,.sql,4949,113
contrib/pageinspect/sql/oldextversions.sql,.sql,888,26
contrib/pageinspect/sql/page.sql,.sql,4448,106
contrib/passwordcheck/passwordcheck.c,.c,4069,148
contrib/passwordcheck/sql/passwordcheck.sql,.sql,728,23
contrib/pg_buffercache/pg_buffercache--1.0--1.1.sql,.sql,508,11
contrib/pg_buffercache/pg_buffercache--1.1--1.2.sql,.sql,271,6
contrib/pg_buffercache/pg_buffercache--1.2--1.3.sql,.sql,328,7
contrib/pg_buffercache/pg_buffercache--1.2.sql,.sql,794,21
contrib/pg_buffercache/pg_buffercache--1.3--1.4.sql,.sql,1021,28
contrib/pg_buffercache/pg_buffercache_pages.c,.c,10356,355
contrib/pg_buffercache/sql/pg_buffercache.sql,.sql,1026,28
contrib/pg_freespacemap/pg_freespacemap--1.0--1.1.sql,.sql,335,7
contrib/pg_freespacemap/pg_freespacemap--1.1--1.2.sql,.sql,377,7
contrib/pg_freespacemap/pg_freespacemap--1.1.sql,.sql,899,25
contrib/pg_freespacemap/pg_freespacemap.c,.c,1264,50
contrib/pg_freespacemap/sql/pg_freespacemap.sql,.sql,1267,32
contrib/pg_prewarm/autoprewarm.c,.c,25550,927
contrib/pg_prewarm/pg_prewarm--1.0--1.1.sql,.sql,281,6
contrib/pg_prewarm/pg_prewarm--1.1--1.2.sql,.sql,458,14
contrib/pg_prewarm/pg_prewarm--1.1.sql,.sql,475,14
contrib/pg_prewarm/pg_prewarm.c,.c,6984,245
contrib/pg_stat_statements/pg_stat_statements--1.0--1.1.sql,.sql,1246,42
contrib/pg_stat_statements/pg_stat_statements--1.1--1.2.sql,.sql,1336,43
contrib/pg_stat_statements/pg_stat_statements--1.2--1.3.sql,.sql,1454,47
contrib/pg_stat_statements/pg_stat_statements--1.3--1.4.sql,.sql,345,7
contrib/pg_stat_statements/pg_stat_statements--1.4--1.5.sql,.sql,305,6
contrib/pg_stat_statements/pg_stat_statements--1.4.sql,.sql,1427,48
contrib/pg_stat_statements/pg_stat_statements--1.5--1.6.sql,.sql,376,7
contrib/pg_stat_statements/pg_stat_statements--1.6--1.7.sql,.sql,806,22
contrib/pg_stat_statements/pg_stat_statements--1.7--1.8.sql,.sql,1744,56
contrib/pg_stat_statements/pg_stat_statements--1.8--1.9.sql,.sql,2128,71
contrib/pg_stat_statements/pg_stat_statements--1.9--1.10.sql,.sql,2114,67
contrib/pg_stat_statements/pg_stat_statements.c,.c,85126,2883
contrib/pg_stat_statements/sql/cleanup.sql,.sql,35,1
contrib/pg_stat_statements/sql/cursors.sql,.sql,798,30
contrib/pg_stat_statements/sql/dml.sql,.sql,3618,95
contrib/pg_stat_statements/sql/extended.sql,.sql,1116,23
contrib/pg_stat_statements/sql/level_tracking.sql,.sql,3304,122
contrib/pg_stat_statements/sql/oldextversions.sql,.sql,1980,51
contrib/pg_stat_statements/sql/planning.sql,.sql,881,31
contrib/pg_stat_statements/sql/select.sql,.sql,4402,157
contrib/pg_stat_statements/sql/user_activity.sql,.sql,1838,66
contrib/pg_stat_statements/sql/utility.sql,.sql,8991,266
contrib/pg_stat_statements/sql/wal.sql,.sql,600,20
contrib/pg_surgery/heap_surgery.c,.c,11632,418
contrib/pg_surgery/pg_surgery--1.0.sql,.sql,608,18
contrib/pg_surgery/sql/heap_surgery.sql,.sql,2890,88
contrib/pg_trgm/pg_trgm--1.0--1.1.sql,.sql,536,12
contrib/pg_trgm/pg_trgm--1.1--1.2.sql,.sql,2192,74
contrib/pg_trgm/pg_trgm--1.2--1.3.sql,.sql,3498,65
contrib/pg_trgm/pg_trgm--1.3--1.4.sql,.sql,2045,68
contrib/pg_trgm/pg_trgm--1.3.sql,.sql,7942,254
contrib/pg_trgm/pg_trgm--1.4--1.5.sql,.sql,858,23
contrib/pg_trgm/pg_trgm--1.5--1.6.sql,.sql,418,10
contrib/pg_trgm/sql/pg_strict_word_trgm.sql,.sql,3020,45
contrib/pg_trgm/sql/pg_trgm.sql,.sql,10797,250
contrib/pg_trgm/sql/pg_utf8_trgm.sql,.sql,253,9
contrib/pg_trgm/sql/pg_word_trgm.sql,.sql,2877,48
contrib/pg_trgm/trgm.h,.h,5077,140
contrib/pg_trgm/trgm_gin.c,.c,9060,360
contrib/pg_trgm/trgm_gist.c,.c,23101,974
contrib/pg_trgm/trgm_op.c,.c,29771,1337
contrib/pg_trgm/trgm_regexp.c,.c,70395,2361
contrib/pg_visibility/pg_visibility--1.0--1.1.sql,.sql,883,24
contrib/pg_visibility/pg_visibility--1.1--1.2.sql,.sql,833,13
contrib/pg_visibility/pg_visibility--1.1.sql,.sql,2825,75
contrib/pg_visibility/pg_visibility.c,.c,22777,796
contrib/pg_visibility/sql/pg_visibility.sql,.sql,5576,176
contrib/pg_walinspect/pg_walinspect--1.0--1.1.sql,.sql,1296,42
contrib/pg_walinspect/pg_walinspect--1.0.sql,.sql,3665,118
contrib/pg_walinspect/pg_walinspect.c,.c,23189,851
contrib/pg_walinspect/sql/oldextversions.sql,.sql,1486,39
contrib/pg_walinspect/sql/pg_walinspect.sql,.sql,7101,157
contrib/pgcrypto/crypt-blowfish.c,.c,24736,756
contrib/pgcrypto/crypt-des.c,.c,19717,791
contrib/pgcrypto/crypt-gensalt.c,.c,4574,187
contrib/pgcrypto/crypt-md5.c,.c,3860,169
contrib/pgcrypto/mbuf.c,.c,9261,547
contrib/pgcrypto/mbuf.h,.h,3975,122
contrib/pgcrypto/openssl.c,.c,17986,829
contrib/pgcrypto/pgcrypto--1.0--1.1.sql,.sql,307,9
contrib/pgcrypto/pgcrypto--1.1--1.2.sql,.sql,483,14
contrib/pgcrypto/pgcrypto--1.2--1.3.sql,.sql,2346,41
contrib/pgcrypto/pgcrypto--1.3.sql,.sql,5708,217
contrib/pgcrypto/pgcrypto.c,.c,10952,477
contrib/pgcrypto/pgcrypto.h,.h,1500,37
contrib/pgcrypto/pgp-armor.c,.c,10761,488
contrib/pgcrypto/pgp-cfb.c,.c,5813,265
contrib/pgcrypto/pgp-compress.c,.c,7609,346
contrib/pgcrypto/pgp-decrypt.c,.c,24345,1213
contrib/pgcrypto/pgp-encrypt.c,.c,12807,704
contrib/pgcrypto/pgp-info.c,.c,4950,235
contrib/pgcrypto/pgp-mpi-openssl.c,.c,6253,284
contrib/pgcrypto/pgp-mpi.c,.c,3207,142
contrib/pgcrypto/pgp-pgsql.c,.c,21712,1003
contrib/pgcrypto/pgp-pubdec.c,.c,5127,244
contrib/pgcrypto/pgp-pubenc.c,.c,5079,244
contrib/pgcrypto/pgp-pubkey.c,.c,12045,583
contrib/pgcrypto/pgp-s2k.c,.c,6399,308
contrib/pgcrypto/pgp.c,.c,7494,360
contrib/pgcrypto/pgp.h,.h,9091,326
contrib/pgcrypto/px-crypt.c,.c,4000,164
contrib/pgcrypto/px-crypt.h,.h,2926,82
contrib/pgcrypto/px-hmac.c,.c,3641,176
contrib/pgcrypto/px.c,.c,7817,341
contrib/pgcrypto/px.h,.h,7344,228
contrib/pgcrypto/sql/3des.sql,.sql,849,25
contrib/pgcrypto/sql/blowfish.sql,.sql,2077,53
contrib/pgcrypto/sql/cast5.sql,.sql,934,32
contrib/pgcrypto/sql/crypt-blowfish.sql,.sql,658,26
contrib/pgcrypto/sql/crypt-des.sql,.sql,471,21
contrib/pgcrypto/sql/crypt-md5.sql,.sql,367,17
contrib/pgcrypto/sql/crypt-xdes.sql,.sql,876,33
contrib/pgcrypto/sql/des.sql,.sql,696,24
contrib/pgcrypto/sql/hmac-md5.sql,.sql,1183,44
contrib/pgcrypto/sql/hmac-sha1.sql,.sql,1191,44
contrib/pgcrypto/sql/init.sql,.sql,200,11
contrib/pgcrypto/sql/md5.sql,.sql,397,11
contrib/pgcrypto/sql/pgp-armor.sql,.sql,4419,214
contrib/pgcrypto/sql/pgp-compression.sql,.sql,1738,51
contrib/pgcrypto/sql/pgp-decrypt.sql,.sql,9284,330
contrib/pgcrypto/sql/pgp-encrypt.sql,.sql,3177,104
contrib/pgcrypto/sql/pgp-info.sql,.sql,858,22
contrib/pgcrypto/sql/pgp-pubkey-decrypt.sql,.sql,33035,647
contrib/pgcrypto/sql/pgp-pubkey-encrypt.sql,.sql,1192,48
contrib/pgcrypto/sql/pgp-pubkey-session.sql,.sql,3269,46
contrib/pgcrypto/sql/pgp-zlib-DISABLED.sql,.sql,20,1
contrib/pgcrypto/sql/rijndael.sql,.sql,2224,72
contrib/pgcrypto/sql/sha1.sql,.sql,405,11
contrib/pgcrypto/sql/sha2.sql,.sql,1535,33
contrib/pgrowlocks/pgrowlocks--1.0--1.1.sql,.sql,651,17
contrib/pgrowlocks/pgrowlocks--1.1--1.2.sql,.sql,253,6
contrib/pgrowlocks/pgrowlocks--1.2.sql,.sql,555,15
contrib/pgrowlocks/pgrowlocks.c,.c,8012,276
contrib/pgstattuple/pgstatapprox.c,.c,9026,319
contrib/pgstattuple/pgstatindex.c,.c,20769,761
contrib/pgstattuple/pgstattuple--1.0--1.1.sql,.sql,400,11
contrib/pgstattuple/pgstattuple--1.1--1.2.sql,.sql,1435,39
contrib/pgstattuple/pgstattuple--1.2--1.3.sql,.sql,1126,18
contrib/pgstattuple/pgstattuple--1.3--1.4.sql,.sql,623,13
contrib/pgstattuple/pgstattuple--1.4--1.5.sql,.sql,5506,136
contrib/pgstattuple/pgstattuple--1.4.sql,.sql,3764,95
contrib/pgstattuple/pgstattuple.c,.c,15592,601
contrib/pgstattuple/sql/pgstattuple.sql,.sql,5253,138
contrib/postgres_fdw/connection.c,.c,68563,2231
contrib/postgres_fdw/deparse.c,.c,116521,4066
contrib/postgres_fdw/option.c,.c,16640,590
contrib/postgres_fdw/postgres_fdw--1.0--1.1.sql,.sql,626,20
contrib/postgres_fdw/postgres_fdw--1.0.sql,.sql,507,18
contrib/postgres_fdw/postgres_fdw.c,.c,242915,7845
contrib/postgres_fdw/postgres_fdw.h,.h,8777,255
contrib/postgres_fdw/shippable.c,.c,6351,205
contrib/postgres_fdw/sql/postgres_fdw.sql,.sql,172321,4244
contrib/seg/seg--1.0--1.1.sql,.sql,3005,63
contrib/seg/seg--1.1--1.2.sql,.sql,360,14
contrib/seg/seg--1.1.sql,.sql,8142,395
contrib/seg/seg--1.2--1.3.sql,.sql,2344,58
contrib/seg/seg--1.3--1.4.sql,.sql,259,8
contrib/seg/seg.c,.c,24503,1095
contrib/seg/segdata.h,.h,516,25
contrib/seg/segparse.y,.y,3559,183
contrib/seg/segscan.l,.l,2865,129
contrib/seg/sql/security.sql,.sql,999,32
contrib/seg/sql/seg.sql,.sql,7670,257
contrib/sepgsql/database.c,.c,5339,216
contrib/sepgsql/dml.c,.c,9419,359
contrib/sepgsql/hooks.c,.c,11354,483
contrib/sepgsql/label.c,.c,23760,916
contrib/sepgsql/proc.c,.c,8064,333
contrib/sepgsql/relation.c,.c,19249,773
contrib/sepgsql/schema.c,.c,5607,235
contrib/sepgsql/selinux.c,.c,17138,888
contrib/sepgsql/sepgsql.h,.h,12134,324
contrib/sepgsql/sql/alter.sql,.sql,8283,197
contrib/sepgsql/sql/ddl.sql,.sql,4150,125
contrib/sepgsql/sql/dml.sql,.sql,9297,257
contrib/sepgsql/sql/label.sql,.sql,10051,294
contrib/sepgsql/sql/misc.sql,.sql,1428,45
contrib/sepgsql/sql/truncate.sql,.sql,862,24
contrib/sepgsql/uavc.c,.c,13866,521
contrib/spi/autoinc--1.0.sql,.sql,249,9
contrib/spi/autoinc.c,.c,3390,127
contrib/spi/insert_username--1.0.sql,.sql,273,9
contrib/spi/insert_username.c,.c,2568,92
contrib/spi/moddatetime--1.0.sql,.sql,261,9
contrib/spi/moddatetime.c,.c,3760,130
contrib/spi/refint--1.0.sql,.sql,343,14
contrib/spi/refint.c,.c,17864,646
contrib/sslinfo/sslinfo--1.0--1.1.sql,.sql,375,12
contrib/sslinfo/sslinfo--1.1--1.2.sql,.sql,746,15
contrib/sslinfo/sslinfo--1.2.sql,.sql,1534,48
contrib/sslinfo/sslinfo.c,.c,12144,484
contrib/tablefunc/sql/tablefunc.sql,.sql,10944,208
contrib/tablefunc/tablefunc--1.0.sql,.sql,2153,88
contrib/tablefunc/tablefunc.c,.c,44634,1591
contrib/tablefunc/tablefunc.h,.h,1413,39
contrib/tcn/tcn--1.0.sql,.sql,274,9
contrib/tcn/tcn.c,.c,5075,180
contrib/test_decoding/sql/binary.sql,.sql,887,14
contrib/test_decoding/sql/ddl.sql,.sql,17595,445
contrib/test_decoding/sql/decoding_in_xact.sql,.sql,1455,41
contrib/test_decoding/sql/decoding_into_rel.sql,.sql,1661,42
contrib/test_decoding/sql/messages.sql,.sql,1251,34
contrib/test_decoding/sql/permissions.sql,.sql,2474,69
contrib/test_decoding/sql/prepared.sql,.sql,1498,50
contrib/test_decoding/sql/replorigin.sql,.sql,6920,148
contrib/test_decoding/sql/rewrite.sql,.sql,4196,107
contrib/test_decoding/sql/slot.sql,.sql,7990,178
contrib/test_decoding/sql/spill.sql,.sql,7945,179
contrib/test_decoding/sql/stats.sql,.sql,2923,56
contrib/test_decoding/sql/stream.sql,.sql,73694,48
contrib/test_decoding/sql/time.sql,.sql,1029,22
contrib/test_decoding/sql/toast.sql,.sql,14218,327
contrib/test_decoding/sql/truncate.sql,.sql,493,14
contrib/test_decoding/sql/twophase.sql,.sql,6489,136
contrib/test_decoding/sql/twophase_stream.sql,.sql,2226,45
contrib/test_decoding/sql/xact.sql,.sql,1207,33
contrib/test_decoding/test_decoding.c,.c,28874,976
contrib/tsm_system_rows/sql/tsm_system_rows.sql,.sql,1336,39
contrib/tsm_system_rows/tsm_system_rows--1.0.sql,.sql,327,9
contrib/tsm_system_rows/tsm_system_rows.c,.c,9527,340
contrib/tsm_system_time/sql/tsm_system_time.sql,.sql,1751,51
contrib/tsm_system_time/tsm_system_time--1.0.sql,.sql,327,9
contrib/tsm_system_time/tsm_system_time.c,.c,9921,353
contrib/unaccent/sql/unaccent.sql,.sql,1096,34
contrib/unaccent/unaccent--1.0--1.1.sql,.sql,445,9
contrib/unaccent/unaccent--1.1.sql,.sql,910,34
contrib/unaccent/unaccent.c,.c,9991,435
contrib/uuid-ossp/sql/uuid_ossp.sql,.sql,3124,75
contrib/uuid-ossp/uuid-ossp--1.0--1.1.sql,.sql,688,15
contrib/uuid-ossp/uuid-ossp--1.1.sql,.sql,1516,54
contrib/uuid-ossp/uuid-ossp.c,.c,13602,552
contrib/vacuumlo/vacuumlo.c,.c,13586,544
contrib/xml2/sql/xml2.sql,.sql,4963,145
contrib/xml2/xml2--1.0--1.1.sql,.sql,944,18
contrib/xml2/xml2--1.1.sql,.sql,2049,73
contrib/xml2/xpath.c,.c,17457,746
contrib/xml2/xslt_proc.c,.c,6325,265
doc/src/sgml/acronyms.sgml,.sgml,20025,837
doc/src/sgml/adminpack.sgml,.sgml,5956,159
doc/src/sgml/advanced.sgml,.sgml,25963,720
doc/src/sgml/amcheck.sgml,.sgml,23576,558
doc/src/sgml/appendix-obsolete-default-roles.sgml,.sgml,867,22
doc/src/sgml/appendix-obsolete-pgreceivexlog.sgml,.sgml,927,24
doc/src/sgml/appendix-obsolete-pgresetxlog.sgml,.sgml,907,24
doc/src/sgml/appendix-obsolete-pgxlogdump.sgml,.sgml,882,24
doc/src/sgml/appendix-obsolete-recovery-config.sgml,.sgml,1966,55
doc/src/sgml/appendix-obsolete.sgml,.sgml,1656,42
doc/src/sgml/arch-dev.sgml,.sgml,25124,575
doc/src/sgml/archive-modules.sgml,.sgml,6181,155
doc/src/sgml/array.sgml,.sgml,26139,797
doc/src/sgml/auth-delay.sgml,.sgml,1762,65
doc/src/sgml/auto-explain.sgml,.sgml,13867,359
doc/src/sgml/backup-manifest.sgml,.sgml,7301,216
doc/src/sgml/backup.sgml,.sgml,71664,1524
doc/src/sgml/basebackup-to-shell.sgml,.sgml,3202,85
doc/src/sgml/basic-archive.sgml,.sgml,2505,81
doc/src/sgml/bgworker.sgml,.sgml,14927,303
doc/src/sgml/biblio.sgml,.sgml,16118,568
doc/src/sgml/bki.sgml,.sgml,43232,1079
doc/src/sgml/bloom.sgml,.sgml,10053,290
doc/src/sgml/brin.sgml,.sgml,54048,1342
doc/src/sgml/btree-gin.sgml,.sgml,2407,66
doc/src/sgml/btree-gist.sgml,.sgml,4501,118
doc/src/sgml/btree.sgml,.sgml,39687,914
doc/src/sgml/catalogs.sgml,.sgml,333296,9668
doc/src/sgml/charset.sgml,.sgml,124339,3318
doc/src/sgml/citext.sgml,.sgml,10162,293
doc/src/sgml/client-auth.sgml,.sgml,99963,2358
doc/src/sgml/color.sgml,.sgml,3075,111
doc/src/sgml/config.sgml,.sgml,531119,11994
doc/src/sgml/contrib-spi.sgml,.sgml,5350,139
doc/src/sgml/contrib.sgml,.sgml,7644,238
doc/src/sgml/cube.sgml,.sgml,21718,639
doc/src/sgml/custom-rmgr.sgml,.sgml,4210,105
doc/src/sgml/custom-scan.sgml,.sgml,17831,407
doc/src/sgml/datatype.sgml,.sgml,195656,5409
doc/src/sgml/datetime.sgml,.sgml,33119,930
doc/src/sgml/dblink.sgml,.sgml,58457,2137
doc/src/sgml/ddl.sgml,.sgml,201647,5286
doc/src/sgml/dfunc.sgml,.sgml,7414,223
doc/src/sgml/dict-int.sgml,.sgml,3174,101
doc/src/sgml/dict-xsyn.sgml,.sgml,4428,149
doc/src/sgml/diskusage.sgml,.sgml,4712,144
doc/src/sgml/dml.sgml,.sgml,12141,350
doc/src/sgml/docguide.sgml,.sgml,23030,695
doc/src/sgml/earthdistance.sgml,.sgml,9220,265
doc/src/sgml/ecpg.sgml,.sgml,332879,10091
doc/src/sgml/errcodes.sgml,.sgml,3453,89
doc/src/sgml/event-trigger.sgml,.sgml,56382,1308
doc/src/sgml/extend.sgml,.sgml,82667,1901
doc/src/sgml/external-projects.sgml,.sgml,4487,129
doc/src/sgml/fdwhandler.sgml,.sgml,98665,2155
doc/src/sgml/features.sgml,.sgml,20582,495
doc/src/sgml/file-fdw.sgml,.sgml,8512,293
doc/src/sgml/filelist.sgml,.sgml,8743,202
doc/src/sgml/func.sgml,.sgml,1091401,29384
doc/src/sgml/fuzzystrmatch.sgml,.sgml,11291,399
doc/src/sgml/generic-wal.sgml,.sgml,6283,174
doc/src/sgml/geqo.sgml,.sgml,11525,303
doc/src/sgml/gin.sgml,.sgml,31177,717
doc/src/sgml/gist.sgml,.sgml,50432,1306
doc/src/sgml/glossary.sgml,.sgml,79002,2230
doc/src/sgml/hash.sgml,.sgml,6763,161
doc/src/sgml/high-availability.sgml,.sgml,101747,2328
doc/src/sgml/history.sgml,.sgml,8544,220
doc/src/sgml/hstore.sgml,.sgml,32076,977
doc/src/sgml/images/pagelayout.txt,.txt,638,11
doc/src/sgml/indexam.sgml,.sgml,68557,1503
doc/src/sgml/indices.sgml,.sgml,68482,1638
doc/src/sgml/info.sgml,.sgml,2231,69
doc/src/sgml/information_schema.sgml,.sgml,283791,8682
doc/src/sgml/install-binaries.sgml,.sgml,912,24
doc/src/sgml/install-windows.sgml,.sgml,23087,588
doc/src/sgml/installation.sgml,.sgml,151996,3890
doc/src/sgml/intagg.sgml,.sgml,4209,131
doc/src/sgml/intarray.sgml,.sgml,16879,503
doc/src/sgml/intro.sgml,.sgml,4650,161
doc/src/sgml/isn.sgml,.sgml,12889,424
doc/src/sgml/jit.sgml,.sgml,11656,285
doc/src/sgml/json.sgml,.sgml,41915,1025
doc/src/sgml/keywords/sql1992-nonreserved.txt,.txt,639,50
doc/src/sgml/keywords/sql1992-reserved.txt,.txt,1641,227
doc/src/sgml/keywords/sql2016-02-nonreserved.txt,.txt,2550,256
doc/src/sgml/keywords/sql2016-02-reserved.txt,.txt,2953,365
doc/src/sgml/keywords/sql2016-09-nonreserved.txt,.txt,168,23
doc/src/sgml/keywords/sql2016-09-reserved.txt,.txt,163,13
doc/src/sgml/keywords/sql2016-14-nonreserved.txt,.txt,211,27
doc/src/sgml/keywords/sql2016-14-reserved.txt,.txt,198,20
doc/src/sgml/keywords/sql2023-02-nonreserved.txt,.txt,2562,257
doc/src/sgml/keywords/sql2023-02-reserved.txt,.txt,3038,376
doc/src/sgml/keywords/sql2023-09-nonreserved.txt,.txt,168,23
doc/src/sgml/keywords/sql2023-09-reserved.txt,.txt,163,13
doc/src/sgml/keywords/sql2023-14-nonreserved.txt,.txt,194,25
doc/src/sgml/keywords/sql2023-14-reserved.txt,.txt,198,20
doc/src/sgml/keywords.sgml,.sgml,3944,90
doc/src/sgml/legal.sgml,.sgml,1629,50
doc/src/sgml/libpq.sgml,.sgml,385155,9902
doc/src/sgml/limits.sgml,.sgml,4645,149
doc/src/sgml/lo.sgml,.sgml,4799,136
doc/src/sgml/lobj.sgml,.sgml,34748,998
doc/src/sgml/logical-replication.sgml,.sgml,73102,1952
doc/src/sgml/logicaldecoding.sgml,.sgml,61661,1387
doc/src/sgml/ltree.sgml,.sgml,30836,859
doc/src/sgml/maintenance.sgml,.sgml,59049,1208
doc/src/sgml/manage-ag.sgml,.sgml,23918,551
doc/src/sgml/monitoring.sgml,.sgml,291719,8372
doc/src/sgml/mvcc.sgml,.sgml,81846,1943
doc/src/sgml/nls.sgml,.sgml,20010,534
doc/src/sgml/notation.sgml,.sgml,1226,31
doc/src/sgml/oid2name.sgml,.sgml,12104,376
doc/src/sgml/oldsnapshot.sgml,.sgml,996,33
doc/src/sgml/pageinspect.sgml,.sgml,34062,962
doc/src/sgml/parallel.sgml,.sgml,27252,598
doc/src/sgml/passwordcheck.sgml,.sgml,2410,62
doc/src/sgml/perform.sgml,.sgml,88667,1961
doc/src/sgml/pgbuffercache.sgml,.sgml,13205,419
doc/src/sgml/pgcrypto.sgml,.sgml,36548,1266
doc/src/sgml/pgfreespacemap.sgml,.sgml,3253,121
doc/src/sgml/pgprewarm.sgml,.sgml,5305,148
doc/src/sgml/pgrowlocks.sgml,.sgml,4472,151
doc/src/sgml/pgstatstatements.sgml,.sgml,37360,989
doc/src/sgml/pgstattuple.sgml,.sgml,18665,629
doc/src/sgml/pgsurgery.sgml,.sgml,2926,107
doc/src/sgml/pgtrgm.sgml,.sgml,23071,645
doc/src/sgml/pgvisibility.sgml,.sgml,6086,158
doc/src/sgml/pgwalinspect.sgml,.sgml,10551,286
doc/src/sgml/planstats.sgml,.sgml,32222,762
doc/src/sgml/plhandler.sgml,.sgml,10068,192
doc/src/sgml/plperl.sgml,.sgml,55909,1608
doc/src/sgml/plpgsql.sgml,.sgml,230240,6125
doc/src/sgml/plpython.sgml,.sgml,47675,1397
doc/src/sgml/pltcl.sgml,.sgml,44990,1135
doc/src/sgml/postgres-fdw.sgml,.sgml,49867,1216
doc/src/sgml/postgres.sgml,.sgml,8488,305
doc/src/sgml/problems.sgml,.sgml,15371,362
doc/src/sgml/protocol.sgml,.sgml,245453,7530
doc/src/sgml/queries.sgml,.sgml,104611,2746
doc/src/sgml/query.sgml,.sgml,31775,920
doc/src/sgml/rangetypes.sgml,.sgml,22350,592
doc/src/sgml/ref/abort.sgml,.sgml,2671,112
doc/src/sgml/ref/allfiles.sgml,.sgml,12336,224
doc/src/sgml/ref/alter_aggregate.sgml,.sgml,6620,203
doc/src/sgml/ref/alter_collation.sgml,.sgml,6882,208
doc/src/sgml/ref/alter_conversion.sgml,.sgml,3360,128
doc/src/sgml/ref/alter_database.sgml,.sgml,8376,255
doc/src/sgml/ref/alter_default_privileges.sgml,.sgml,9549,265
doc/src/sgml/ref/alter_domain.sgml,.sgml,11906,369
doc/src/sgml/ref/alter_event_trigger.sgml,.sgml,2887,105
doc/src/sgml/ref/alter_extension.sgml,.sgml,12453,334
doc/src/sgml/ref/alter_foreign_data_wrapper.sgml,.sgml,6119,188
doc/src/sgml/ref/alter_foreign_table.sgml,.sgml,20636,558
doc/src/sgml/ref/alter_function.sgml,.sgml,14087,392
doc/src/sgml/ref/alter_group.sgml,.sgml,3941,139
doc/src/sgml/ref/alter_index.sgml,.sgml,11790,329
doc/src/sgml/ref/alter_language.sgml,.sgml,2153,91
doc/src/sgml/ref/alter_large_object.sgml,.sgml,2067,87
doc/src/sgml/ref/alter_materialized_view.sgml,.sgml,7029,187
doc/src/sgml/ref/alter_opclass.sgml,.sgml,3430,125
doc/src/sgml/ref/alter_operator.sgml,.sgml,4707,161
doc/src/sgml/ref/alter_opfamily.sgml,.sgml,12498,360
doc/src/sgml/ref/alter_policy.sgml,.sgml,4251,143
doc/src/sgml/ref/alter_procedure.sgml,.sgml,10577,290
doc/src/sgml/ref/alter_publication.sgml,.sgml,9433,247
doc/src/sgml/ref/alter_role.sgml,.sgml,13760,359
doc/src/sgml/ref/alter_routine.sgml,.sgml,4431,103
doc/src/sgml/ref/alter_rule.sgml,.sgml,2410,105
doc/src/sgml/ref/alter_schema.sgml,.sgml,2484,100
doc/src/sgml/ref/alter_sequence.sgml,.sgml,13782,364
doc/src/sgml/ref/alter_server.sgml,.sgml,4250,144
doc/src/sgml/ref/alter_statistics.sgml,.sgml,4384,136
doc/src/sgml/ref/alter_subscription.sgml,.sgml,14383,339
doc/src/sgml/ref/alter_system.sgml,.sgml,4805,152
doc/src/sgml/ref/alter_table.sgml,.sgml,80610,1787
doc/src/sgml/ref/alter_tablespace.sgml,.sgml,4225,140
doc/src/sgml/ref/alter_trigger.sgml,.sgml,3997,146
doc/src/sgml/ref/alter_tsconfig.sgml,.sgml,6524,189
doc/src/sgml/ref/alter_tsdictionary.sgml,.sgml,4823,170
doc/src/sgml/ref/alter_tsparser.sgml,.sgml,2287,93
doc/src/sgml/ref/alter_tstemplate.sgml,.sgml,2325,93
doc/src/sgml/ref/alter_type.sgml,.sgml,16958,495
doc/src/sgml/ref/alter_user.sgml,.sgml,3007,81
doc/src/sgml/ref/alter_user_mapping.sgml,.sgml,3912,124
doc/src/sgml/ref/alter_view.sgml,.sgml,7785,230
doc/src/sgml/ref/analyze.sgml,.sgml,14700,355
doc/src/sgml/ref/begin.sgml,.sgml,4833,161
doc/src/sgml/ref/call.sgml,.sgml,3563,133
doc/src/sgml/ref/checkpoint.sgml,.sgml,1873,69
doc/src/sgml/ref/close.sgml,.sgml,3202,132
doc/src/sgml/ref/cluster.sgml,.sgml,9152,261
doc/src/sgml/ref/clusterdb.sgml,.sgml,10803,351
doc/src/sgml/ref/comment.sgml,.sgml,16555,379
doc/src/sgml/ref/commit.sgml,.sgml,2642,112
doc/src/sgml/ref/commit_prepared.sgml,.sgml,2634,107
doc/src/sgml/ref/copy.sgml,.sgml,43873,1095
doc/src/sgml/ref/create_access_method.sgml,.sgml,3472,122
doc/src/sgml/ref/create_aggregate.sgml,.sgml,36646,805
doc/src/sgml/ref/create_cast.sgml,.sgml,16708,424
doc/src/sgml/ref/create_collation.sgml,.sgml,9175,295
doc/src/sgml/ref/create_conversion.sgml,.sgml,5310,189
doc/src/sgml/ref/create_database.sgml,.sgml,20072,496
doc/src/sgml/ref/create_domain.sgml,.sgml,9909,293
doc/src/sgml/ref/create_event_trigger.sgml,.sgml,5065,170
doc/src/sgml/ref/create_extension.sgml,.sgml,9202,247
doc/src/sgml/ref/create_foreign_data_wrapper.sgml,.sgml,6100,183
doc/src/sgml/ref/create_foreign_table.sgml,.sgml,17771,455
doc/src/sgml/ref/create_function.sgml,.sgml,37666,941
doc/src/sgml/ref/create_group.sgml,.sgml,2121,72
doc/src/sgml/ref/create_index.sgml,.sgml,39829,999
doc/src/sgml/ref/create_language.sgml,.sgml,9019,250
doc/src/sgml/ref/create_materialized_view.sgml,.sgml,6531,187
doc/src/sgml/ref/create_opclass.sgml,.sgml,11964,330
doc/src/sgml/ref/create_operator.sgml,.sgml,9444,300
doc/src/sgml/ref/create_opfamily.sgml,.sgml,3679,118
doc/src/sgml/ref/create_policy.sgml,.sgml,32798,774
doc/src/sgml/ref/create_procedure.sgml,.sgml,15162,411
doc/src/sgml/ref/create_publication.sgml,.sgml,16368,432
doc/src/sgml/ref/create_role.sgml,.sgml,20431,521
doc/src/sgml/ref/create_rule.sgml,.sgml,11509,306
doc/src/sgml/ref/create_schema.sgml,.sgml,7777,228
doc/src/sgml/ref/create_sequence.sgml,.sgml,14849,413
doc/src/sgml/ref/create_server.sgml,.sgml,5013,172
doc/src/sgml/ref/create_statistics.sgml,.sgml,12423,335
doc/src/sgml/ref/create_subscription.sgml,.sgml,23548,560
doc/src/sgml/ref/create_table.sgml,.sgml,106140,2466
doc/src/sgml/ref/create_table_as.sgml,.sgml,11485,362
doc/src/sgml/ref/create_tablespace.sgml,.sgml,5926,183
doc/src/sgml/ref/create_transform.sgml,.sgml,7056,214
doc/src/sgml/ref/create_trigger.sgml,.sgml,31269,779
doc/src/sgml/ref/create_tsconfig.sgml,.sgml,3442,126
doc/src/sgml/ref/create_tsdictionary.sgml,.sgml,3732,141
doc/src/sgml/ref/create_tsparser.sgml,.sgml,4316,153
doc/src/sgml/ref/create_tstemplate.sgml,.sgml,3604,126
doc/src/sgml/ref/create_type.sgml,.sgml,43446,1040
doc/src/sgml/ref/create_user.sgml,.sgml,2505,78
doc/src/sgml/ref/create_user_mapping.sgml,.sgml,4173,132
doc/src/sgml/ref/create_view.sgml,.sgml,23092,575
doc/src/sgml/ref/createdb.sgml,.sgml,14193,439
doc/src/sgml/ref/createuser.sgml,.sgml,18166,561
doc/src/sgml/ref/deallocate.sgml,.sgml,2152,98
doc/src/sgml/ref/declare.sgml,.sgml,14358,377
doc/src/sgml/ref/delete.sgml,.sgml,10115,289
doc/src/sgml/ref/discard.sgml,.sgml,2944,118
doc/src/sgml/ref/do.sgml,.sgml,3636,135
doc/src/sgml/ref/drop_access_method.sgml,.sgml,2532,111
doc/src/sgml/ref/drop_aggregate.sgml,.sgml,5041,184
doc/src/sgml/ref/drop_cast.sgml,.sgml,2567,117
doc/src/sgml/ref/drop_collation.sgml,.sgml,2749,114
doc/src/sgml/ref/drop_conversion.sgml,.sgml,2600,107
doc/src/sgml/ref/drop_database.sgml,.sgml,3537,128
doc/src/sgml/ref/drop_domain.sgml,.sgml,2609,114
doc/src/sgml/ref/drop_event_trigger.sgml,.sgml,2618,115
doc/src/sgml/ref/drop_extension.sgml,.sgml,3215,126
doc/src/sgml/ref/drop_foreign_data_wrapper.sgml,.sgml,2828,114
doc/src/sgml/ref/drop_foreign_table.sgml,.sgml,2794,115
doc/src/sgml/ref/drop_function.sgml,.sgml,5514,192
doc/src/sgml/ref/drop_group.sgml,.sgml,1096,53
doc/src/sgml/ref/drop_index.sgml,.sgml,3868,143
doc/src/sgml/ref/drop_language.sgml,.sgml,2959,125
doc/src/sgml/ref/drop_materialized_view.sgml,.sgml,2842,116
doc/src/sgml/ref/drop_opclass.sgml,.sgml,4010,149
doc/src/sgml/ref/drop_operator.sgml,.sgml,3552,146
doc/src/sgml/ref/drop_opfamily.sgml,.sgml,3649,138
doc/src/sgml/ref/drop_owned.sgml,.sgml,3411,126
doc/src/sgml/ref/drop_policy.sgml,.sgml,2886,119
doc/src/sgml/ref/drop_procedure.sgml,.sgml,7418,231
doc/src/sgml/ref/drop_publication.sgml,.sgml,2282,105
doc/src/sgml/ref/drop_role.sgml,.sgml,3329,124
doc/src/sgml/ref/drop_routine.sgml,.sgml,3999,123
doc/src/sgml/ref/drop_rule.sgml,.sgml,2713,123
doc/src/sgml/ref/drop_schema.sgml,.sgml,3073,131
doc/src/sgml/ref/drop_sequence.sgml,.sgml,2684,115
doc/src/sgml/ref/drop_server.sgml,.sgml,2602,114
doc/src/sgml/ref/drop_statistics.sgml,.sgml,2453,108
doc/src/sgml/ref/drop_subscription.sgml,.sgml,4111,144
doc/src/sgml/ref/drop_table.sgml,.sgml,3366,129
doc/src/sgml/ref/drop_tablespace.sgml,.sgml,2578,110
doc/src/sgml/ref/drop_transform.sgml,.sgml,3039,128
doc/src/sgml/ref/drop_trigger.sgml,.sgml,3096,127
doc/src/sgml/ref/drop_tsconfig.sgml,.sgml,2981,121
doc/src/sgml/ref/drop_tsdictionary.sgml,.sgml,2908,120
doc/src/sgml/ref/drop_tsparser.sgml,.sgml,2799,118
doc/src/sgml/ref/drop_tstemplate.sgml,.sgml,2843,119
doc/src/sgml/ref/drop_type.sgml,.sgml,2839,116
doc/src/sgml/ref/drop_user.sgml,.sgml,1205,55
doc/src/sgml/ref/drop_user_mapping.sgml,.sgml,2908,110
doc/src/sgml/ref/drop_view.sgml,.sgml,2617,114
doc/src/sgml/ref/dropdb.sgml,.sgml,9219,317
doc/src/sgml/ref/dropuser.sgml,.sgml,8604,295
doc/src/sgml/ref/ecpg-ref.sgml,.sgml,8497,280
doc/src/sgml/ref/end.sgml,.sgml,2702,112
doc/src/sgml/ref/execute.sgml,.sgml,3303,121
doc/src/sgml/ref/explain.sgml,.sgml,19685,541
doc/src/sgml/ref/fetch.sgml,.sgml,13750,418
doc/src/sgml/ref/grant.sgml,.sgml,23332,536
doc/src/sgml/ref/import_foreign_schema.sgml,.sgml,5226,166
doc/src/sgml/ref/initdb.sgml,.sgml,23486,618
doc/src/sgml/ref/insert.sgml,.sgml,32698,804
doc/src/sgml/ref/listen.sgml,.sgml,4841,153
doc/src/sgml/ref/load.sgml,.sgml,2358,81
doc/src/sgml/ref/lock.sgml,.sgml,10858,271
doc/src/sgml/ref/merge.sgml,.sgml,25467,656
doc/src/sgml/ref/move.sgml,.sgml,3151,124
doc/src/sgml/ref/notify.sgml,.sgml,9251,233
doc/src/sgml/ref/pg_amcheck.sgml,.sgml,23720,652
doc/src/sgml/ref/pg_basebackup.sgml,.sgml,41630,1013
doc/src/sgml/ref/pg_checksums.sgml,.sgml,7117,229
doc/src/sgml/ref/pg_config-ref.sgml,.sgml,9738,332
doc/src/sgml/ref/pg_controldata.sgml,.sgml,2503,84
doc/src/sgml/ref/pg_ctl-ref.sgml,.sgml,25821,707
doc/src/sgml/ref/pg_dump.sgml,.sgml,67436,1658
doc/src/sgml/ref/pg_dumpall.sgml,.sgml,31814,867
doc/src/sgml/ref/pg_isready.sgml,.sgml,6995,217
doc/src/sgml/ref/pg_receivewal.sgml,.sgml,19426,532
doc/src/sgml/ref/pg_recvlogical.sgml,.sgml,16171,481
doc/src/sgml/ref/pg_resetwal.sgml,.sgml,15183,386
doc/src/sgml/ref/pg_restore.sgml,.sgml,39874,1082
doc/src/sgml/ref/pg_rewind.sgml,.sgml,16621,411
doc/src/sgml/ref/pg_verifybackup.sgml,.sgml,11562,304
doc/src/sgml/ref/pg_waldump.sgml,.sgml,13560,414
doc/src/sgml/ref/pgarchivecleanup.sgml,.sgml,6988,207
doc/src/sgml/ref/pgbench.sgml,.sgml,111613,2966
doc/src/sgml/ref/pgtestfsync.sgml,.sgml,3755,127
doc/src/sgml/ref/pgtesttiming.sgml,.sgml,10590,303
doc/src/sgml/ref/pgupgrade.sgml,.sgml,33822,873
doc/src/sgml/ref/postgres-ref.sgml,.sgml,30017,822
doc/src/sgml/ref/prepare.sgml,.sgml,10301,258
doc/src/sgml/ref/prepare_transaction.sgml,.sgml,6452,181
doc/src/sgml/ref/psql-ref.sgml,.sgml,229701,5361
doc/src/sgml/ref/reassign_owned.sgml,.sgml,3548,123
doc/src/sgml/ref/refresh_materialized_view.sgml,.sgml,4383,143
doc/src/sgml/ref/reindex.sgml,.sgml,21677,565
doc/src/sgml/ref/reindexdb.sgml,.sgml,14715,475
doc/src/sgml/ref/release_savepoint.sgml,.sgml,4286,151
doc/src/sgml/ref/reset.sgml,.sgml,3004,113
doc/src/sgml/ref/revoke.sgml,.sgml,15019,343
doc/src/sgml/ref/rollback.sgml,.sgml,2689,112
doc/src/sgml/ref/rollback_prepared.sgml,.sgml,2667,107
doc/src/sgml/ref/rollback_to.sgml,.sgml,4498,159
doc/src/sgml/ref/savepoint.sgml,.sgml,4536,165
doc/src/sgml/ref/security_label.sgml,.sgml,9070,237
doc/src/sgml/ref/select.sgml,.sgml,100366,2209
doc/src/sgml/ref/select_into.sgml,.sgml,5957,156
doc/src/sgml/ref/set.sgml,.sgml,10861,332
doc/src/sgml/ref/set_constraints.sgml,.sgml,4794,125
doc/src/sgml/ref/set_role.sgml,.sgml,5651,161
doc/src/sgml/ref/set_session_auth.sgml,.sgml,4079,130
doc/src/sgml/ref/set_transaction.sgml,.sgml,11119,290
doc/src/sgml/ref/show.sgml,.sgml,4372,176
doc/src/sgml/ref/start_transaction.sgml,.sgml,3040,97
doc/src/sgml/ref/truncate.sgml,.sgml,7817,233
doc/src/sgml/ref/unlisten.sgml,.sgml,3027,133
doc/src/sgml/ref/update.sgml,.sgml,18644,475
doc/src/sgml/ref/vacuum.sgml,.sgml,22804,541
doc/src/sgml/ref/vacuumdb.sgml,.sgml,21948,665
doc/src/sgml/ref/values.sgml,.sgml,8630,251
doc/src/sgml/reference.sgml,.sgml,6184,295
doc/src/sgml/regress.sgml,.sgml,36185,917
doc/src/sgml/release-16.sgml,.sgml,759594,20443
doc/src/sgml/release.sgml,.sgml,4226,104
doc/src/sgml/replication-origins.sgml,.sgml,4600,96
doc/src/sgml/rowtypes.sgml,.sgml,21019,540
doc/src/sgml/rules.sgml,.sgml,92677,2440
doc/src/sgml/runtime.sgml,.sgml,114971,2774
doc/src/sgml/seg.sgml,.sgml,13764,415
doc/src/sgml/sepgsql.sgml,.sgml,31518,829
doc/src/sgml/sourcerepo.sgml,.sgml,2817,85
doc/src/sgml/sources.sgml,.sgml,38278,1035
doc/src/sgml/spgist.sgml,.sgml,53468,1076
doc/src/sgml/spi.sgml,.sgml,152949,5417
doc/src/sgml/sslinfo.sgml,.sgml,7437,263
doc/src/sgml/start.sgml,.sgml,15646,409
doc/src/sgml/storage.sgml,.sgml,45642,1147
doc/src/sgml/syntax.sgml,.sgml,105654,2793
doc/src/sgml/system-views.sgml,.sgml,160916,4846
doc/src/sgml/tableam.sgml,.sgml,4972,108
doc/src/sgml/tablefunc.sgml,.sgml,31672,865
doc/src/sgml/tablesample-method.sgml,.sgml,12420,300
doc/src/sgml/tcn.sgml,.sgml,3099,77
doc/src/sgml/test-decoding.sgml,.sgml,2369,64
doc/src/sgml/textsearch.sgml,.sgml,150189,4039
doc/src/sgml/trigger.sgml,.sgml,41119,1032
doc/src/sgml/tsm-system-rows.sgml,.sgml,2181,70
doc/src/sgml/tsm-system-time.sgml,.sgml,2357,72
doc/src/sgml/typeconv.sgml,.sgml,43118,1262
doc/src/sgml/unaccent.sgml,.sgml,6490,202
doc/src/sgml/user-manag.sgml,.sgml,34420,785
doc/src/sgml/uuid-ossp.sgml,.sgml,8593,242
doc/src/sgml/vacuumlo.sgml,.sgml,7093,231
doc/src/sgml/wal.sgml,.sgml,46225,914
doc/src/sgml/xact.sgml,.sgml,8620,205
doc/src/sgml/xaggr.sgml,.sgml,28655,670
doc/src/sgml/xfunc.sgml,.sgml,135973,3640
doc/src/sgml/xindex.sgml,.sgml,53297,1452
doc/src/sgml/xml2.sgml,.sgml,16195,443
doc/src/sgml/xoper.sgml,.sgml,22756,486
doc/src/sgml/xplang.sgml,.sgml,9603,230
doc/src/sgml/xtypes.sgml,.sgml,14262,376
meson_options.txt,.txt,6266,211
src/backend/access/brin/brin.c,.c,56882,1933
src/backend/access/brin/brin_bloom.c,.c,26395,812
src/backend/access/brin/brin_inclusion.c,.c,22241,661
src/backend/access/brin/brin_minmax.c,.c,9543,316
src/backend/access/brin/brin_minmax_multi.c,.c,88051,3129
src/backend/access/brin/brin_pageops.c,.c,26323,928
src/backend/access/brin/brin_revmap.c,.c,19112,655
src/backend/access/brin/brin_tuple.c,.c,19177,720
src/backend/access/brin/brin_validate.c,.c,9379,281
src/backend/access/brin/brin_xlog.c,.c,8808,367
src/backend/access/common/attmap.c,.c,9030,330
src/backend/access/common/bufmask.c,.c,3263,130
src/backend/access/common/detoast.c,.c,17247,646
src/backend/access/common/heaptuple.c,.c,42065,1598
src/backend/access/common/indextuple.c,.c,16252,608
src/backend/access/common/printsimple.c,.c,3388,143
src/backend/access/common/printtup.c,.c,13049,485
src/backend/access/common/relation.c,.c,6245,217
src/backend/access/common/reloptions.c,.c,57227,2148
src/backend/access/common/scankey.c,.c,3552,117
src/backend/access/common/session.c,.c,6506,208
src/backend/access/common/syncscan.c,.c,9647,323
src/backend/access/common/toast_compression.c,.c,7805,318
src/backend/access/common/toast_internals.c,.c,19962,673
src/backend/access/common/tupconvert.c,.c,8390,308
src/backend/access/common/tupdesc.c,.c,24768,929
src/backend/access/gin/ginarrayproc.c,.c,7214,305
src/backend/access/gin/ginbtree.c,.c,23798,830
src/backend/access/gin/ginbulk.c,.c,7857,293
src/backend/access/gin/gindatapage.c,.c,53901,1942
src/backend/access/gin/ginentrypage.c,.c,20069,772
src/backend/access/gin/ginfast.c,.c,29243,1090
src/backend/access/gin/ginget.c,.c,55453,1975
src/backend/access/gin/gininsert.c,.c,14853,539
src/backend/access/gin/ginlogic.c,.c,7684,256
src/backend/access/gin/ginpostinglist.c,.c,11347,434
src/backend/access/gin/ginscan.c,.c,14300,516
src/backend/access/gin/ginutil.c,.c,18906,700
src/backend/access/gin/ginvacuum.c,.c,19765,822
src/backend/access/gin/ginvalidate.c,.c,10804,338
src/backend/access/gin/ginxlog.c,.c,21063,813
src/backend/access/gist/gist.c,.c,53941,1742
src/backend/access/gist/gistbuild.c,.c,51469,1645
src/backend/access/gist/gistbuildbuffers.c,.c,21391,767
src/backend/access/gist/gistget.c,.c,21864,803
src/backend/access/gist/gistproc.c,.c,47983,1761
src/backend/access/gist/gistscan.c,.c,10745,358
src/backend/access/gist/gistsplit.c,.c,24284,779
src/backend/access/gist/gistutil.c,.c,27060,1058
src/backend/access/gist/gistvacuum.c,.c,21458,674
src/backend/access/gist/gistvalidate.c,.c,11165,355
src/backend/access/gist/gistxlog.c,.c,18471,697
src/backend/access/hash/hash.c,.c,25613,920
src/backend/access/hash/hash_xlog.c,.c,29986,1140
src/backend/access/hash/hashfunc.c,.c,10241,414
src/backend/access/hash/hashinsert.c,.c,13434,467
src/backend/access/hash/hashovfl.c,.c,31713,1084
src/backend/access/hash/hashpage.c,.c,48575,1617
src/backend/access/hash/hashsearch.c,.c,20946,721
src/backend/access/hash/hashsort.c,.c,4412,157
src/backend/access/hash/hashutil.c,.c,17371,622
src/backend/access/hash/hashvalidate.c,.c,13767,439
src/backend/access/heap/heapam.c,.c,341768,10793
src/backend/access/heap/heapam_handler.c,.c,76500,2615
src/backend/access/heap/heapam_visibility.c,.c,54488,1790
src/backend/access/heap/heaptoast.c,.c,23564,793
src/backend/access/heap/hio.c,.c,29925,886
src/backend/access/heap/pruneheap.c,.c,39027,1238
src/backend/access/heap/rewriteheap.c,.c,41326,1287
src/backend/access/heap/vacuumlazy.c,.c,116503,3473
src/backend/access/heap/visibilitymap.c,.c,22513,647
src/backend/access/index/amapi.c,.c,3663,143
src/backend/access/index/amvalidate.c,.c,7992,276
src/backend/access/index/genam.c,.c,27358,903
src/backend/access/index/indexam.c,.c,29900,1032
src/backend/access/nbtree/nbtcompare.c,.c,7311,330
src/backend/access/nbtree/nbtdedup.c,.c,38048,1105
src/backend/access/nbtree/nbtinsert.c,.c,106369,3022
src/backend/access/nbtree/nbtpage.c,.c,103285,3110
src/backend/access/nbtree/nbtree.c,.c,43615,1428
src/backend/access/nbtree/nbtsearch.c,.c,77672,2519
src/backend/access/nbtree/nbtsort.c,.c,64841,2023
src/backend/access/nbtree/nbtsplitloc.c,.c,43147,1189
src/backend/access/nbtree/nbtutils.c,.c,86607,2752
src/backend/access/nbtree/nbtvalidate.c,.c,12286,380
src/backend/access/nbtree/nbtxlog.c,.c,33349,1129
src/backend/access/rmgrdesc/brindesc.c,.c,2644,107
src/backend/access/rmgrdesc/clogdesc.c,.c,1216,59
src/backend/access/rmgrdesc/committsdesc.c,.c,1235,55
src/backend/access/rmgrdesc/dbasedesc.c,.c,1786,75
src/backend/access/rmgrdesc/genericdesc.c,.c,1355,56
src/backend/access/rmgrdesc/gindesc.c,.c,5893,218
src/backend/access/rmgrdesc/gistdesc.c,.c,2883,116
src/backend/access/rmgrdesc/hashdesc.c,.c,4428,172
src/backend/access/rmgrdesc/heapdesc.c,.c,10398,386
src/backend/access/rmgrdesc/logicalmsgdesc.c,.c,1397,52
src/backend/access/rmgrdesc/mxactdesc.c,.c,2581,105
src/backend/access/rmgrdesc/nbtdesc.c,.c,7038,252
src/backend/access/rmgrdesc/relmapdesc.c,.c,1047,47
src/backend/access/rmgrdesc/replorigindesc.c,.c,1274,62
src/backend/access/rmgrdesc/rmgrdesc_utils.c,.c,1328,57
src/backend/access/rmgrdesc/seqdesc.c,.c,1015,46
src/backend/access/rmgrdesc/smgrdesc.c,.c,1364,61
src/backend/access/rmgrdesc/spgdesc.c,.c,4331,164
src/backend/access/rmgrdesc/standbydesc.c,.c,3769,142
src/backend/access/rmgrdesc/tblspcdesc.c,.c,1213,56
src/backend/access/rmgrdesc/xactdesc.c,.c,13652,516
src/backend/access/rmgrdesc/xlogdesc.c,.c,8678,331
src/backend/access/spgist/spgdoinsert.c,.c,71411,2358
src/backend/access/spgist/spginsert.c,.c,6560,236
src/backend/access/spgist/spgkdtreeproc.c,.c,8591,349
src/backend/access/spgist/spgproc.c,.c,2135,88
src/backend/access/spgist/spgquadtreeproc.c,.c,11832,471
src/backend/access/spgist/spgscan.c,.c,28998,1097
src/backend/access/spgist/spgtextproc.c,.c,20151,700
src/backend/access/spgist/spgutils.c,.c,38191,1358
src/backend/access/spgist/spgvacuum.c,.c,28396,986
src/backend/access/spgist/spgvalidate.c,.c,12311,392
src/backend/access/spgist/spgxlog.c,.c,26803,1011
src/backend/access/table/table.c,.c,3443,148
src/backend/access/table/tableam.c,.c,24899,760
src/backend/access/table/tableamapi.c,.c,4773,159
src/backend/access/table/toast_helper.c,.c,9091,338
src/backend/access/tablesample/bernoulli.c,.c,6600,229
src/backend/access/tablesample/system.c,.c,7343,257
src/backend/access/tablesample/tablesample.c,.c,1024,40
src/backend/access/transam/clog.c,.c,34026,1028
src/backend/access/transam/commit_ts.c,.c,29477,1021
src/backend/access/transam/generic_xlog.c,.c,15761,545
src/backend/access/transam/multixact.c,.c,120052,3598
src/backend/access/transam/parallel.c,.c,54696,1665
src/backend/access/transam/rmgr.c,.c,4702,161
src/backend/access/transam/slru.c,.c,50443,1615
src/backend/access/transam/subtrans.c,.c,11106,374
src/backend/access/transam/timeline.c,.c,15153,592
src/backend/access/transam/transam.c,.c,11226,405
src/backend/access/transam/twophase.c,.c,78162,2666
src/backend/access/transam/twophase_rmgr.c,.c,1654,58
src/backend/access/transam/varsup.c,.c,25136,678
src/backend/access/transam/xact.c,.c,183191,6279
src/backend/access/transam/xlog.c,.c,297406,9100
src/backend/access/transam/xlogarchive.c,.c,22744,726
src/backend/access/transam/xlogbackup.c,.c,2769,84
src/backend/access/transam/xlogfuncs.c,.c,20183,756
src/backend/access/transam/xloginsert.c,.c,38985,1378
src/backend/access/transam/xlogprefetcher.c,.c,32640,1107
src/backend/access/transam/xlogreader.c,.c,62771,2208
src/backend/access/transam/xlogrecovery.c,.c,152979,5030
src/backend/access/transam/xlogstats.c,.c,2458,96
src/backend/access/transam/xlogutils.c,.c,33097,1050
src/backend/archive/shell_archive.c,.c,3737,140
src/backend/backup/backup_manifest.c,.c,11718,395
src/backend/backup/basebackup.c,.c,53865,1854
src/backend/backup/basebackup_copy.c,.c,12593,422
src/backend/backup/basebackup_gzip.c,.c,9096,304
src/backend/backup/basebackup_lz4.c,.c,8700,296
src/backend/backup/basebackup_progress.c,.c,7684,246
src/backend/backup/basebackup_server.c,.c,8659,311
src/backend/backup/basebackup_sink.c,.c,3041,125
src/backend/backup/basebackup_target.c,.c,6775,241
src/backend/backup/basebackup_throttle.c,.c,5439,199
src/backend/backup/basebackup_zstd.c,.c,9363,325
src/backend/bootstrap/bootparse.y,.y,11535,489
src/backend/bootstrap/bootscanner.l,.l,3446,133
src/backend/bootstrap/bootstrap.c,.c,26043,981
src/backend/catalog/aclchk.c,.c,130509,4592
src/backend/catalog/catalog.c,.c,22801,712
src/backend/catalog/dependency.c,.c,93032,3031
src/backend/catalog/fix-CVE-2024-4317.sql,.sql,5765,117
src/backend/catalog/heap.c,.c,112799,3623
src/backend/catalog/index.c,.c,139507,4239
src/backend/catalog/indexing.c,.c,10950,368
src/backend/catalog/information_schema.sql,.sql,114975,3037
src/backend/catalog/namespace.c,.c,132853,4670
src/backend/catalog/objectaccess.c,.c,6448,273
src/backend/catalog/objectaddress.c,.c,156451,6165
src/backend/catalog/partition.c,.c,10738,391
src/backend/catalog/pg_aggregate.c,.c,30541,914
src/backend/catalog/pg_attrdef.c,.c,11990,416
src/backend/catalog/pg_cast.c,.c,4433,138
src/backend/catalog/pg_class.c,.c,1772,52
src/backend/catalog/pg_collation.c,.c,7234,237
src/backend/catalog/pg_constraint.c,.c,39998,1361
src/backend/catalog/pg_conversion.c,.c,5031,180
src/backend/catalog/pg_db_role_setting.c,.c,7145,261
src/backend/catalog/pg_depend.c,.c,31461,1144
src/backend/catalog/pg_enum.c,.c,21506,790
src/backend/catalog/pg_inherits.c,.c,19812,657
src/backend/catalog/pg_largeobject.c,.c,4706,187
src/backend/catalog/pg_namespace.c,.c,3473,120
src/backend/catalog/pg_operator.c,.c,25846,869
src/backend/catalog/pg_parameter_acl.c,.c,3312,117
src/backend/catalog/pg_proc.c,.c,36376,1198
src/backend/catalog/pg_publication.c,.c,34736,1261
src/backend/catalog/pg_range.c,.c,3880,138
src/backend/catalog/pg_shdepend.c,.c,46704,1654
src/backend/catalog/pg_subscription.c,.c,14452,564
src/backend/catalog/pg_type.c,.c,31422,959
src/backend/catalog/sql_feature_packages.txt,.txt,360,36
src/backend/catalog/sql_features.txt,.txt,35681,755
src/backend/catalog/storage.c,.c,32616,1097
src/backend/catalog/system_functions.sql,.sql,23315,749
src/backend/catalog/system_views.sql,.sql,50273,1340
src/backend/catalog/toasting.c,.c,13073,432
src/backend/commands/aggregatecmds.c,.c,16247,497
src/backend/commands/alter.c,.c,31682,1111
src/backend/commands/amcmds.c,.c,6799,269
src/backend/commands/analyze.c,.c,93918,3085
src/backend/commands/async.c,.c,80996,2576
src/backend/commands/cluster.c,.c,57108,1741
src/backend/commands/collationcmds.c,.c,28405,1018
src/backend/commands/comment.c,.c,12700,459
src/backend/commands/constraint.c,.c,6676,205
src/backend/commands/conversioncmds.c,.c,4762,141
src/backend/commands/copy.c,.c,28206,894
src/backend/commands/copyfrom.c,.c,55111,1790
src/backend/commands/copyfromparse.c,.c,56889,1990
src/backend/commands/copyto.c,.c,34822,1293
src/backend/commands/createas.c,.c,19021,637
src/backend/commands/dbcommands.c,.c,105149,3362
src/backend/commands/define.c,.c,9256,391
src/backend/commands/discard.c,.c,1846,78
src/backend/commands/dropcmds.c,.c,16520,529
src/backend/commands/event_trigger.c,.c,64389,2313
src/backend/commands/explain.c,.c,145228,5054
src/backend/commands/extension.c,.c,103896,3626
src/backend/commands/foreigncmds.c,.c,44196,1633
src/backend/commands/functioncmds.c,.c,71423,2398
src/backend/commands/indexcmds.c,.c,139422,4457
src/backend/commands/lockcmds.c,.c,8341,300
src/backend/commands/matview.c,.c,31339,955
src/backend/commands/opclasscmds.c,.c,56987,1843
src/backend/commands/operatorcmds.c,.c,17825,587
src/backend/commands/policy.c,.c,36019,1282
src/backend/commands/portalcmds.c,.c,13659,496
src/backend/commands/prepare.c,.c,20408,742
src/backend/commands/proclang.c,.c,7022,239
src/backend/commands/publicationcmds.c,.c,57774,2012
src/backend/commands/schemacmds.c,.c,13105,442
src/backend/commands/seclabel.c,.c,16407,581
src/backend/commands/sequence.c,.c,55596,1925
src/backend/commands/statscmds.c,.c,28024,925
src/backend/commands/subscriptioncmds.c,.c,73217,2365
src/backend/commands/tablecmds.c,.c,629248,19837
src/backend/commands/tablespace.c,.c,46646,1575
src/backend/commands/trigger.c,.c,208757,6670
src/backend/commands/tsearchcmds.c,.c,47157,1870
src/backend/commands/typecmds.c,.c,141205,4497
src/backend/commands/user.c,.c,79712,2582
src/backend/commands/vacuum.c,.c,84373,2649
src/backend/commands/vacuumparallel.c,.c,34232,1090
src/backend/commands/variable.c,.c,30079,1259
src/backend/commands/view.c,.c,15952,522
src/backend/executor/execAmi.c,.c,16784,655
src/backend/executor/execAsync.c,.c,4114,154
src/backend/executor/execCurrent.c,.c,13196,426
src/backend/executor/execExpr.c,.c,124907,4160
src/backend/executor/execExprInterp.c,.c,133041,4783
src/backend/executor/execGrouping.c,.c,17686,565
src/backend/executor/execIndexing.c,.c,35565,1094
src/backend/executor/execJunk.c,.c,7916,304
src/backend/executor/execMain.c,.c,94524,3115
src/backend/executor/execParallel.c,.c,47407,1498
src/backend/executor/execPartition.c,.c,79640,2416
src/backend/executor/execProcnode.c,.c,27039,988
src/backend/executor/execReplication.c,.c,20228,711
src/backend/executor/execSRF.c,.c,28811,981
src/backend/executor/execScan.c,.c,9710,354
src/backend/executor/execTuples.c,.c,63476,2340
src/backend/executor/execUtils.c,.c,40172,1436
src/backend/executor/functions.c,.c,63837,2139
src/backend/executor/instrument.c,.c,8514,285
src/backend/executor/nodeAgg.c,.c,150148,4766
src/backend/executor/nodeAppend.c,.c,34510,1211
src/backend/executor/nodeBitmapAnd.c,.c,5584,223
src/backend/executor/nodeBitmapHeapscan.c,.c,27484,969
src/backend/executor/nodeBitmapIndexscan.c,.c,9595,330
src/backend/executor/nodeBitmapOr.c,.c,6022,241
src/backend/executor/nodeCtescan.c,.c,10045,351
src/backend/executor/nodeCustom.c,.c,6302,237
src/backend/executor/nodeForeignscan.c,.c,15069,504
src/backend/executor/nodeFunctionscan.c,.c,17270,629
src/backend/executor/nodeGather.c,.c,14278,477
src/backend/executor/nodeGatherMerge.c,.c,22736,789
src/backend/executor/nodeGroup.c,.c,6235,255
src/backend/executor/nodeHash.c,.c,111994,3619
src/backend/executor/nodeHashjoin.c,.c,52943,1676
src/backend/executor/nodeIncrementalSort.c,.c,43057,1252
src/backend/executor/nodeIndexonlyscan.c,.c,26407,814
src/backend/executor/nodeIndexscan.c,.c,52053,1746
src/backend/executor/nodeLimit.c,.c,14148,560
src/backend/executor/nodeLockRows.c,.c,10712,404
src/backend/executor/nodeMaterial.c,.c,9981,368
src/backend/executor/nodeMemoize.c,.c,37155,1258
src/backend/executor/nodeMergeAppend.c,.c,10600,377
src/backend/executor/nodeMergejoin.c,.c,50302,1690
src/backend/executor/nodeModifyTable.c,.c,152550,4725
src/backend/executor/nodeNamedtuplestorescan.c,.c,5624,201
src/backend/executor/nodeNestloop.c,.c,10925,411
src/backend/executor/nodeProjectSet.c,.c,9890,361
src/backend/executor/nodeRecursiveunion.c,.c,9261,331
src/backend/executor/nodeResult.c,.c,6836,273
src/backend/executor/nodeSamplescan.c,.c,9709,379
src/backend/executor/nodeSeqscan.c,.c,8478,314
src/backend/executor/nodeSetOp.c,.c,17817,653
src/backend/executor/nodeSort.c,.c,13298,496
src/backend/executor/nodeSubplan.c,.c,40455,1312
src/backend/executor/nodeSubqueryscan.c,.c,5981,213
src/backend/executor/nodeTableFuncscan.c,.c,14277,523
src/backend/executor/nodeTidrangescan.c,.c,11283,428
src/backend/executor/nodeTidscan.c,.c,14873,572
src/backend/executor/nodeUnique.c,.c,5252,194
src/backend/executor/nodeValuesscan.c,.c,10197,361
src/backend/executor/nodeWindowAgg.c,.c,118203,3671
src/backend/executor/nodeWorktablescan.c,.c,6493,223
src/backend/executor/spi.c,.c,87429,3400
src/backend/executor/tqueue.c,.c,5220,210
src/backend/executor/tstoreReceiver.c,.c,7754,283
src/backend/foreign/foreign.c,.c,21144,823
src/backend/jit/jit.c,.c,5516,208
src/backend/jit/llvm/llvmjit.c,.c,40149,1425
src/backend/jit/llvm/llvmjit_deform.c,.c,22260,778
src/backend/jit/llvm/llvmjit_expr.c,.c,77291,2695
src/backend/jit/llvm/llvmjit_types.c,.c,5097,180
src/backend/lib/binaryheap.c,.c,7397,317
src/backend/lib/bipartite_match.c,.c,4236,180
src/backend/lib/bloomfilter.c,.c,9533,294
src/backend/lib/dshash.c,.c,31144,1036
src/backend/lib/hyperloglog.c,.c,7095,255
src/backend/lib/ilist.c,.c,2907,129
src/backend/lib/integerset.c,.c,29863,1043
src/backend/lib/knapsack.c,.c,3207,111
src/backend/lib/pairingheap.c,.c,7888,333
src/backend/lib/rbtree.c,.c,19914,832
src/backend/libpq/auth-sasl.c,.c,5682,202
src/backend/libpq/auth-scram.c,.c,46141,1499
src/backend/libpq/auth.c,.c,89648,3277
src/backend/libpq/be-fsstubs.c,.c,21388,880
src/backend/libpq/be-gssapi-common.c,.c,3870,147
src/backend/libpq/be-secure-common.c,.c,4670,173
src/backend/libpq/be-secure-gssapi.c,.c,23440,785
src/backend/libpq/be-secure-openssl.c,.c,44193,1684
src/backend/libpq/be-secure.c,.c,7660,343
src/backend/libpq/crypt.c,.c,7749,290
src/backend/libpq/hba.c,.c,86542,3081
src/backend/libpq/ifaddr.c,.c,10836,455
src/backend/libpq/pqcomm.c,.c,53125,2066
src/backend/libpq/pqformat.c,.c,18132,644
src/backend/libpq/pqmq.c,.c,8577,330
src/backend/libpq/pqsignal.c,.c,2426,99
src/backend/main/main.c,.c,16303,461
src/backend/nodes/bitmapset.c,.c,26133,1188
src/backend/nodes/copyfuncs.c,.c,4956,212
src/backend/nodes/equalfuncs.c,.c,6071,264
src/backend/nodes/extensible.c,.c,3684,143
src/backend/nodes/list.c,.c,41512,1716
src/backend/nodes/makefuncs.c,.c,21959,963
src/backend/nodes/multibitmapset.c,.c,4457,162
src/backend/nodes/nodeFuncs.c,.c,122447,4544
src/backend/nodes/nodes.c,.c,900,31
src/backend/nodes/outfuncs.c,.c,23591,906
src/backend/nodes/params.c,.c,11472,422
src/backend/nodes/print.c,.c,9901,506
src/backend/nodes/queryjumblefuncs.c,.c,10288,397
src/backend/nodes/read.c,.c,13940,511
src/backend/nodes/readfuncs.c,.c,23143,822
src/backend/nodes/tidbitmap.c,.c,44297,1561
src/backend/nodes/value.c,.c,1182,83
src/backend/optimizer/geqo/geqo_copy.c,.c,1646,54
src/backend/optimizer/geqo/geqo_cx.c,.c,2882,123
src/backend/optimizer/geqo/geqo_erx.c,.c,11288,468
src/backend/optimizer/geqo/geqo_eval.c,.c,10785,338
src/backend/optimizer/geqo/geqo_main.c,.c,9223,353
src/backend/optimizer/geqo/geqo_misc.c,.c,2768,132
src/backend/optimizer/geqo/geqo_mutation.c,.c,1808,66
src/backend/optimizer/geqo/geqo_ox1.c,.c,2392,94
src/backend/optimizer/geqo/geqo_ox2.c,.c,2812,111
src/backend/optimizer/geqo/geqo_pmx.c,.c,4357,218
src/backend/optimizer/geqo/geqo_pool.c,.c,6046,265
src/backend/optimizer/geqo/geqo_px.c,.c,2717,107
src/backend/optimizer/geqo/geqo_random.c,.c,1130,45
src/backend/optimizer/geqo/geqo_recombination.c,.c,2383,92
src/backend/optimizer/geqo/geqo_selection.c,.c,3395,111
src/backend/optimizer/path/allpaths.c,.c,148367,4691
src/backend/optimizer/path/clausesel.c,.c,28631,975
src/backend/optimizer/path/costsize.c,.c,208455,6270
src/backend/optimizer/path/equivclass.c,.c,108089,3316
src/backend/optimizer/path/indxpath.c,.c,123566,3826
src/backend/optimizer/path/joinpath.c,.c,79137,2441
src/backend/optimizer/path/joinrels.c,.c,63946,1913
src/backend/optimizer/path/pathkeys.c,.c,61217,1992
src/backend/optimizer/path/tidpath.c,.c,14737,529
src/backend/optimizer/plan/analyzejoins.c,.c,48400,1416
src/backend/optimizer/plan/createplan.c,.c,222098,7268
src/backend/optimizer/plan/initsplan.c,.c,109847,3234
src/backend/optimizer/plan/planagg.c,.c,16876,513
src/backend/optimizer/plan/planmain.c,.c,9945,286
src/backend/optimizer/plan/planner.c,.c,259104,8050
src/backend/optimizer/plan/setrefs.c,.c,114106,3619
src/backend/optimizer/plan/subselect.c,.c,95450,3004
src/backend/optimizer/prep/prepagg.c,.c,22812,697
src/backend/optimizer/prep/prepjointree.c,.c,138445,4152
src/backend/optimizer/prep/prepqual.c,.c,19136,677
src/backend/optimizer/prep/preptlist.c,.c,16252,514
src/backend/optimizer/prep/prepunion.c,.c,43955,1438
src/backend/optimizer/util/appendinfo.c,.c,33273,1043
src/backend/optimizer/util/clauses.c,.c,169733,5422
src/backend/optimizer/util/inherit.c,.c,31676,957
src/backend/optimizer/util/joininfo.c,.c,4023,147
src/backend/optimizer/util/orclauses.c,.c,12708,360
src/backend/optimizer/util/paramassign.c,.c,20394,620
src/backend/optimizer/util/pathnode.c,.c,146364,4540
src/backend/optimizer/util/placeholder.c,.c,16856,517
src/backend/optimizer/util/plancat.c,.c,79463,2622
src/backend/optimizer/util/predtest.c,.c,70295,2268
src/backend/optimizer/util/relnode.c,.c,79658,2420
src/backend/optimizer/util/restrictinfo.c,.c,23604,717
src/backend/optimizer/util/tlist.c,.c,35654,1258
src/backend/optimizer/util/var.c,.c,34185,1114
src/backend/parser/analyze.c,.c,111054,3594
src/backend/parser/gram.y,.y,484337,18915
src/backend/parser/gramparse.h,.h,2256,75
src/backend/parser/parse_agg.c,.c,65474,2244
src/backend/parser/parse_clause.c,.c,120469,3817
src/backend/parser/parse_coerce.c,.c,110527,3404
src/backend/parser/parse_collate.c,.c,34981,1058
src/backend/parser/parse_cte.c,.c,40054,1276
src/backend/parser/parse_enr.c,.c,811,29
src/backend/parser/parse_expr.c,.c,111737,3967
src/backend/parser/parse_func.c,.c,86325,2680
src/backend/parser/parse_merge.c,.c,13096,427
src/backend/parser/parse_node.c,.c,14907,485
src/backend/parser/parse_oper.c,.c,30210,1067
src/backend/parser/parse_param.c,.c,10923,359
src/backend/parser/parse_relation.c,.c,116277,3924
src/backend/parser/parse_target.c,.c,57843,1999
src/backend/parser/parse_type.c,.c,22054,821
src/backend/parser/parse_utilcmd.c,.c,134617,4398
src/backend/parser/parser.c,.c,13855,527
src/backend/parser/scan.l,.l,42947,1493
src/backend/parser/scansup.c,.c,3537,127
src/backend/partitioning/partbounds.c,.c,150356,4980
src/backend/partitioning/partdesc.c,.c,16775,509
src/backend/partitioning/partprune.c,.c,118077,3781
src/backend/port/atomics.c,.c,5811,239
src/backend/port/posix_sema.c,.c,9645,388
src/backend/port/sysv_sema.c,.c,15398,533
src/backend/port/sysv_shmem.c,.c,31566,976
src/backend/port/win32/crashdump.c,.c,6046,181
src/backend/port/win32/signal.c,.c,10107,388
src/backend/port/win32/socket.c,.c,15902,706
src/backend/port/win32/timer.c,.c,3134,121
src/backend/port/win32_sema.c,.c,5303,235
src/backend/port/win32_shmem.c,.c,19770,645
src/backend/postmaster/autovacuum.c,.c,108024,3553
src/backend/postmaster/auxprocess.c,.c,4610,183
src/backend/postmaster/bgworker.c,.c,38414,1311
src/backend/postmaster/bgwriter.c,.c,11639,346
src/backend/postmaster/checkpointer.c,.c,42898,1363
src/backend/postmaster/fork_process.c,.c,3702,128
src/backend/postmaster/interrupt.c,.c,3205,116
src/backend/postmaster/pgarch.c,.c,24778,869
src/backend/postmaster/postmaster.c,.c,189841,6558
src/backend/postmaster/startup.c,.c,9850,402
src/backend/postmaster/syslogger.c,.c,45310,1651
src/backend/postmaster/walwriter.c,.c,9528,300
src/backend/regex/regc_color.c,.c,28853,1199
src/backend/regex/regc_cvec.c,.c,4186,141
src/backend/regex/regc_lex.c,.c,22568,1045
src/backend/regex/regc_locale.c,.c,15529,767
src/backend/regex/regc_nfa.c,.c,102434,3900
src/backend/regex/regc_pg_locale.c,.c,28613,938
src/backend/regex/regcomp.c,.c,72743,2652
src/backend/regex/rege_dfa.c,.c,28102,1111
src/backend/regex/regerror.c,.c,3671,120
src/backend/regex/regexec.c,.c,40217,1516
src/backend/regex/regexport.c,.c,7842,293
src/backend/regex/regfree.c,.c,2123,54
src/backend/regex/regprefix.c,.c,7386,268
src/backend/replication/libpqwalreceiver/libpqwalreceiver.c,.c,35230,1295
src/backend/replication/logical/applyparallelworker.c,.c,51260,1658
src/backend/replication/logical/decode.c,.c,39849,1297
src/backend/replication/logical/launcher.c,.c,35744,1357
src/backend/replication/logical/logical.c,.c,64161,1985
src/backend/replication/logical/logicalfuncs.c,.c,9818,377
src/backend/replication/logical/message.c,.c,2700,89
src/backend/replication/logical/origin.c,.c,43331,1581
src/backend/replication/logical/proto.c,.c,30780,1271
src/backend/replication/logical/relation.c,.c,25130,889
src/backend/replication/logical/reorderbuffer.c,.c,159930,5437
src/backend/replication/logical/snapbuild.c,.c,69974,2188
src/backend/replication/logical/tablesync.c,.c,51532,1714
src/backend/replication/logical/worker.c,.c,152713,5182
src/backend/replication/pgoutput/pgoutput.c,.c,72659,2433
src/backend/replication/repl_gram.y,.y,9236,416
src/backend/replication/repl_scanner.l,.l,6734,314
src/backend/replication/slot.c,.c,63050,2187
src/backend/replication/slotfuncs.c,.c,27776,946
src/backend/replication/syncrep.c,.c,34862,1144
src/backend/replication/syncrep_gram.y,.y,2760,112
src/backend/replication/syncrep_scanner.l,.l,3514,173
src/backend/replication/walreceiver.c,.c,46146,1525
src/backend/replication/walreceiverfuncs.c,.c,10177,408
src/backend/replication/walsender.c,.c,117223,3996
src/backend/rewrite/rewriteDefine.c,.c,26881,879
src/backend/rewrite/rewriteHandler.c,.c,143611,4488
src/backend/rewrite/rewriteManip.c,.c,52499,1785
src/backend/rewrite/rewriteRemove.c,.c,2685,100
src/backend/rewrite/rewriteSearchCycle.c,.c,21064,681
src/backend/rewrite/rewriteSupport.c,.c,3128,117
src/backend/rewrite/rowsecurity.c,.c,30185,929
src/backend/snowball/dict_snowball.c,.c,10708,347
src/backend/snowball/libstemmer/api.c,.c,1170,56
src/backend/snowball/libstemmer/stem_ISO_8859_1_basque.c,.c,43318,1182
src/backend/snowball/libstemmer/stem_ISO_8859_1_catalan.c,.c,53398,1446
src/backend/snowball/libstemmer/stem_ISO_8859_1_danish.c,.c,9203,314
src/backend/snowball/libstemmer/stem_ISO_8859_1_dutch.c,.c,17331,603
src/backend/snowball/libstemmer/stem_ISO_8859_1_english.c,.c,32185,1062
src/backend/snowball/libstemmer/stem_ISO_8859_1_finnish.c,.c,20849,718
src/backend/snowball/libstemmer/stem_ISO_8859_1_french.c,.c,41865,1252
src/backend/snowball/libstemmer/stem_ISO_8859_1_german.c,.c,14356,490
src/backend/snowball/libstemmer/stem_ISO_8859_1_indonesian.c,.c,11228,407
src/backend/snowball/libstemmer/stem_ISO_8859_1_irish.c,.c,14090,470
src/backend/snowball/libstemmer/stem_ISO_8859_1_italian.c,.c,33579,1022
src/backend/snowball/libstemmer/stem_ISO_8859_1_norwegian.c,.c,7984,272
src/backend/snowball/libstemmer/stem_ISO_8859_1_porter.c,.c,20825,717
src/backend/snowball/libstemmer/stem_ISO_8859_1_portuguese.c,.c,31820,961
src/backend/snowball/libstemmer/stem_ISO_8859_1_spanish.c,.c,34156,1041
src/backend/snowball/libstemmer/stem_ISO_8859_1_swedish.c,.c,8678,288
src/backend/snowball/libstemmer/stem_ISO_8859_2_hungarian.c,.c,25478,862
src/backend/snowball/libstemmer/stem_ISO_8859_2_romanian.c,.c,31649,965
src/backend/snowball/libstemmer/stem_KOI8_R_russian.c,.c,20803,682
src/backend/snowball/libstemmer/stem_UTF_8_arabic.c,.c,55635,1664
src/backend/snowball/libstemmer/stem_UTF_8_armenian.c,.c,23369,559
src/backend/snowball/libstemmer/stem_UTF_8_basque.c,.c,43419,1184
src/backend/snowball/libstemmer/stem_UTF_8_catalan.c,.c,54680,1449
src/backend/snowball/libstemmer/stem_UTF_8_danish.c,.c,9329,318
src/backend/snowball/libstemmer/stem_UTF_8_dutch.c,.c,17786,613
src/backend/snowball/libstemmer/stem_UTF_8_english.c,.c,32707,1074
src/backend/snowball/libstemmer/stem_UTF_8_finnish.c,.c,21233,722
src/backend/snowball/libstemmer/stem_UTF_8_french.c,.c,42399,1262
src/backend/snowball/libstemmer/stem_UTF_8_german.c,.c,14789,500
src/backend/snowball/libstemmer/stem_UTF_8_greek.c,.c,147829,3673
src/backend/snowball/libstemmer/stem_UTF_8_hindi.c,.c,16817,322
src/backend/snowball/libstemmer/stem_UTF_8_hungarian.c,.c,26210,868
src/backend/snowball/libstemmer/stem_UTF_8_indonesian.c,.c,11208,407
src/backend/snowball/libstemmer/stem_UTF_8_irish.c,.c,14198,470
src/backend/snowball/libstemmer/stem_UTF_8_italian.c,.c,34041,1030
src/backend/snowball/libstemmer/stem_UTF_8_lithuanian.c,.c,29670,837
src/backend/snowball/libstemmer/stem_UTF_8_nepali.c,.c,18478,421
src/backend/snowball/libstemmer/stem_UTF_8_norwegian.c,.c,8098,276
src/backend/snowball/libstemmer/stem_UTF_8_porter.c,.c,21086,723
src/backend/snowball/libstemmer/stem_UTF_8_portuguese.c,.c,32375,967
src/backend/snowball/libstemmer/stem_UTF_8_romanian.c,.c,32642,971
src/backend/snowball/libstemmer/stem_UTF_8_russian.c,.c,22112,678
src/backend/snowball/libstemmer/stem_UTF_8_serbian.c,.c,269995,6543
src/backend/snowball/libstemmer/stem_UTF_8_spanish.c,.c,34708,1045
src/backend/snowball/libstemmer/stem_UTF_8_swedish.c,.c,8818,292
src/backend/snowball/libstemmer/stem_UTF_8_tamil.c,.c,66674,1878
src/backend/snowball/libstemmer/stem_UTF_8_turkish.c,.c,64730,2096
src/backend/snowball/libstemmer/stem_UTF_8_yiddish.c,.c,49130,1233
src/backend/snowball/libstemmer/utilities.c,.c,13810,508
src/backend/statistics/dependencies.c,.c,52839,1831
src/backend/statistics/extended_stats.c,.c,75776,2662
src/backend/statistics/mcv.c,.c,65986,2179
src/backend/statistics/mvdistinct.c,.c,18117,700
src/backend/storage/buffer/buf_init.c,.c,5425,186
src/backend/storage/buffer/buf_table.c,.c,4087,162
src/backend/storage/buffer/bufmgr.c,.c,167894,5662
src/backend/storage/buffer/freelist.c,.c,22353,774
src/backend/storage/buffer/localbuf.c,.c,21976,821
src/backend/storage/file/buffile.c,.c,27995,1039
src/backend/storage/file/copydir.c,.c,5688,216
src/backend/storage/file/fd.c,.c,106469,3976
src/backend/storage/file/fileset.c,.c,5335,205
src/backend/storage/file/reinit.c,.c,12029,422
src/backend/storage/file/sharedfileset.c,.c,3360,120
src/backend/storage/freespace/freespace.c,.c,28307,957
src/backend/storage/freespace/fsmpage.c,.c,10509,374
src/backend/storage/freespace/indexfsm.c,.c,1727,74
src/backend/storage/ipc/barrier.c,.c,10901,333
src/backend/storage/ipc/dsm.c,.c,39551,1257
src/backend/storage/ipc/dsm_impl.c,.c,30580,1053
src/backend/storage/ipc/ipc.c,.c,14522,446
src/backend/storage/ipc/ipci.c,.c,9519,354
src/backend/storage/ipc/latch.c,.c,65081,2313
src/backend/storage/ipc/pmsignal.c,.c,13564,462
src/backend/storage/ipc/procarray.c,.c,167030,5263
src/backend/storage/ipc/procsignal.c,.c,21273,688
src/backend/storage/ipc/shm_mq.c,.c,40944,1329
src/backend/storage/ipc/shm_toc.c,.c,7798,272
src/backend/storage/ipc/shmem.c,.c,16932,548
src/backend/storage/ipc/signalfuncs.c,.c,9369,318
src/backend/storage/ipc/sinval.c,.c,6435,212
src/backend/storage/ipc/sinvaladt.c,.c,27180,832
src/backend/storage/ipc/standby.c,.c,49732,1518
src/backend/storage/large_object/inv_api.c,.c,25170,954
src/backend/storage/lmgr/condition_variable.c,.c,12193,360
src/backend/storage/lmgr/deadlock.c,.c,35517,1159
src/backend/storage/lmgr/lmgr.c,.c,31735,1308
src/backend/storage/lmgr/lock.c,.c,143692,4695
src/backend/storage/lmgr/lwlock.c,.c,55829,1994
src/backend/storage/lmgr/lwlocknames.txt,.txt,1693,55
src/backend/storage/lmgr/predicate.c,.c,162782,5002
src/backend/storage/lmgr/proc.c,.c,59975,1897
src/backend/storage/lmgr/s_lock.c,.c,9180,324
src/backend/storage/lmgr/spin.c,.c,4413,180
src/backend/storage/page/bufpage.c,.c,44707,1549
src/backend/storage/page/checksum.c,.c,743,22
src/backend/storage/page/itemptr.c,.c,3241,131
src/backend/storage/smgr/md.c,.c,50319,1649
src/backend/storage/smgr/smgr.c,.c,23468,803
src/backend/storage/sync/sync.c,.c,19506,624
src/backend/tcop/cmdtag.c,.c,4111,164
src/backend/tcop/dest.c,.c,6567,280
src/backend/tcop/fastpath.c,.c,12264,459
src/backend/tcop/postgres.c,.c,144960,5215
src/backend/tcop/pquery.c,.c,49450,1793
src/backend/tcop/utility.c,.c,93410,3772
src/backend/tsearch/dict.c,.c,1904,85
src/backend/tsearch/dict_ispell.c,.c,3164,148
src/backend/tsearch/dict_simple.c,.c,2290,105
src/backend/tsearch/dict_synonym.c,.c,4902,241
src/backend/tsearch/dict_thesaurus.c,.c,18650,879
src/backend/tsearch/regis.c,.c,4418,252
src/backend/tsearch/spell.c,.c,63306,2648
src/backend/tsearch/to_tsany.c,.c,16282,728
src/backend/tsearch/ts_locale.c,.c,8344,298
src/backend/tsearch/ts_parse.c,.c,14907,679
src/backend/tsearch/ts_selfuncs.c,.c,12279,455
src/backend/tsearch/ts_typanalyze.c,.c,17944,538
src/backend/tsearch/ts_utils.c,.c,3510,145
src/backend/tsearch/wparser.c,.c,13343,544
src/backend/tsearch/wparser_def.c,.c,82019,2742
src/backend/utils/activity/backend_progress.c,.c,3234,133
src/backend/utils/activity/backend_status.c,.c,35598,1216
src/backend/utils/activity/pgstat.c,.c,45981,1739
src/backend/utils/activity/pgstat_archiver.c,.c,3192,111
src/backend/utils/activity/pgstat_bgwriter.c,.c,3228,115
src/backend/utils/activity/pgstat_checkpointer.c,.c,3796,126
src/backend/utils/activity/pgstat_database.c,.c,11059,441
src/backend/utils/activity/pgstat_function.c,.c,6879,243
src/backend/utils/activity/pgstat_io.c,.c,12649,461
src/backend/utils/activity/pgstat_relation.c,.c,28678,955
src/backend/utils/activity/pgstat_replslot.c,.c,6203,225
src/backend/utils/activity/pgstat_shmem.c,.c,29511,1108
src/backend/utils/activity/pgstat_slru.c,.c,5794,248
src/backend/utils/activity/pgstat_subscription.c,.c,2994,114
src/backend/utils/activity/pgstat_wal.c,.c,5239,186
src/backend/utils/activity/pgstat_xact.c,.c,9927,383
src/backend/utils/activity/wait_event.c,.c,19522,767
src/backend/utils/adt/acl.c,.c,142744,5427
src/backend/utils/adt/amutils.c,.c,10740,467
src/backend/utils/adt/array_expanded.c,.c,13278,453
src/backend/utils/adt/array_selfuncs.c,.c,33095,1193
src/backend/utils/adt/array_typanalyze.c,.c,26365,791
src/backend/utils/adt/array_userfuncs.c,.c,44964,1710
src/backend/utils/adt/arrayfuncs.c,.c,188390,6989
src/backend/utils/adt/arraysubs.c,.c,18431,577
src/backend/utils/adt/arrayutils.c,.c,6912,279
src/backend/utils/adt/ascii.c,.c,4780,199
src/backend/utils/adt/bool.c,.c,8109,401
src/backend/utils/adt/cash.c,.c,26664,1190
src/backend/utils/adt/char.c,.c,5873,254
src/backend/utils/adt/cryptohashfuncs.c,.c,3831,169
src/backend/utils/adt/date.c,.c,70573,3129
src/backend/utils/adt/datetime.c,.c,133066,5068
src/backend/utils/adt/datum.c,.c,16705,590
src/backend/utils/adt/dbsize.c,.c,24578,1029
src/backend/utils/adt/domains.c,.c,11831,406
src/backend/utils/adt/encode.c,.c,12622,612
src/backend/utils/adt/enum.c,.c,16500,616
src/backend/utils/adt/expandeddatum.c,.c,3922,145
src/backend/utils/adt/expandedrecord.c,.c,49712,1633
src/backend/utils/adt/float.c,.c,96885,4177
src/backend/utils/adt/format_type.c,.c,12897,484
src/backend/utils/adt/formatting.c,.c,165971,6721
src/backend/utils/adt/genfile.c,.c,19500,779
src/backend/utils/adt/geo_ops.c,.c,125846,5562
src/backend/utils/adt/geo_selfuncs.c,.c,2344,96
src/backend/utils/adt/geo_spgist.c,.c,23196,885
src/backend/utils/adt/hbafuncs.c,.c,16222,592
src/backend/utils/adt/inet_cidr_ntop.c,.c,6474,294
src/backend/utils/adt/inet_net_pton.c,.c,12249,564
src/backend/utils/adt/int.c,.c,36507,1678
src/backend/utils/adt/int8.c,.c,33088,1539
src/backend/utils/adt/json.c,.c,44473,1839
src/backend/utils/adt/jsonb.c,.c,54882,2259
src/backend/utils/adt/jsonb_gin.c,.c,35643,1409
src/backend/utils/adt/jsonb_op.c,.c,7088,336
src/backend/utils/adt/jsonb_util.c,.c,55721,2000
src/backend/utils/adt/jsonbsubs.c,.c,12304,416
src/backend/utils/adt/jsonfuncs.c,.c,150671,5687
src/backend/utils/adt/jsonpath.c,.c,27327,1112
src/backend/utils/adt/jsonpath_exec.c,.c,73234,2817
src/backend/utils/adt/jsonpath_gram.y,.y,14810,614
src/backend/utils/adt/jsonpath_internal.h,.h,1110,38
src/backend/utils/adt/jsonpath_scan.l,.l,16944,749
src/backend/utils/adt/levenshtein.c,.c,12821,403
src/backend/utils/adt/like.c,.c,11471,456
src/backend/utils/adt/like_match.c,.c,9892,361
src/backend/utils/adt/like_support.c,.c,50236,1800
src/backend/utils/adt/lockfuncs.c,.c,28837,1083
src/backend/utils/adt/mac.c,.c,12960,532
src/backend/utils/adt/mac8.c,.c,12244,568
src/backend/utils/adt/mcxtfuncs.c,.c,5594,195
src/backend/utils/adt/misc.c,.c,26725,1080
src/backend/utils/adt/multirangetypes.c,.c,78066,2929
src/backend/utils/adt/multirangetypes_selfuncs.c,.c,40536,1337
src/backend/utils/adt/name.c,.c,8606,355
src/backend/utils/adt/network.c,.c,48848,2104
src/backend/utils/adt/network_gist.c,.c,22722,810
src/backend/utils/adt/network_selfuncs.c,.c,32639,990
src/backend/utils/adt/network_spgist.c,.c,17838,712
src/backend/utils/adt/numeric.c,.c,301979,12043
src/backend/utils/adt/numutils.c,.c,31058,1315
src/backend/utils/adt/oid.c,.c,8917,421
src/backend/utils/adt/oracle_compat.c,.c,24911,1166
src/backend/utils/adt/orderedsetaggs.c,.c,39043,1432
src/backend/utils/adt/partitionfuncs.c,.c,5997,239
src/backend/utils/adt/pg_locale.c,.c,88143,3108
src/backend/utils/adt/pg_lsn.c,.c,6680,313
src/backend/utils/adt/pg_upgrade_support.c,.c,5685,263
src/backend/utils/adt/pgstatfuncs.c,.c,55750,2081
src/backend/utils/adt/pseudotypes.c,.c,8903,380
src/backend/utils/adt/quote.c,.c,2725,132
src/backend/utils/adt/rangetypes.c,.c,69819,2717
src/backend/utils/adt/rangetypes_gist.c,.c,51517,1799
src/backend/utils/adt/rangetypes_selfuncs.c,.c,35769,1223
src/backend/utils/adt/rangetypes_spgist.c,.c,29270,998
src/backend/utils/adt/rangetypes_typanalyze.c,.c,12399,429
src/backend/utils/adt/regexp.c,.c,57581,2082
src/backend/utils/adt/regproc.c,.c,49327,2018
src/backend/utils/adt/ri_triggers.c,.c,91527,3032
src/backend/utils/adt/rowtypes.c,.c,54462,2044
src/backend/utils/adt/ruleutils.c,.c,360922,12718
src/backend/utils/adt/selfuncs.c,.c,250749,8094
src/backend/utils/adt/tid.c,.c,10634,425
src/backend/utils/adt/timestamp.c,.c,154079,6019
src/backend/utils/adt/trigfuncs.c,.c,2654,85
src/backend/utils/adt/tsginidx.c,.c,8618,355
src/backend/utils/adt/tsgistidx.c,.c,18761,818
src/backend/utils/adt/tsquery.c,.c,31351,1398
src/backend/utils/adt/tsquery_cleanup.c,.c,11045,446
src/backend/utils/adt/tsquery_gist.c,.c,6287,277
src/backend/utils/adt/tsquery_op.c,.c,7171,359
src/backend/utils/adt/tsquery_rewrite.c,.c,10652,462
src/backend/utils/adt/tsquery_util.c,.c,9556,448
src/backend/utils/adt/tsrank.c,.c,21437,1012
src/backend/utils/adt/tsvector.c,.c,12566,556
src/backend/utils/adt/tsvector_op.c,.c,70285,2897
src/backend/utils/adt/tsvector_parser.c,.c,10135,383
src/backend/utils/adt/uuid.c,.c,10092,423
src/backend/utils/adt/varbit.c,.c,43891,1894
src/backend/utils/adt/varchar.c,.c,28908,1235
src/backend/utils/adt/varlena.c,.c,169243,6580
src/backend/utils/adt/version.c,.c,491,24
src/backend/utils/adt/windowfuncs.c,.c,17575,732
src/backend/utils/adt/xid.c,.c,8485,379
src/backend/utils/adt/xid8funcs.c,.c,18648,716
src/backend/utils/adt/xml.c,.c,134301,5098
src/backend/utils/cache/attoptcache.c,.c,4532,178
src/backend/utils/cache/catcache.c,.c,64794,2385
src/backend/utils/cache/evtcache.c,.c,7642,269
src/backend/utils/cache/inval.c,.c,58596,1794
src/backend/utils/cache/lsyscache.c,.c,88873,3712
src/backend/utils/cache/partcache.c,.c,13974,434
src/backend/utils/cache/plancache.c,.c,71612,2205
src/backend/utils/cache/relcache.c,.c,217539,6841
src/backend/utils/cache/relfilenumbermap.c,.c,7160,252
src/backend/utils/cache/relmapper.c,.c,34667,1142
src/backend/utils/cache/spccache.c,.c,6201,237
src/backend/utils/cache/syscache.c,.c,34883,1411
src/backend/utils/cache/ts_cache.c,.c,18886,674
src/backend/utils/cache/typcache.c,.c,90951,2884
src/backend/utils/errcodes.txt,.txt,33458,497
src/backend/utils/error/assert.c,.c,1835,67
src/backend/utils/error/csvlog.c,.c,6858,264
src/backend/utils/error/elog.c,.c,104593,3831
src/backend/utils/error/jsonlog.c,.c,7846,303
src/backend/utils/fmgr/dfmgr.c,.c,18255,700
src/backend/utils/fmgr/fmgr.c,.c,60500,2171
src/backend/utils/fmgr/funcapi.c,.c,62135,2101
src/backend/utils/hash/dynahash.c,.c,57357,1926
src/backend/utils/hash/pg_crc.c,.c,4152,97
src/backend/utils/init/globals.c,.c,4883,156
src/backend/utils/init/miscinit.c,.c,55592,1948
src/backend/utils/init/postinit.c,.c,43745,1447
src/backend/utils/init/usercontext.c,.c,2954,92
src/backend/utils/mb/Unicode/euc-jis-2004-std.txt,.txt,324237,11549
src/backend/utils/mb/Unicode/sjis-0213-2004-std.txt,.txt,319198,11549
src/backend/utils/mb/conv.c,.c,18668,838
src/backend/utils/mb/conversion_procs/cyrillic_and_mic/cyrillic_and_mic.c,.c,20906,624
src/backend/utils/mb/conversion_procs/euc2004_sjis2004/euc2004_sjis2004.c,.c,7755,401
src/backend/utils/mb/conversion_procs/euc_cn_and_mic/euc_cn_and_mic.c,.c,3588,166
src/backend/utils/mb/conversion_procs/euc_jp_and_sjis/euc_jp_and_sjis.c,.c,15488,772
src/backend/utils/mb/conversion_procs/euc_kr_and_mic/euc_kr_and_mic.c,.c,3671,174
src/backend/utils/mb/conversion_procs/euc_tw_and_big5/big5.c,.c,8207,377
src/backend/utils/mb/conversion_procs/euc_tw_and_big5/euc_tw_and_big5.c,.c,11955,582
src/backend/utils/mb/conversion_procs/latin2_and_win1250/latin2_and_win1250.c,.c,5581,180
src/backend/utils/mb/conversion_procs/latin_and_mic/latin_and_mic.c,.c,3695,136
src/backend/utils/mb/conversion_procs/utf8_and_big5/utf8_and_big5.c,.c,2043,78
src/backend/utils/mb/conversion_procs/utf8_and_cyrillic/utf8_and_cyrillic.c,.c,3194,126
src/backend/utils/mb/conversion_procs/utf8_and_euc2004/utf8_and_euc2004.c,.c,2267,78
src/backend/utils/mb/conversion_procs/utf8_and_euc_cn/utf8_and_euc_cn.c,.c,2073,78
src/backend/utils/mb/conversion_procs/utf8_and_euc_jp/utf8_and_euc_jp.c,.c,2073,78
src/backend/utils/mb/conversion_procs/utf8_and_euc_kr/utf8_and_euc_kr.c,.c,2073,78
src/backend/utils/mb/conversion_procs/utf8_and_euc_tw/utf8_and_euc_tw.c,.c,2073,78
src/backend/utils/mb/conversion_procs/utf8_and_gb18030/utf8_and_gb18030.c,.c,5843,233
src/backend/utils/mb/conversion_procs/utf8_and_gbk/utf8_and_gbk.c,.c,2028,78
src/backend/utils/mb/conversion_procs/utf8_and_iso8859/utf8_and_iso8859.c,.c,5296,169
src/backend/utils/mb/conversion_procs/utf8_and_iso8859_1/utf8_and_iso8859_1.c,.c,2998,139
src/backend/utils/mb/conversion_procs/utf8_and_johab/utf8_and_johab.c,.c,2058,78
src/backend/utils/mb/conversion_procs/utf8_and_sjis/utf8_and_sjis.c,.c,2043,78
src/backend/utils/mb/conversion_procs/utf8_and_sjis2004/utf8_and_sjis2004.c,.c,2303,78
src/backend/utils/mb/conversion_procs/utf8_and_uhc/utf8_and_uhc.c,.c,2028,78
src/backend/utils/mb/conversion_procs/utf8_and_win/utf8_and_win.c,.c,4484,150
src/backend/utils/mb/iso.c,.c,1082,74
src/backend/utils/mb/mbutils.c,.c,54363,1983
src/backend/utils/mb/stringinfo_mb.c,.c,2065,86
src/backend/utils/mb/win1251.c,.c,1100,74
src/backend/utils/mb/win866.c,.c,1087,74
src/backend/utils/mb/wstrcmp.c,.c,2015,47
src/backend/utils/mb/wstrncmp.c,.c,2407,77
src/backend/utils/misc/conffiles.c,.c,4410,164
src/backend/utils/misc/guc-file.l,.l,18784,734
src/backend/utils/misc/guc.c,.c,189933,6839
src/backend/utils/misc/guc_funcs.c,.c,26918,1047
src/backend/utils/misc/guc_internal.h,.h,839,26
src/backend/utils/misc/guc_tables.c,.c,131431,5006
src/backend/utils/misc/help_config.c,.c,3274,136
src/backend/utils/misc/pg_config.c,.c,1274,51
src/backend/utils/misc/pg_controldata.c,.c,7233,261
src/backend/utils/misc/pg_rusage.c,.c,1837,73
src/backend/utils/misc/ps_status.c,.c,14222,553
src/backend/utils/misc/queryenvironment.c,.c,3531,144
src/backend/utils/misc/rls.c,.c,5420,167
src/backend/utils/misc/sampling.c,.c,8184,304
src/backend/utils/misc/superuser.c,.c,2798,107
src/backend/utils/misc/timeout.c,.c,24363,834
src/backend/utils/misc/tzparser.c,.c,12414,484
src/backend/utils/mmgr/alignedalloc.c,.c,4750,154
src/backend/utils/mmgr/aset.c,.c,53245,1681
src/backend/utils/mmgr/dsa.c,.c,79516,2353
src/backend/utils/mmgr/freepage.c,.c,57092,1886
src/backend/utils/mmgr/generation.c,.c,34630,1149
src/backend/utils/mmgr/mcxt.c,.c,52554,1832
src/backend/utils/mmgr/memdebug.c,.c,3589,93
src/backend/utils/mmgr/portalmem.c,.c,36817,1294
src/backend/utils/mmgr/slab.c,.c,34713,1105
src/backend/utils/resowner/resowner.c,.c,43573,1555
src/backend/utils/sort/logtape.c,.c,35366,1184
src/backend/utils/sort/qsort_interruptible.c,.c,409,16
src/backend/utils/sort/sharedtuplestore.c,.c,18962,603
src/backend/utils/sort/sortsupport.c,.c,6677,211
src/backend/utils/sort/tuplesort.c,.c,97852,3215
src/backend/utils/sort/tuplesortvariants.c,.c,47832,1606
src/backend/utils/sort/tuplestore.c,.c,46654,1549
src/backend/utils/time/combocid.c,.c,10314,364
src/backend/utils/time/snapmgr.c,.c,72550,2381
src/bin/initdb/findtimezone.c,.c,46414,1777
src/bin/initdb/initdb.c,.c,95923,3508
src/bin/pg_amcheck/pg_amcheck.c,.c,67674,2177
src/bin/pg_archivecleanup/pg_archivecleanup.c,.c,10151,375
src/bin/pg_basebackup/bbstreamer.h,.h,8107,226
src/bin/pg_basebackup/bbstreamer_file.c,.c,11483,409
src/bin/pg_basebackup/bbstreamer_gzip.c,.c,9978,371
src/bin/pg_basebackup/bbstreamer_inject.c,.c,7741,249
src/bin/pg_basebackup/bbstreamer_lz4.c,.c,12300,421
src/bin/pg_basebackup/bbstreamer_tar.c,.c,15661,521
src/bin/pg_basebackup/bbstreamer_zstd.c,.c,10563,365
src/bin/pg_basebackup/pg_basebackup.c,.c,79570,2764
src/bin/pg_basebackup/pg_receivewal.c,.c,25584,927
src/bin/pg_basebackup/pg_recvlogical.c,.c,26600,1038
src/bin/pg_basebackup/receivelog.c,.c,34417,1268
src/bin/pg_basebackup/receivelog.h,.h,1889,57
src/bin/pg_basebackup/streamutil.c,.c,21088,861
src/bin/pg_basebackup/streamutil.h,.h,2230,68
src/bin/pg_basebackup/walmethods.c,.c,33049,1383
src/bin/pg_basebackup/walmethods.h,.h,4145,134
src/bin/pg_checksums/pg_checksums.c,.c,17530,655
src/bin/pg_config/pg_config.c,.c,6002,189
src/bin/pg_controldata/pg_controldata.c,.c,11614,343
src/bin/pg_ctl/pg_ctl.c,.c,64600,2520
src/bin/pg_dump/common.c,.c,30470,1108
src/bin/pg_dump/compress_gzip.c,.c,10853,450
src/bin/pg_dump/compress_gzip.h,.h,790,24
src/bin/pg_dump/compress_io.c,.c,8943,301
src/bin/pg_dump/compress_io.h,.h,5934,208
src/bin/pg_dump/compress_lz4.c,.c,19743,819
src/bin/pg_dump/compress_lz4.h,.h,780,24
src/bin/pg_dump/compress_none.c,.c,4013,216
src/bin/pg_dump/compress_none.h,.h,798,24
src/bin/pg_dump/compress_zstd.c,.c,13908,577
src/bin/pg_dump/compress_zstd.h,.h,785,25
src/bin/pg_dump/dumputils.c,.c,27774,959
src/bin/pg_dump/dumputils.h,.h,2483,70
src/bin/pg_dump/parallel.c,.c,48352,1801
src/bin/pg_dump/parallel.h,.h,2369,85
src/bin/pg_dump/pg_backup.h,.h,9413,335
src/bin/pg_dump/pg_backup_archiver.c,.c,130015,4901
src/bin/pg_dump/pg_backup_archiver.h,.h,17039,455
src/bin/pg_dump/pg_backup_custom.c,.c,25383,1031
src/bin/pg_dump/pg_backup_db.c,.c,14940,569
src/bin/pg_dump/pg_backup_db.h,.h,660,26
src/bin/pg_dump/pg_backup_directory.c,.c,22850,841
src/bin/pg_dump/pg_backup_null.c,.c,5286,228
src/bin/pg_dump/pg_backup_tar.c,.c,26878,1207
src/bin/pg_dump/pg_backup_tar.h,.h,1590,37
src/bin/pg_dump/pg_backup_utils.c,.c,3094,104
src/bin/pg_dump/pg_backup_utils.h,.h,1208,41
src/bin/pg_dump/pg_dump.c,.c,573040,18705
src/bin/pg_dump/pg_dump.h,.h,24367,770
src/bin/pg_dump/pg_dump_sort.c,.c,54408,1785
src/bin/pg_dump/pg_dumpall.c,.c,58416,2035
src/bin/pg_dump/pg_restore.c,.c,16374,518
src/bin/pg_resetwal/pg_resetwal.c,.c,35663,1157
src/bin/pg_rewind/datapagemap.c,.c,2550,127
src/bin/pg_rewind/datapagemap.h,.h,825,29
src/bin/pg_rewind/file_ops.c,.c,11690,491
src/bin/pg_rewind/file_ops.h,.h,1095,29
src/bin/pg_rewind/filemap.c,.c,24038,905
src/bin/pg_rewind/filemap.h,.h,3565,116
src/bin/pg_rewind/libpq_source.c,.c,19097,675
src/bin/pg_rewind/local_source.c,.c,4799,187
src/bin/pg_rewind/parsexlog.c,.c,13527,483
src/bin/pg_rewind/pg_rewind.c,.c,34154,1194
src/bin/pg_rewind/pg_rewind.h,.h,1640,56
src/bin/pg_rewind/rewind_source.h,.h,2929,86
src/bin/pg_rewind/timeline.c,.c,3270,130
src/bin/pg_test_fsync/pg_test_fsync.c,.c,14703,648
src/bin/pg_test_timing/pg_test_timing.c,.c,4586,208
src/bin/pg_upgrade/check.c,.c,45605,1540
src/bin/pg_upgrade/controldata.c,.c,22033,733
src/bin/pg_upgrade/dump.c,.c,2180,75
src/bin/pg_upgrade/exec.c,.c,12228,459
src/bin/pg_upgrade/file.c,.c,11162,377
src/bin/pg_upgrade/function.c,.c,5174,194
src/bin/pg_upgrade/info.c,.c,19324,662
src/bin/pg_upgrade/option.c,.c,15537,507
src/bin/pg_upgrade/parallel.c,.c,8546,341
src/bin/pg_upgrade/pg_upgrade.c,.c,26670,864
src/bin/pg_upgrade/pg_upgrade.h,.h,13567,474
src/bin/pg_upgrade/relfilenumber.c,.c,7059,259
src/bin/pg_upgrade/server.c,.c,10036,379
src/bin/pg_upgrade/tablespace.c,.c,3081,111
src/bin/pg_upgrade/util.c,.c,7583,355
src/bin/pg_upgrade/version.c,.c,15087,492
src/bin/pg_verifybackup/parse_manifest.c,.c,21749,760
src/bin/pg_verifybackup/parse_manifest.h,.h,1522,46
src/bin/pg_verifybackup/pg_verifybackup.c,.c,28026,997
src/bin/pg_waldump/compat.c,.c,1808,64
src/bin/pg_waldump/pg_waldump.c,.c,34671,1319
src/bin/pg_waldump/rmgrdesc.c,.c,2527,99
src/bin/pg_waldump/rmgrdesc.h,.h,459,23
src/bin/pgbench/exprparse.y,.y,13341,531
src/bin/pgbench/exprscan.l,.l,11754,473
src/bin/pgbench/pgbench.c,.c,210640,7894
src/bin/pgbench/pgbench.h,.h,3919,167
src/bin/pgevent/exports.txt,.txt,62,3
src/bin/pgevent/pgevent.c,.c,4168,160
src/bin/pgevent/pgmsgevent.h,.h,987,46
src/bin/psql/command.c,.c,153400,5896
src/bin/psql/command.h,.h,1341,49
src/bin/psql/common.c,.c,58332,2442
src/bin/psql/common.h,.h,1263,48
src/bin/psql/copy.c,.c,17817,726
src/bin/psql/copy.h,.h,506,24
src/bin/psql/crosstabview.c,.c,17970,713
src/bin/psql/crosstabview.h,.h,952,29
src/bin/psql/describe.c,.c,205456,7108
src/bin/psql/describe.h,.h,4168,152
src/bin/psql/help.c,.c,29700,782
src/bin/psql/help.h,.h,408,21
src/bin/psql/input.c,.c,13107,551
src/bin/psql/input.h,.h,1319,51
src/bin/psql/large_obj.c,.c,5129,264
src/bin/psql/large_obj.h,.h,405,15
src/bin/psql/mainloop.c,.c,18388,662
src/bin/psql/mainloop.h,.h,339,17
src/bin/psql/prompt.c,.c,8539,384
src/bin/psql/prompt.h,.h,402,17
src/bin/psql/psqlscanslash.h,.h,1086,40
src/bin/psql/psqlscanslash.l,.l,20172,846
src/bin/psql/settings.h,.h,4481,174
src/bin/psql/startup.c,.c,30623,1268
src/bin/psql/stringutils.c,.c,7923,342
src/bin/psql/stringutils.h,.h,762,28
src/bin/psql/tab-complete.c,.c,230726,6375
src/bin/psql/tab-complete.h,.h,347,17
src/bin/psql/variables.c,.c,10352,421
src/bin/psql/variables.h,.h,3904,97
src/bin/scripts/clusterdb.c,.c,7524,286
src/bin/scripts/common.c,.c,4380,168
src/bin/scripts/common.h,.h,685,26
src/bin/scripts/createdb.c,.c,8866,318
src/bin/scripts/createuser.c,.c,12803,458
src/bin/scripts/dropdb.c,.c,5230,189
src/bin/scripts/dropuser.c,.c,4940,188
src/bin/scripts/pg_isready.c,.c,5936,242
src/bin/scripts/reindexdb.c,.c,20761,784
src/bin/scripts/vacuumdb.c,.c,35666,1221
src/common/archive.c,.c,1590,60
src/common/base64.c,.c,4862,242
src/common/checksum_helper.c,.c,6283,232
src/common/compression.c,.c,12327,476
src/common/config_info.c,.c,4788,201
src/common/controldata_utils.c,.c,6982,269
src/common/cryptohash.c,.c,5580,273
src/common/cryptohash_openssl.c,.c,7558,353
src/common/d2s.c,.c,26646,1076
src/common/d2s_full_table.h,.h,44205,358
src/common/d2s_intrinsics.h,.h,5282,202
src/common/digit_table.h,.h,1289,21
src/common/encnames.c,.c,13533,601
src/common/exec.c,.c,18452,719
src/common/f2s.c,.c,21308,803
src/common/fe_memutils.c,.c,6817,363
src/common/file_perm.c,.c,2612,91
src/common/file_utils.c,.c,14175,582
src/common/hashfn.c,.c,17846,692
src/common/hmac.c,.c,6922,330
src/common/hmac_openssl.c,.c,7084,348
src/common/ip.c,.c,6277,262
src/common/jsonapi.c,.c,31980,1209
src/common/keywords.c,.c,1077,48
src/common/kwlookup.c,.c,2362,85
src/common/link-canary.c,.c,1247,36
src/common/logging.c,.c,7132,334
src/common/md5.c,.c,10857,436
src/common/md5_common.c,.c,4153,172
src/common/md5_int.h,.h,2935,85
src/common/percentrepl.c,.c,3870,137
src/common/pg_get_line.c,.c,5702,180
src/common/pg_lzcompress.c,.c,26969,887
src/common/pg_prng.c,.c,6523,282
src/common/pgfnames.c,.c,1900,94
src/common/protocol_openssl.c,.c,2700,123
src/common/psprintf.c,.c,4180,148
src/common/relpath.c,.c,5398,210
src/common/restricted_token.c,.c,4190,174
src/common/rmtree.c,.c,2985,130
src/common/ryu_common.h,.h,3271,133
src/common/saslprep.c,.c,25329,1250
src/common/scram-common.c,.c,8028,329
src/common/sha1.c,.c,9065,369
src/common/sha1_int.h,.h,2770,81
src/common/sha2.c,.c,27564,1017
src/common/sha2_int.h,.h,3432,91
src/common/sprompt.c,.c,4920,181
src/common/string.c,.c,3707,164
src/common/stringinfo.c,.c,8574,340
src/common/unicode/norm_test.c,.c,1638,86
src/common/unicode_norm.c,.c,16348,653
src/common/username.c,.c,1783,87
src/common/wait_error.c,.c,4189,148
src/common/wchar.c,.c,51679,2308
src/fe_utils/archive.c,.c,2800,108
src/fe_utils/cancel.c,.c,5528,246
src/fe_utils/conditional.c,.c,3779,189
src/fe_utils/connect_utils.c,.c,4585,176
src/fe_utils/mbprint.c,.c,8783,405
src/fe_utils/option_utils.c,.c,1945,84
src/fe_utils/parallel_slot.c,.c,14313,564
src/fe_utils/print.c,.c,89462,3762
src/fe_utils/psqlscan.l,.l,41735,1591
src/fe_utils/query_utils.c,.c,1834,91
src/fe_utils/recovery_gen.c,.c,4141,151
src/fe_utils/simple_list.c,.c,3216,175
src/fe_utils/string_utils.c,.c,38583,1393
src/include/access/amapi.h,.h,10281,296
src/include/access/amvalidate.h,.h,1402,40
src/include/access/attmap.h,.h,1713,54
src/include/access/attnum.h,.h,1547,64
src/include/access/brin.h,.h,1373,55
src/include/access/brin_internal.h,.h,3611,115
src/include/access/brin_page.h,.h,2752,96
src/include/access/brin_pageops.h,.h,1345,38
src/include/access/brin_revmap.h,.h,1366,41
src/include/access/brin_tuple.h,.h,3982,112
src/include/access/brin_xlog.h,.h,3899,151
src/include/access/bufmask.h,.h,1009,32
src/include/access/clog.h,.h,1780,63
src/include/access/commit_ts.h,.h,2263,74
src/include/access/detoast.h,.h,2443,82
src/include/access/genam.h,.h,9630,243
src/include/access/generic_xlog.h,.h,1513,45
src/include/access/gin.h,.h,2397,91
src/include/access/gin_private.h,.h,17346,502
src/include/access/ginblock.h,.h,13706,346
src/include/access/ginxlog.h,.h,6119,216
src/include/access/gist.h,.h,9439,248
src/include/access/gist_private.h,.h,20470,571
src/include/access/gistscan.h,.h,736,24
src/include/access/gistxlog.h,.h,3621,117
src/include/access/hash.h,.h,19311,487
src/include/access/hash_xlog.h,.h,8063,270
src/include/access/heapam.h,.h,14115,341
src/include/access/heapam_xlog.h,.h,13449,420
src/include/access/heaptoast.h,.h,4899,149
src/include/access/hio.h,.h,1922,62
src/include/access/htup.h,.h,3276,89
src/include/access/htup_details.h,.h,29340,811
src/include/access/itup.h,.h,5387,170
src/include/access/multixact.h,.h,5580,165
src/include/access/nbtree.h,.h,50774,1298
src/include/access/nbtxlog.h,.h,14956,367
src/include/access/parallel.h,.h,2649,82
src/include/access/printsimple.h,.h,680,23
src/include/access/printtup.h,.h,1080,35
src/include/access/relation.h,.h,977,28
src/include/access/reloptions.h,.h,8063,247
src/include/access/relscan.h,.h,6829,191
src/include/access/rewriteheap.h,.h,1857,57
src/include/access/rmgr.h,.h,1400,62
src/include/access/rmgrdesc_utils.h,.h,2864,66
src/include/access/rmgrlist.h,.h,3448,49
src/include/access/sdir.h,.h,1898,67
src/include/access/session.h,.h,1267,44
src/include/access/skey.h,.h,6444,151
src/include/access/slru.h,.h,6087,174
src/include/access/spgist.h,.h,7847,229
src/include/access/spgist_private.h,.h,21445,549
src/include/access/spgxlog.h,.h,7644,259
src/include/access/stratnum.h,.h,3075,85
src/include/access/subtrans.h,.h,923,29
src/include/access/syncscan.h,.h,733,25
src/include/access/sysattr.h,.h,853,29
src/include/access/table.h,.h,932,28
src/include/access/tableam.h,.h,77710,2108
src/include/access/timeline.h,.h,1642,44
src/include/access/toast_compression.h,.h,2738,73
src/include/access/toast_helper.h,.h,3827,116
src/include/access/toast_internals.h,.h,2138,63
src/include/access/transam.h,.h,12618,375
src/include/access/tsmapi.h,.h,2633,82
src/include/access/tupconvert.h,.h,1769,54
src/include/access/tupdesc.h,.h,5301,154
src/include/access/tupdesc_details.h,.h,865,28
src/include/access/tupmacs.h,.h,6718,207
src/include/access/twophase.h,.h,2227,65
src/include/access/twophase_rmgr.h,.h,1324,40
src/include/access/valid.h,.h,1231,58
src/include/access/visibilitymap.h,.h,1619,42
src/include/access/visibilitymapdefs.h,.h,1162,34
src/include/access/xact.h,.h,18214,530
src/include/access/xlog.h,.h,11200,304
src/include/access/xlog_internal.h,.h,12737,404
src/include/access/xlogarchive.h,.h,1336,35
src/include/access/xlogbackup.h,.h,1306,41
src/include/access/xlogdefs.h,.h,2616,83
src/include/access/xloginsert.h,.h,2680,66
src/include/access/xlogprefetcher.h,.h,1520,55
src/include/access/xlogreader.h,.h,15495,444
src/include/access/xlogrecord.h,.h,9218,248
src/include/access/xlogrecovery.h,.h,5308,158
src/include/access/xlogstats.h,.h,985,43
src/include/access/xlogutils.h,.h,4205,118
src/include/archive/archive_module.h,.h,1833,59
src/include/archive/shell_archive.h,.h,698,24
src/include/backup/backup_manifest.h,.h,1619,54
src/include/backup/basebackup.h,.h,1050,39
src/include/backup/basebackup_sink.h,.h,9918,301
src/include/backup/basebackup_target.h,.h,2820,66
src/include/bootstrap/bootstrap.h,.h,1747,62
src/include/c.h,.h,46441,1387
src/include/catalog/binary_upgrade.h,.h,1453,38
src/include/catalog/catalog.h,.h,1419,47
src/include/catalog/catversion.h,.h,2863,62
src/include/catalog/dependency.h,.h,9821,272
src/include/catalog/genbki.h,.h,6490,143
src/include/catalog/heap.h,.h,5213,162
src/include/catalog/index.h,.h,6595,214
src/include/catalog/indexing.h,.h,1824,54
src/include/catalog/namespace.h,.h,7380,190
src/include/catalog/objectaccess.h,.h,9377,267
src/include/catalog/objectaddress.h,.h,3363,93
src/include/catalog/partition.h,.h,1196,34
src/include/catalog/pg_aggregate.h,.h,6006,180
src/include/catalog/pg_am.h,.h,1594,63
src/include/catalog/pg_amop.h,.h,3927,102
src/include/catalog/pg_amproc.h,.h,2669,73
src/include/catalog/pg_attrdef.h,.h,2245,70
src/include/catalog/pg_attribute.h,.h,7897,223
src/include/catalog/pg_auth_members.h,.h,2227,53
src/include/catalog/pg_authid.h,.h,2335,63
src/include/catalog/pg_cast.h,.h,3154,104
src/include/catalog/pg_class.h,.h,7973,230
src/include/catalog/pg_collation.h,.h,3048,100
src/include/catalog/pg_constraint.h,.h,9801,273
src/include/catalog/pg_control.h,.h,9427,258
src/include/catalog/pg_conversion.h,.h,2474,75
src/include/catalog/pg_database.h,.h,3491,124
src/include/catalog/pg_db_role_setting.h,.h,2087,61
src/include/catalog/pg_default_acl.h,.h,2431,72
src/include/catalog/pg_depend.h,.h,2807,77
src/include/catalog/pg_description.h,.h,2863,73
src/include/catalog/pg_enum.h,.h,2269,66
src/include/catalog/pg_event_trigger.h,.h,1915,57
src/include/catalog/pg_extension.h,.h,2021,59
src/include/catalog/pg_foreign_data_wrapper.h,.h,2137,58
src/include/catalog/pg_foreign_server.h,.h,1880,55
src/include/catalog/pg_foreign_table.h,.h,1593,49
src/include/catalog/pg_index.h,.h,3545,90
src/include/catalog/pg_inherits.h,.h,2295,67
src/include/catalog/pg_init_privs.h,.h,3121,83
src/include/catalog/pg_language.h,.h,2056,72
src/include/catalog/pg_largeobject.h,.h,1710,53
src/include/catalog/pg_largeobject_metadata.h,.h,1661,51
src/include/catalog/pg_namespace.h,.h,1941,64
src/include/catalog/pg_opclass.h,.h,3242,88
src/include/catalog/pg_operator.h,.h,3202,107
src/include/catalog/pg_opfamily.h,.h,1978,64
src/include/catalog/pg_parameter_acl.h,.h,1924,60
src/include/catalog/pg_partitioned_table.h,.h,2814,74
src/include/catalog/pg_policy.h,.h,1861,58
src/include/catalog/pg_proc.h,.h,6659,220
src/include/catalog/pg_publication.h,.h,4781,158
src/include/catalog/pg_publication_namespace.h,.h,1826,47
src/include/catalog/pg_publication_rel.h,.h,2043,54
src/include/catalog/pg_range.h,.h,2157,72
src/include/catalog/pg_replication_origin.h,.h,2093,62
src/include/catalog/pg_rewrite.h,.h,1807,59
src/include/catalog/pg_seclabel.h,.h,1505,45
src/include/catalog/pg_sequence.h,.h,1245,44
src/include/catalog/pg_shdepend.h,.h,2884,78
src/include/catalog/pg_shdescription.h,.h,2409,65
src/include/catalog/pg_shseclabel.h,.h,1695,46
src/include/catalog/pg_statistic.h,.h,12527,282
src/include/catalog/pg_statistic_ext.h,.h,2990,88
src/include/catalog/pg_statistic_ext_data.h,.h,2043,60
src/include/catalog/pg_subscription.h,.h,6015,170
src/include/catalog/pg_subscription_rel.h,.h,3433,95
src/include/catalog/pg_tablespace.h,.h,1800,55
src/include/catalog/pg_transform.h,.h,1542,48
src/include/catalog/pg_trigger.h,.h,6313,153
src/include/catalog/pg_ts_config.h,.h,1526,53
src/include/catalog/pg_ts_config_map.h,.h,1456,49
src/include/catalog/pg_ts_dict.h,.h,1681,59
src/include/catalog/pg_ts_parser.h,.h,1750,60
src/include/catalog/pg_ts_template.h,.h,1583,51
src/include/catalog/pg_type.h,.h,14425,404
src/include/catalog/pg_user_mapping.h,.h,1826,55
src/include/catalog/storage.h,.h,1779,50
src/include/catalog/storage_xlog.h,.h,1616,59
src/include/catalog/toasting.h,.h,943,30
src/include/commands/alter.h,.h,1148,35
src/include/commands/async.h,.h,1724,56
src/include/commands/cluster.h,.h,1729,51
src/include/commands/collationcmds.h,.h,812,25
src/include/commands/comment.h,.h,1425,45
src/include/commands/conversioncmds.h,.h,644,23
src/include/commands/copy.h,.h,3973,103
src/include/commands/copyfrom_internal.h,.h,6646,181
src/include/commands/createas.h,.h,989,34
src/include/commands/dbcommands.h,.h,1462,37
src/include/commands/dbcommands_xlog.h,.h,1697,60
src/include/commands/defrem.h,.h,6908,161
src/include/commands/discard.h,.h,475,20
src/include/commands/event_trigger.h,.h,3518,94
src/include/commands/explain.h,.h,5107,129
src/include/commands/extension.h,.h,2164,58
src/include/commands/lockcmds.h,.h,563,24
src/include/commands/matview.h,.h,954,33
src/include/commands/policy.h,.h,1055,38
src/include/commands/portalcmds.h,.h,939,34
src/include/commands/prepare.h,.h,2201,61
src/include/commands/proclang.h,.h,669,23
src/include/commands/progress.h,.h,6039,154
src/include/commands/publicationcmds.h,.h,1442,39
src/include/commands/schemacmds.h,.h,892,29
src/include/commands/seclabel.h,.h,995,34
src/include/commands/sequence.h,.h,1939,70
src/include/commands/subscriptioncmds.h,.h,1077,31
src/include/commands/tablecmds.h,.h,3596,107
src/include/commands/tablespace.h,.h,2069,69
src/include/commands/trigger.h,.h,10250,290
src/include/commands/typecmds.h,.h,2429,61
src/include/commands/user.h,.h,1596,43
src/include/commands/vacuum.h,.h,15079,386
src/include/commands/view.h,.h,673,25
src/include/common/archive.h,.h,654,21
src/include/common/base64.h,.h,515,19
src/include/common/checksum_helper.h,.h,2090,72
src/include/common/compression.h,.h,1641,53
src/include/common/config_info.h,.h,440,21
src/include/common/connect.h,.h,1068,28
src/include/common/controldata_utils.h,.h,601,19
src/include/common/cryptohash.h,.h,1216,39
src/include/common/fe_memutils.h,.h,3981,101
src/include/common/file_perm.h,.h,1716,56
src/include/common/file_utils.h,.h,1344,49
src/include/common/hashfn.h,.h,2558,104
src/include/common/hmac.h,.h,977,30
src/include/common/int.h,.h,11112,508
src/include/common/int128.h,.h,6557,276
src/include/common/ip.h,.h,935,33
src/include/common/jsonapi.h,.h,5725,177
src/include/common/keywords.h,.h,845,29
src/include/common/kwlookup.h,.h,1481,44
src/include/common/link-canary.h,.h,482,17
src/include/common/logging.h,.h,4217,156
src/include/common/md5.h,.h,1211,37
src/include/common/openssl.h,.h,1534,49
src/include/common/percentrepl.h,.h,620,18
src/include/common/pg_lzcompress.h,.h,2776,93
src/include/common/pg_prng.h,.h,2181,61
src/include/common/relpath.h,.h,2932,97
src/include/common/restricted_token.h,.h,711,24
src/include/common/saslprep.h,.h,853,30
src/include/common/scram-common.h,.h,2487,70
src/include/common/sha1.h,.h,585,21
src/include/common/sha2.h,.h,1161,32
src/include/common/shortest_dec.h,.h,2009,63
src/include/common/string.h,.h,1593,44
src/include/common/unicode_east_asian_fw_table.h,.h,2569,125
src/include/common/unicode_nonspacing_table.h,.h,6498,326
src/include/common/unicode_norm.h,.h,976,39
src/include/common/unicode_norm_hashfunc.h,.h,144326,2974
src/include/common/unicode_norm_table.h,.h,356819,9114
src/include/common/unicode_normprops_table.h,.h,288081,7926
src/include/common/username.h,.h,337,15
src/include/datatype/timestamp.h,.h,8854,243
src/include/executor/execAsync.h,.h,871,25
src/include/executor/execExpr.h,.h,24216,835
src/include/executor/execParallel.h,.h,2071,51
src/include/executor/execPartition.h,.h,5275,131
src/include/executor/execdebug.h,.h,3982,130
src/include/executor/execdesc.h,.h,2393,70
src/include/executor/executor.h,.h,26623,684
src/include/executor/functions.h,.h,2022,61
src/include/executor/hashjoin.h,.h,15681,377
src/include/executor/instrument.h,.h,4975,118
src/include/executor/nodeAgg.h,.h,11578,341
src/include/executor/nodeAppend.h,.h,1061,30
src/include/executor/nodeBitmapAnd.h,.h,742,24
src/include/executor/nodeBitmapHeapscan.h,.h,1193,32
src/include/executor/nodeBitmapIndexscan.h,.h,826,24
src/include/executor/nodeBitmapOr.h,.h,728,24
src/include/executor/nodeCtescan.h,.h,663,23
src/include/executor/nodeCustom.h,.h,1354,42
src/include/executor/nodeForeignscan.h,.h,1398,38
src/include/executor/nodeFunctionscan.h,.h,723,23
src/include/executor/nodeGather.h,.h,731,24
src/include/executor/nodeGatherMerge.h,.h,830,26
src/include/executor/nodeGroup.h,.h,668,23
src/include/executor/nodeHash.h,.h,3421,82
src/include/executor/nodeHashjoin.h,.h,1302,34
src/include/executor/nodeIncrementalSort.h,.h,1202,28
src/include/executor/nodeIndexonlyscan.h,.h,1368,36
src/include/executor/nodeIndexscan.h,.h,1933,47
src/include/executor/nodeLimit.h,.h,639,23
src/include/executor/nodeLockRows.h,.h,675,23
src/include/executor/nodeMaterial.h,.h,784,25
src/include/executor/nodeMemoize.h,.h,1103,32
src/include/executor/nodeMergeAppend.h,.h,711,23
src/include/executor/nodeMergejoin.h,.h,687,23
src/include/executor/nodeModifyTable.h,.h,1081,33
src/include/executor/nodeNamedtuplestorescan.h,.h,807,23
src/include/executor/nodeNestloop.h,.h,675,23
src/include/executor/nodeProjectSet.h,.h,699,23
src/include/executor/nodeRecursiveunion.h,.h,747,23
src/include/executor/nodeResult.h,.h,752,25
src/include/executor/nodeSamplescan.h,.h,699,23
src/include/executor/nodeSeqscan.h,.h,1062,31
src/include/executor/nodeSetOp.h,.h,639,23
src/include/executor/nodeSort.h,.h,1081,32
src/include/executor/nodeSubplan.h,.h,876,29
src/include/executor/nodeSubqueryscan.h,.h,723,23
src/include/executor/nodeTableFuncscan.h,.h,735,23
src/include/executor/nodeTidrangescan.h,.h,737,24
src/include/executor/nodeTidscan.h,.h,663,23
src/include/executor/nodeUnique.h,.h,651,23
src/include/executor/nodeValuesscan.h,.h,699,23
src/include/executor/nodeWindowAgg.h,.h,720,23
src/include/executor/nodeWorktablescan.h,.h,735,23
src/include/executor/spi.h,.h,7896,213
src/include/executor/spi_priv.h,.h,4439,105
src/include/executor/tablefunc.h,.h,2850,67
src/include/executor/tqueue.h,.h,1048,32
src/include/executor/tstoreReceiver.h,.h,857,31
src/include/executor/tuptable.h,.h,17351,494
src/include/fe_utils/archive.h,.h,632,21
src/include/fe_utils/cancel.h,.h,798,32
src/include/fe_utils/conditional.h,.h,3741,102
src/include/fe_utils/connect_utils.h,.h,1408,48
src/include/fe_utils/mbprint.h,.h,945,30
src/include/fe_utils/option_utils.h,.h,835,26
src/include/fe_utils/parallel_slot.h,.h,2126,77
src/include/fe_utils/print.h,.h,8704,236
src/include/fe_utils/psqlscan.h,.h,2829,90
src/include/fe_utils/psqlscan_int.h,.h,6701,157
src/include/fe_utils/query_utils.h,.h,776,26
src/include/fe_utils/recovery_gen.h,.h,810,28
src/include/fe_utils/simple_list.h,.h,2008,70
src/include/fe_utils/string_utils.h,.h,2765,69
src/include/fmgr.h,.h,35646,800
src/include/foreign/fdwapi.h,.h,10730,294
src/include/foreign/foreign.h,.h,2704,85
src/include/funcapi.h,.h,12780,360
src/include/getopt_long.h,.h,697,36
src/include/jit/SectionMemoryManager.h,.h,10129,226
src/include/jit/jit.h,.h,2832,105
src/include/jit/llvmjit.h,.h,5817,169
src/include/jit/llvmjit_backport.h,.h,904,25
src/include/jit/llvmjit_emit.h,.h,7618,336
src/include/lib/binaryheap.h,.h,1668,54
src/include/lib/bipartite_match.h,.h,1788,46
src/include/lib/bloomfilter.h,.h,860,27
src/include/lib/dshash.h,.h,4564,115
src/include/lib/hyperloglog.h,.h,2545,68
src/include/lib/ilist.h,.h,32051,1159
src/include/lib/integerset.h,.h,716,24
src/include/lib/knapsack.h,.h,339,16
src/include/lib/pairingheap.h,.h,3505,102
src/include/lib/qunique.h,.h,1597,67
src/include/lib/rbtree.h,.h,2762,81
src/include/lib/simplehash.h,.h,33334,1187
src/include/lib/sort_template.h,.h,13087,432
src/include/lib/stringinfo.h,.h,5803,161
src/include/libpq/auth.h,.h,1229,37
src/include/libpq/be-fsstubs.h,.h,910,32
src/include/libpq/be-gssapi-common.h,.h,890,33
src/include/libpq/crypt.h,.h,1527,47
src/include/libpq/hba.h,.h,4525,186
src/include/libpq/ifaddr.h,.h,918,30
src/include/libpq/libpq-be-fe-helpers.h,.h,9911,369
src/include/libpq/libpq-be.h,.h,11344,354
src/include/libpq/libpq-fs.h,.h,637,24
src/include/libpq/libpq.h,.h,4549,144
src/include/libpq/pqcomm.h,.h,5264,163
src/include/libpq/pqformat.h,.h,5968,210
src/include/libpq/pqmq.h,.h,748,24
src/include/libpq/pqsignal.h,.h,1544,54
src/include/libpq/sasl.h,.h,4753,136
src/include/libpq/scram.h,.h,1208,37
src/include/mb/pg_wchar.h,.h,27538,713
src/include/mb/stringinfo_mb.h,.h,667,24
src/include/miscadmin.h,.h,18659,513
src/include/nodes/bitmapset.h,.h,4389,126
src/include/nodes/execnodes.h,.h,103231,2774
src/include/nodes/extensible.h,.h,5690,164
src/include/nodes/lockoptions.h,.h,1884,61
src/include/nodes/makefuncs.h,.h,4021,121
src/include/nodes/memnodes.h,.h,4078,113
src/include/nodes/miscnodes.h,.h,2228,56
src/include/nodes/multibitmapset.h,.h,1603,39
src/include/nodes/nodeFuncs.h,.h,7648,222
src/include/nodes/nodes.h,.h,15228,446
src/include/nodes/params.h,.h,6695,170
src/include/nodes/parsenodes.h,.h,139030,4050
src/include/nodes/pathnodes.h,.h,132565,3387
src/include/nodes/pg_list.h,.h,23084,635
src/include/nodes/plannodes.h,.h,53443,1592
src/include/nodes/primnodes.h,.h,76356,2045
src/include/nodes/print.h,.h,1077,34
src/include/nodes/queryjumble.h,.h,2169,86
src/include/nodes/readfuncs.h,.h,1083,38
src/include/nodes/replnodes.h,.h,2108,111
src/include/nodes/subscripting.h,.h,8646,167
src/include/nodes/supportnodes.h,.h,16029,346
src/include/nodes/tidbitmap.h,.h,2732,75
src/include/nodes/value.h,.h,2293,90
src/include/optimizer/appendinfo.h,.h,2082,50
src/include/optimizer/clauses.h,.h,1863,58
src/include/optimizer/cost.h,.h,9774,215
src/include/optimizer/geqo.h,.h,2278,90
src/include/optimizer/geqo_copy.h,.h,970,30
src/include/optimizer/geqo_gene.h,.h,1118,45
src/include/optimizer/geqo_misc.h,.h,1132,34
src/include/optimizer/geqo_mutation.h,.h,963,30
src/include/optimizer/geqo_pool.h,.h,1321,40
src/include/optimizer/geqo_random.h,.h,1262,40
src/include/optimizer/geqo_recombination.h,.h,2681,89
src/include/optimizer/geqo_selection.h,.h,1025,33
src/include/optimizer/inherit.h,.h,858,29
src/include/optimizer/joininfo.h,.h,856,30
src/include/optimizer/optimizer.h,.h,7248,204
src/include/optimizer/orclauses.h,.h,567,21
src/include/optimizer/paramassign.h,.h,1394,34
src/include/optimizer/pathnode.h,.h,13379,343
src/include/optimizer/paths.h,.h,10411,266
src/include/optimizer/placeholder.h,.h,1204,33
src/include/optimizer/plancat.h,.h,2638,82
src/include/optimizer/planmain.h,.h,4484,119
src/include/optimizer/planner.h,.h,2058,61
src/include/optimizer/prep.h,.h,1690,58
src/include/optimizer/restrictinfo.h,.h,1938,53
src/include/optimizer/subselect.h,.h,1559,40
src/include/optimizer/tlist.h,.h,2168,56
src/include/parser/analyze.h,.h,2510,64
src/include/parser/kwlist.h,.h,30143,498
src/include/parser/parse_agg.h,.h,2067,65
src/include/parser/parse_clause.h,.h,2182,54
src/include/parser/parse_coerce.h,.h,3921,105
src/include/parser/parse_collate.h,.h,833,27
src/include/parser/parse_cte.h,.h,701,24
src/include/parser/parse_enr.h,.h,681,22
src/include/parser/parse_expr.h,.h,722,25
src/include/parser/parse_func.h,.h,2505,74
src/include/parser/parse_merge.h,.h,588,21
src/include/parser/parse_node.h,.h,16310,357
src/include/parser/parse_oper.h,.h,2416,65
src/include/parser/parse_param.h,.h,860,25
src/include/parser/parse_relation.h,.h,5396,129
src/include/parser/parse_target.h,.h,2108,58
src/include/parser/parse_type.h,.h,2220,61
src/include/parser/parse_utilcmd.h,.h,1691,44
src/include/parser/parser.h,.h,2052,68
src/include/parser/parsetree.h,.h,1473,61
src/include/parser/scanner.h,.h,5468,150
src/include/parser/scansup.h,.h,777,27
src/include/partitioning/partbounds.h,.h,6961,146
src/include/partitioning/partdefs.h,.h,680,26
src/include/partitioning/partdesc.h,.h,2672,75
src/include/partitioning/partprune.h,.h,2989,81
src/include/pch/c_pch.h,.h,15,1
src/include/pch/postgres_fe_pch.h,.h,25,1
src/include/pch/postgres_pch.h,.h,22,1
src/include/pg_config_manual.h,.h,13809,372
src/include/pg_getopt.h,.h,1719,56
src/include/pg_trace.h,.h,320,17
src/include/pgstat.h,.h,23870,778
src/include/pgtar.h,.h,1208,45
src/include/pgtime.h,.h,2846,94
src/include/port/aix.h,.h,371,14
src/include/port/atomics/arch-arm.h,.h,930,32
src/include/port/atomics/arch-hppa.h,.h,552,17
src/include/port/atomics/arch-ppc.h,.h,7101,254
src/include/port/atomics/arch-x86.h,.h,7349,252
src/include/port/atomics/fallback.h,.h,5609,170
src/include/port/atomics/generic-gcc.h,.h,8947,294
src/include/port/atomics/generic-msvc.h,.h,2704,101
src/include/port/atomics/generic-sunpro.h,.h,2599,106
src/include/port/atomics/generic.h,.h,11073,401
src/include/port/atomics.h,.h,15429,519
src/include/port/cygwin.h,.h,758,23
src/include/port/darwin.h,.h,158,8
src/include/port/freebsd.h,.h,272,8
src/include/port/linux.h,.h,1052,22
src/include/port/netbsd.h,.h,32,1
src/include/port/openbsd.h,.h,33,1
src/include/port/pg_bitutils.h,.h,7663,339
src/include/port/pg_bswap.h,.h,4268,161
src/include/port/pg_crc32c.h,.h,3277,101
src/include/port/pg_iovec.h,.h,1494,61
src/include/port/pg_lfind.h,.h,3909,180
src/include/port/pg_pthread.h,.h,1161,41
src/include/port/simd.h,.h,9507,375
src/include/port/solaris.h,.h,980,35
src/include/port/win32/arpa/inet.h,.h,66,3
src/include/port/win32/dlfcn.h,.h,37,1
src/include/port/win32/grp.h,.h,35,1
src/include/port/win32/netdb.h,.h,112,7
src/include/port/win32/netinet/in.h,.h,67,3
src/include/port/win32/netinet/tcp.h,.h,132,7
src/include/port/win32/pwd.h,.h,39,3
src/include/port/win32/sys/resource.h,.h,429,20
src/include/port/win32/sys/select.h,.h,46,3
src/include/port/win32/sys/socket.h,.h,746,34
src/include/port/win32/sys/un.h,.h,305,17
src/include/port/win32/sys/wait.h,.h,44,3
src/include/port/win32.h,.h,1687,59
src/include/port/win32_msvc/dirent.h,.h,643,34
src/include/port/win32_msvc/sys/file.h,.h,45,1
src/include/port/win32_msvc/sys/param.h,.h,46,1
src/include/port/win32_msvc/sys/time.h,.h,45,1
src/include/port/win32_msvc/unistd.h,.h,240,9
src/include/port/win32_msvc/utime.h,.h,98,3
src/include/port/win32_port.h,.h,17280,589
src/include/port/win32ntdll.h,.h,1085,34
src/include/port.h,.h,17956,555
src/include/portability/instr_time.h,.h,5233,197
src/include/portability/mem.h,.h,1261,48
src/include/postgres.h,.h,12057,579
src/include/postgres_ext.h,.h,2238,73
src/include/postgres_fe.h,.h,767,29
src/include/postmaster/autovacuum.h,.h,2610,80
src/include/postmaster/auxprocess.h,.h,627,20
src/include/postmaster/bgworker.h,.h,6135,162
src/include/postmaster/bgworker_internals.h,.h,2185,64
src/include/postmaster/bgwriter.h,.h,1373,45
src/include/postmaster/fork_process.h,.h,451,17
src/include/postmaster/interrupt.h,.h,1008,32
src/include/postmaster/pgarch.h,.h,1159,36
src/include/postmaster/postmaster.h,.h,2974,81
src/include/postmaster/startup.h,.h,1295,41
src/include/postmaster/syslogger.h,.h,3184,103
src/include/postmaster/walwriter.h,.h,641,23
src/include/regex/regcustom.h,.h,4291,99
src/include/regex/regerrs.h,.h,1277,83
src/include/regex/regex.h,.h,9555,272
src/include/regex/regexport.h,.h,2571,61
src/include/regex/regguts.h,.h,21306,563
src/include/replication/decode.h,.h,1174,34
src/include/replication/logical.h,.h,4601,154
src/include/replication/logicallauncher.h,.h,1048,34
src/include/replication/logicalproto.h,.h,10234,274
src/include/replication/logicalrelation.h,.h,1913,54
src/include/replication/logicalworker.h,.h,924,32
src/include/replication/message.h,.h,1342,41
src/include/replication/origin.h,.h,2456,73
src/include/replication/output_plugin.h,.h,8071,250
src/include/replication/pgoutput.h,.h,842,35
src/include/replication/reorderbuffer.h,.h,23614,773
src/include/replication/slot.h,.h,8471,251
src/include/replication/snapbuild.h,.h,3120,94
src/include/replication/syncrep.h,.h,3309,109
src/include/replication/walreceiver.h,.h,15454,478
src/include/replication/walsender.h,.h,1972,74
src/include/replication/walsender_private.h,.h,4318,152
src/include/replication/worker_internal.h,.h,10090,329
src/include/rewrite/prs2lock.h,.h,1056,46
src/include/rewrite/rewriteDefine.h,.h,1247,44
src/include/rewrite/rewriteHandler.h,.h,1069,35
src/include/rewrite/rewriteManip.h,.h,3483,96
src/include/rewrite/rewriteRemove.h,.h,541,21
src/include/rewrite/rewriteSearchCycle.h,.h,636,21
src/include/rewrite/rewriteSupport.h,.h,782,26
src/include/rewrite/rowsecurity.h,.h,1724,49
src/include/snowball/header.h,.h,1926,67
src/include/snowball/libstemmer/api.h,.h,796,32
src/include/snowball/libstemmer/header.h,.h,2586,61
src/include/snowball/libstemmer/stem_ISO_8859_1_basque.h,.h,307,15
src/include/snowball/libstemmer/stem_ISO_8859_1_catalan.h,.h,310,15
src/include/snowball/libstemmer/stem_ISO_8859_1_danish.h,.h,307,15
src/include/snowball/libstemmer/stem_ISO_8859_1_dutch.h,.h,304,15
src/include/snowball/libstemmer/stem_ISO_8859_1_english.h,.h,310,15
src/include/snowball/libstemmer/stem_ISO_8859_1_finnish.h,.h,310,15
src/include/snowball/libstemmer/stem_ISO_8859_1_french.h,.h,307,15
src/include/snowball/libstemmer/stem_ISO_8859_1_german.h,.h,307,15
src/include/snowball/libstemmer/stem_ISO_8859_1_indonesian.h,.h,319,15
src/include/snowball/libstemmer/stem_ISO_8859_1_irish.h,.h,304,15
src/include/snowball/libstemmer/stem_ISO_8859_1_italian.h,.h,310,15
src/include/snowball/libstemmer/stem_ISO_8859_1_norwegian.h,.h,316,15
src/include/snowball/libstemmer/stem_ISO_8859_1_porter.h,.h,307,15
src/include/snowball/libstemmer/stem_ISO_8859_1_portuguese.h,.h,319,15
src/include/snowball/libstemmer/stem_ISO_8859_1_spanish.h,.h,310,15
src/include/snowball/libstemmer/stem_ISO_8859_1_swedish.h,.h,310,15
src/include/snowball/libstemmer/stem_ISO_8859_2_hungarian.h,.h,316,15
src/include/snowball/libstemmer/stem_ISO_8859_2_romanian.h,.h,313,15
src/include/snowball/libstemmer/stem_KOI8_R_russian.h,.h,298,15
src/include/snowball/libstemmer/stem_UTF_8_arabic.h,.h,292,15
src/include/snowball/libstemmer/stem_UTF_8_armenian.h,.h,298,15
src/include/snowball/libstemmer/stem_UTF_8_basque.h,.h,292,15
src/include/snowball/libstemmer/stem_UTF_8_catalan.h,.h,295,15
src/include/snowball/libstemmer/stem_UTF_8_danish.h,.h,292,15
src/include/snowball/libstemmer/stem_UTF_8_dutch.h,.h,289,15
src/include/snowball/libstemmer/stem_UTF_8_english.h,.h,295,15
src/include/snowball/libstemmer/stem_UTF_8_finnish.h,.h,295,15
src/include/snowball/libstemmer/stem_UTF_8_french.h,.h,292,15
src/include/snowball/libstemmer/stem_UTF_8_german.h,.h,292,15
src/include/snowball/libstemmer/stem_UTF_8_greek.h,.h,289,15
src/include/snowball/libstemmer/stem_UTF_8_hindi.h,.h,289,15
src/include/snowball/libstemmer/stem_UTF_8_hungarian.h,.h,301,15
src/include/snowball/libstemmer/stem_UTF_8_indonesian.h,.h,304,15
src/include/snowball/libstemmer/stem_UTF_8_irish.h,.h,289,15
src/include/snowball/libstemmer/stem_UTF_8_italian.h,.h,295,15
src/include/snowball/libstemmer/stem_UTF_8_lithuanian.h,.h,304,15
src/include/snowball/libstemmer/stem_UTF_8_nepali.h,.h,292,15
src/include/snowball/libstemmer/stem_UTF_8_norwegian.h,.h,301,15
src/include/snowball/libstemmer/stem_UTF_8_porter.h,.h,292,15
src/include/snowball/libstemmer/stem_UTF_8_portuguese.h,.h,304,15
src/include/snowball/libstemmer/stem_UTF_8_romanian.h,.h,298,15
src/include/snowball/libstemmer/stem_UTF_8_russian.h,.h,295,15
src/include/snowball/libstemmer/stem_UTF_8_serbian.h,.h,295,15
src/include/snowball/libstemmer/stem_UTF_8_spanish.h,.h,295,15
src/include/snowball/libstemmer/stem_UTF_8_swedish.h,.h,295,15
src/include/snowball/libstemmer/stem_UTF_8_tamil.h,.h,289,15
src/include/snowball/libstemmer/stem_UTF_8_turkish.h,.h,295,15
src/include/snowball/libstemmer/stem_UTF_8_yiddish.h,.h,295,15
src/include/statistics/extended_stats_internal.h,.h,4369,130
src/include/statistics/statistics.h,.h,4801,130
src/include/storage/backendid.h,.h,1130,37
src/include/storage/barrier.h,.h,1516,46
src/include/storage/block.h,.h,2906,108
src/include/storage/buf.h,.h,1086,46
src/include/storage/buf_internals.h,.h,15007,440
src/include/storage/buffile.h,.h,2412,59
src/include/storage/bufmgr.h,.h,12909,396
src/include/storage/bufpage.h,.h,16192,510
src/include/storage/checksum.h,.h,670,24
src/include/storage/checksum_impl.h,.h,9108,215
src/include/storage/condition_variable.h,.h,2971,73
src/include/storage/copydir.h,.h,589,19
src/include/storage/dsm.h,.h,2032,61
src/include/storage/dsm_impl.h,.h,2310,79
src/include/storage/fd.h,.h,8102,213
src/include/storage/fileset.h,.h,1166,40
src/include/storage/freespace.h,.h,1419,39
src/include/storage/fsm_internals.h,.h,2325,72
src/include/storage/indexfsm.h,.h,809,26
src/include/storage/ipc.h,.h,2910,84
src/include/storage/item.h,.h,473,19
src/include/storage/itemid.h,.h,4428,184
src/include/storage/itemptr.h,.h,6495,245
src/include/storage/large_object.h,.h,3665,100
src/include/storage/latch.h,.h,7394,194
src/include/storage/lmgr.h,.h,5102,124
src/include/storage/lock.h,.h,25378,625
src/include/storage/lockdefs.h,.h,2181,61
src/include/storage/lwlock.h,.h,7898,222
src/include/storage/md.h,.h,2256,54
src/include/storage/off.h,.h,1562,57
src/include/storage/pg_sema.h,.h,2191,61
src/include/storage/pg_shmem.h,.h,2905,92
src/include/storage/pmsignal.h,.h,3435,105
src/include/storage/predicate.h,.h,3227,87
src/include/storage/predicate_internals.h,.h,17478,478
src/include/storage/proc.h,.h,18849,466
src/include/storage/procarray.h,.h,4066,99
src/include/storage/proclist.h,.h,6686,219
src/include/storage/proclist_types.h,.h,1592,51
src/include/storage/procsignal.h,.h,2466,73
src/include/storage/reinit.h,.h,753,29
src/include/storage/relfilelocator.h,.h,4059,99
src/include/storage/s_lock.h,.h,25834,867
src/include/storage/sharedfileset.h,.h,1036,37
src/include/storage/shm_mq.h,.h,2753,86
src/include/storage/shm_toc.h,.h,2255,58
src/include/storage/shmem.h,.h,2024,57
src/include/storage/sinval.h,.h,5646,153
src/include/storage/sinvaladt.h,.h,1709,46
src/include/storage/smgr.h,.h,4785,116
src/include/storage/spin.h,.h,2491,77
src/include/storage/standby.h,.h,4174,107
src/include/storage/standbydefs.h,.h,2318,74
src/include/storage/sync.h,.h,2040,66
src/include/tcop/cmdtag.h,.h,1736,63
src/include/tcop/cmdtaglist.h,.h,14664,218
src/include/tcop/deparse_utility.h,.h,2088,108
src/include/tcop/dest.h,.h,6073,147
src/include/tcop/fastpath.h,.h,514,20
src/include/tcop/pquery.h,.h,1372,51
src/include/tcop/tcopprot.h,.h,3706,100
src/include/tcop/utility.h,.h,3994,112
src/include/tsearch/dicts/regis.h,.h,959,49
src/include/tsearch/dicts/spell.h,.h,5367,241
src/include/tsearch/ts_cache.h,.h,1969,96
src/include/tsearch/ts_locale.h,.h,2424,80
src/include/tsearch/ts_public.h,.h,4811,159
src/include/tsearch/ts_type.h,.h,7206,272
src/include/tsearch/ts_utils.h,.h,8973,281
src/include/utils/acl.h,.h,10701,278
src/include/utils/aclchk_internal.h,.h,1451,45
src/include/utils/array.h,.h,18779,482
src/include/utils/arrayaccess.h,.h,3064,118
src/include/utils/ascii.h,.h,2268,84
src/include/utils/attoptcache.h,.h,739,28
src/include/utils/backend_progress.h,.h,1278,45
src/include/utils/backend_status.h,.h,10013,342
src/include/utils/builtins.h,.h,4974,137
src/include/utils/bytea.h,.h,637,28
src/include/utils/cash.h,.h,595,35
src/include/utils/catcache.h,.h,8959,238
src/include/utils/combocid.h,.h,874,28
src/include/utils/conffiles.h,.h,837,27
src/include/utils/date.h,.h,3450,118
src/include/utils/datetime.h,.h,11551,364
src/include/utils/datum.h,.h,2380,76
src/include/utils/dsa.h,.h,4975,127
src/include/utils/dynahash.h,.h,523,20
src/include/utils/elog.h,.h,20979,547
src/include/utils/evtcache.h,.h,924,37
src/include/utils/expandeddatum.h,.h,7213,170
src/include/utils/expandedrecord.h,.h,9751,241
src/include/utils/float.h,.h,8481,357
src/include/utils/fmgrtab.h,.h,1501,49
src/include/utils/formatting.h,.h,1060,33
src/include/utils/freepage.h,.h,3512,99
src/include/utils/geo_decls.h,.h,7013,285
src/include/utils/guc.h,.h,17428,443
src/include/utils/guc_hooks.h,.h,9280,166
src/include/utils/guc_tables.h,.h,10459,322
src/include/utils/help_config.h,.h,457,17
src/include/utils/hsearch.h,.h,5963,153
src/include/utils/index_selfuncs.h,.h,2492,74
src/include/utils/inet.h,.h,5059,184
src/include/utils/inval.h,.h,2156,74
src/include/utils/json.h,.h,1055,31
src/include/utils/jsonb.h,.h,16214,439
src/include/utils/jsonfuncs.h,.h,2388,66
src/include/utils/jsonpath.h,.h,6628,264
src/include/utils/logtape.h,.h,3028,77
src/include/utils/lsyscache.h,.h,9345,213
src/include/utils/memdebug.h,.h,2196,82
src/include/utils/memutils.h,.h,6677,185
src/include/utils/memutils_internal.h,.h,5399,136
src/include/utils/memutils_memorychunk.h,.h,8288,237
src/include/utils/multirangetypes.h,.h,5715,150
src/include/utils/numeric.h,.h,3163,105
src/include/utils/old_snapshot.h,.h,3023,75
src/include/utils/palloc.h,.h,7105,179
src/include/utils/partcache.h,.h,2403,103
src/include/utils/pg_crc.h,.h,3501,107
src/include/utils/pg_locale.h,.h,4467,140
src/include/utils/pg_lsn.h,.h,907,38
src/include/utils/pg_rusage.h,.h,786,32
src/include/utils/pgstat_internal.h,.h,23261,833
src/include/utils/pidfile.h,.h,2113,56
src/include/utils/plancache.h,.h,10830,236
src/include/utils/portal.h,.h,10507,252
src/include/utils/ps_status.h,.h,1151,47
src/include/utils/queryenvironment.h,.h,2810,74
src/include/utils/rangetypes.h,.h,6676,168
src/include/utils/regproc.h,.h,1537,39
src/include/utils/rel.h,.h,25285,712
src/include/utils/relcache.h,.h,5092,166
src/include/utils/relfilenumbermap.h,.h,629,21
src/include/utils/relmapper.h,.h,2276,73
src/include/utils/relptr.h,.h,2923,93
src/include/utils/reltrigger.h,.h,2258,81
src/include/utils/resowner.h,.h,2831,86
src/include/utils/resowner_private.h,.h,4645,117
src/include/utils/rls.h,.h,1784,50
src/include/utils/ruleutils.h,.h,1952,52
src/include/utils/sampling.h,.h,1987,64
src/include/utils/selfuncs.h,.h,9648,243
src/include/utils/sharedtuplestore.h,.h,1907,61
src/include/utils/snapmgr.h,.h,7005,181
src/include/utils/snapshot.h,.h,8021,219
src/include/utils/sortsupport.h,.h,13623,391
src/include/utils/spccache.h,.h,688,21
src/include/utils/syscache.h,.h,6919,234
src/include/utils/timeout.h,.h,2829,95
src/include/utils/timestamp.h,.h,4788,147
src/include/utils/tuplesort.h,.h,19263,445
src/include/utils/tuplestore.h,.h,3366,91
src/include/utils/typcache.h,.h,7622,209
src/include/utils/tzparser.h,.h,1159,39
src/include/utils/usercontext.h,.h,733,26
src/include/utils/uuid.h,.h,939,42
src/include/utils/varbit.h,.h,2950,89
src/include/utils/varlena.h,.h,1898,53
src/include/utils/wait_event.h,.h,8818,295
src/include/utils/xid8.h,.h,804,32
src/include/utils/xml.h,.h,2882,94
src/include/varatt.h,.h,14008,358
src/include/windowapi.h,.h,2403,64
src/interfaces/ecpg/compatlib/exports.txt,.txt,1222,44
src/interfaces/ecpg/compatlib/informix.c,.c,18512,1046
src/interfaces/ecpg/ecpglib/connect.c,.c,18266,771
src/interfaces/ecpg/ecpglib/data.c,.c,23967,973
src/interfaces/ecpg/ecpglib/descriptor.c,.c,23449,1009
src/interfaces/ecpg/ecpglib/ecpglib_extern.h,.h,8158,273
src/interfaces/ecpg/ecpglib/error.c,.c,11565,346
src/interfaces/ecpg/ecpglib/execute.c,.c,63183,2300
src/interfaces/ecpg/ecpglib/exports.txt,.txt,1059,31
src/interfaces/ecpg/ecpglib/memory.c,.c,2862,174
src/interfaces/ecpg/ecpglib/misc.c,.c,13860,646
src/interfaces/ecpg/ecpglib/prepare.c,.c,15350,616
src/interfaces/ecpg/ecpglib/sqlda.c,.c,18224,592
src/interfaces/ecpg/ecpglib/typename.c,.c,3030,144
src/interfaces/ecpg/include/datetime.h,.h,332,14
src/interfaces/ecpg/include/decimal.h,.h,288,13
src/interfaces/ecpg/include/ecpg-pthread-win32.h,.h,1295,52
src/interfaces/ecpg/include/ecpg_informix.h,.h,3160,90
src/interfaces/ecpg/include/ecpgerrno.h,.h,2544,79
src/interfaces/ecpg/include/ecpglib.h,.h,3345,109
src/interfaces/ecpg/include/ecpgtype.h,.h,2709,109
src/interfaces/ecpg/include/pgtypes.h,.h,222,17
src/interfaces/ecpg/include/pgtypes_date.h,.h,869,32
src/interfaces/ecpg/include/pgtypes_error.h,.h,530,18
src/interfaces/ecpg/include/pgtypes_interval.h,.h,1071,48
src/interfaces/ecpg/include/pgtypes_numeric.h,.h,2398,69
src/interfaces/ecpg/include/pgtypes_timestamp.h,.h,1006,31
src/interfaces/ecpg/include/sql3types.h,.h,838,43
src/interfaces/ecpg/include/sqlca.h,.h,1283,66
src/interfaces/ecpg/include/sqlda-compat.h,.h,1575,47
src/interfaces/ecpg/include/sqlda-native.h,.h,825,43
src/interfaces/ecpg/include/sqlda.h,.h,321,18
src/interfaces/ecpg/include/sqltypes.h,.h,1436,57
src/interfaces/ecpg/pgtypeslib/common.c,.c,3179,148
src/interfaces/ecpg/pgtypeslib/datetime.c,.c,15323,713
src/interfaces/ecpg/pgtypeslib/dt.h,.h,10350,341
src/interfaces/ecpg/pgtypeslib/dt_common.c,.c,74483,3002
src/interfaces/ecpg/pgtypeslib/exports.txt,.txt,1691,48
src/interfaces/ecpg/pgtypeslib/interval.c,.c,25913,1088
src/interfaces/ecpg/pgtypeslib/numeric.c,.c,30372,1588
src/interfaces/ecpg/pgtypeslib/pgtypeslib_extern.h,.h,1258,43
src/interfaces/ecpg/pgtypeslib/timestamp.c,.c,20670,925
src/interfaces/ecpg/preproc/c_keywords.c,.c,1549,66
src/interfaces/ecpg/preproc/c_kwlist.h,.h,1628,52
src/interfaces/ecpg/preproc/descriptor.c,.c,8578,366
src/interfaces/ecpg/preproc/ecpg.c,.c,13714,518
src/interfaces/ecpg/preproc/ecpg_keywords.c,.c,1264,54
src/interfaces/ecpg/preproc/ecpg_kwlist.h,.h,2396,67
src/interfaces/ecpg/preproc/keywords.c,.c,1220,38
src/interfaces/ecpg/preproc/output.c,.c,5398,251
src/interfaces/ecpg/preproc/parser.c,.c,6085,253
src/interfaces/ecpg/preproc/pgc.l,.l,49083,1842
src/interfaces/ecpg/preproc/preproc_extern.h,.h,4558,137
src/interfaces/ecpg/preproc/type.c,.c,21206,748
src/interfaces/ecpg/preproc/type.h,.h,5235,234
src/interfaces/ecpg/preproc/variable.c,.c,14899,628
src/interfaces/ecpg/test/expected/compat_informix-charfuncs.c,.c,988,42
src/interfaces/ecpg/test/expected/compat_informix-dec_test.c,.c,6724,301
src/interfaces/ecpg/test/expected/compat_informix-describe.c,.c,10283,467
src/interfaces/ecpg/test/expected/compat_informix-intoasc.c,.c,985,40
src/interfaces/ecpg/test/expected/compat_informix-rfmtdate.c,.c,3947,186
src/interfaces/ecpg/test/expected/compat_informix-rfmtlong.c,.c,1718,84
src/interfaces/ecpg/test/expected/compat_informix-rnull.c,.c,8285,293
src/interfaces/ecpg/test/expected/compat_informix-sqlda.c,.c,11678,530
src/interfaces/ecpg/test/expected/compat_informix-test_informix.c,.c,6833,259
src/interfaces/ecpg/test/expected/compat_informix-test_informix2.c,.c,6976,290
src/interfaces/ecpg/test/expected/compat_oracle-char_array.c,.c,8081,327
src/interfaces/ecpg/test/expected/connect-test1.c,.c,3194,124
src/interfaces/ecpg/test/expected/connect-test2.c,.c,2519,104
src/interfaces/ecpg/test/expected/connect-test3.c,.c,2180,106
src/interfaces/ecpg/test/expected/connect-test4.c,.c,674,44
src/interfaces/ecpg/test/expected/connect-test5.c,.c,3956,158
src/interfaces/ecpg/test/expected/connect-test6.c,.c,3785,146
src/interfaces/ecpg/test/expected/pgtypeslib-dt_test.c,.c,15014,499
src/interfaces/ecpg/test/expected/pgtypeslib-dt_test2.c,.c,4067,186
src/interfaces/ecpg/test/expected/pgtypeslib-nan_test.c,.c,7679,266
src/interfaces/ecpg/test/expected/pgtypeslib-num_test.c,.c,4867,202
src/interfaces/ecpg/test/expected/pgtypeslib-num_test2.c,.c,6823,290
src/interfaces/ecpg/test/expected/preproc-array_of_struct.c,.c,7614,288
src/interfaces/ecpg/test/expected/preproc-autoprep.c,.c,6167,256
src/interfaces/ecpg/test/expected/preproc-comment.c,.c,870,42
src/interfaces/ecpg/test/expected/preproc-cursor.c,.c,25252,859
src/interfaces/ecpg/test/expected/preproc-define.c,.c,3407,184
src/interfaces/ecpg/test/expected/preproc-describe.c,.c,10855,481
src/interfaces/ecpg/test/expected/preproc-init.c,.c,4735,261
src/interfaces/ecpg/test/expected/preproc-outofscope.c,.c,9872,372
src/interfaces/ecpg/test/expected/preproc-pointer_to_struct.c,.c,8085,293
src/interfaces/ecpg/test/expected/preproc-strings.c,.c,2210,82
src/interfaces/ecpg/test/expected/preproc-type.c,.c,3839,182
src/interfaces/ecpg/test/expected/preproc-variable.c,.c,7176,291
src/interfaces/ecpg/test/expected/preproc-whenever.c,.c,5819,246
src/interfaces/ecpg/test/expected/preproc-whenever_do_continue.c,.c,4387,164
src/interfaces/ecpg/test/expected/sql-array.c,.c,9196,355
src/interfaces/ecpg/test/expected/sql-binary.c,.c,5955,230
src/interfaces/ecpg/test/expected/sql-bytea.c,.c,10766,373
src/interfaces/ecpg/test/expected/sql-code100.c,.c,4213,164
src/interfaces/ecpg/test/expected/sql-copystdout.c,.c,3203,150
src/interfaces/ecpg/test/expected/sql-createtableas.c,.c,4110,164
src/interfaces/ecpg/test/expected/sql-declare.c,.c,15023,618
src/interfaces/ecpg/test/expected/sql-define.c,.c,5557,266
src/interfaces/ecpg/test/expected/sql-desc.c,.c,9295,377
src/interfaces/ecpg/test/expected/sql-describe.c,.c,10246,465
src/interfaces/ecpg/test/expected/sql-dynalloc.c,.c,7724,340
src/interfaces/ecpg/test/expected/sql-dynalloc2.c,.c,5841,256
src/interfaces/ecpg/test/expected/sql-dyntest.c,.c,11044,486
src/interfaces/ecpg/test/expected/sql-execute.c,.c,8243,331
src/interfaces/ecpg/test/expected/sql-fetch.c,.c,5816,237
src/interfaces/ecpg/test/expected/sql-func.c,.c,4147,170
src/interfaces/ecpg/test/expected/sql-indicators.c,.c,5071,189
src/interfaces/ecpg/test/expected/sql-insupd.c,.c,3726,145
src/interfaces/ecpg/test/expected/sql-oldexec.c,.c,6339,251
src/interfaces/ecpg/test/expected/sql-parser.c,.c,2979,126
src/interfaces/ecpg/test/expected/sql-prepareas.c,.c,21348,664
src/interfaces/ecpg/test/expected/sql-quote.c,.c,5500,230
src/interfaces/ecpg/test/expected/sql-show.c,.c,4268,170
src/interfaces/ecpg/test/expected/sql-sqlda.c,.c,12921,540
src/interfaces/ecpg/test/expected/sql-sqljson.c,.c,6341,232
src/interfaces/ecpg/test/expected/sql-twophase.c,.c,2286,114
src/interfaces/ecpg/test/expected/thread-alloc.c,.c,3936,218
src/interfaces/ecpg/test/expected/thread-descriptor.c,.c,3017,161
src/interfaces/ecpg/test/expected/thread-prep.c,.c,4868,259
src/interfaces/ecpg/test/expected/thread-thread.c,.c,5167,216
src/interfaces/ecpg/test/expected/thread-thread_implicit.c,.c,5378,216
src/interfaces/ecpg/test/pg_regress_ecpg.c,.c,6518,266
src/interfaces/ecpg/test/preproc/strings.h,.h,83,8
src/interfaces/ecpg/test/preproc/struct.h,.h,244,19
src/interfaces/ecpg/test/printf_hack.h,.h,617,29
src/interfaces/ecpg/test/regression.h,.h,193,5
src/interfaces/libpq/exports.txt,.txt,5614,189
src/interfaces/libpq/fe-auth-sasl.h,.h,4307,131
src/interfaces/libpq/fe-auth-scram.c,.c,23764,936
src/interfaces/libpq/fe-auth.c,.c,36615,1385
src/interfaces/libpq/fe-auth.h,.h,981,32
src/interfaces/libpq/fe-connect.c,.c,201285,7827
src/interfaces/libpq/fe-exec.c,.c,117190,4595
src/interfaces/libpq/fe-gssapi-common.c,.c,3153,128
src/interfaces/libpq/fe-gssapi-common.h,.h,719,28
src/interfaces/libpq/fe-lobj.c,.c,22202,1064
src/interfaces/libpq/fe-misc.c,.c,34262,1369
src/interfaces/libpq/fe-print.c,.c,18283,804
src/interfaces/libpq/fe-protocol3.c,.c,63092,2338
src/interfaces/libpq/fe-secure-common.c,.c,8130,307
src/interfaces/libpq/fe-secure-common.h,.h,977,30
src/interfaces/libpq/fe-secure-gssapi.c,.c,23888,777
src/interfaces/libpq/fe-secure-openssl.c,.c,56204,2087
src/interfaces/libpq/fe-secure.c,.c,14425,618
src/interfaces/libpq/fe-trace.c,.c,17586,729
src/interfaces/libpq/legacy-pqsignal.c,.c,1848,63
src/interfaces/libpq/libpq-events.c,.c,4586,211
src/interfaces/libpq/libpq-events.h,.h,2214,94
src/interfaces/libpq/libpq-fe.h,.h,24866,675
src/interfaces/libpq/libpq-int.h,.h,35081,954
src/interfaces/libpq/pqexpbuffer.c,.c,9835,412
src/interfaces/libpq/pqexpbuffer.h,.h,6785,192
src/interfaces/libpq/pthread-win32.c,.c,1238,66
src/interfaces/libpq/test/libpq_testclient.c,.c,617,37
src/interfaces/libpq/test/libpq_uri_regress.c,.c,2045,84
src/interfaces/libpq/win32.c,.c,5706,320
src/interfaces/libpq/win32.h,.h,449,23
src/pl/plperl/plperl--1.0.sql,.sql,642,20
src/pl/plperl/plperl.c,.c,113623,4247
src/pl/plperl/plperl.h,.h,4979,206
src/pl/plperl/plperl_system.h,.h,5708,216
src/pl/plperl/plperlu--1.0.sql,.sql,530,17
src/pl/plperl/ppport.h,.h,544415,17925
src/pl/plperl/sql/plperl.sql,.sql,14304,523
src/pl/plperl/sql/plperl_array.sql,.sql,6196,208
src/pl/plperl/sql/plperl_call.sql,.sql,1093,78
src/pl/plperl/sql/plperl_elog.sql,.sql,1572,78
src/pl/plperl/sql/plperl_end.sql,.sql,780,29
src/pl/plperl/sql/plperl_env.sql,.sql,1343,61
src/pl/plperl/sql/plperl_init.sql,.sql,770,41
src/pl/plperl/sql/plperl_lc.sql,.sql,231,8
src/pl/plperl/sql/plperl_plperlu.sql,.sql,1830,58
src/pl/plperl/sql/plperl_setup.sql,.sql,1829,73
src/pl/plperl/sql/plperl_shared.sql,.sql,911,41
src/pl/plperl/sql/plperl_transaction.sql,.sql,3655,195
src/pl/plperl/sql/plperl_trigger.sql,.sql,7155,259
src/pl/plperl/sql/plperl_unicode.sql,.sql,625,19
src/pl/plperl/sql/plperl_util.sql,.sql,3973,121
src/pl/plperl/sql/plperlu.sql,.sql,597,17
src/pl/plpgsql/src/pl_comp.c,.c,75940,2672
src/pl/plpgsql/src/pl_exec.c,.c,262783,8883
src/pl/plpgsql/src/pl_funcs.c,.c,36577,1693
src/pl/plpgsql/src/pl_gram.y,.y,110745,4147
src/pl/plpgsql/src/pl_handler.c,.c,15713,551
src/pl/plpgsql/src/pl_reserved_kwlist.h,.h,1592,52
src/pl/plpgsql/src/pl_scanner.c,.c,18035,637
src/pl/plpgsql/src/pl_unreserved_kwlist.h,.h,3847,112
src/pl/plpgsql/src/plpgsql--1.0.sql,.sql,658,20
src/pl/plpgsql/src/plpgsql.h,.h,37526,1339
src/pl/plpgsql/src/sql/plpgsql_array.sql,.sql,2300,79
src/pl/plpgsql/src/sql/plpgsql_cache.sql,.sql,1669,50
src/pl/plpgsql/src/sql/plpgsql_call.sql,.sql,10288,591
src/pl/plpgsql/src/sql/plpgsql_control.sql,.sql,10688,502
src/pl/plpgsql/src/sql/plpgsql_copy.sql,.sql,1384,58
src/pl/plpgsql/src/sql/plpgsql_domain.sql,.sql,7031,289
src/pl/plpgsql/src/sql/plpgsql_misc.sql,.sql,388,22
src/pl/plpgsql/src/sql/plpgsql_record.sql,.sql,15652,531
src/pl/plpgsql/src/sql/plpgsql_simple.sql,.sql,2480,116
src/pl/plpgsql/src/sql/plpgsql_transaction.sql,.sql,11395,636
src/pl/plpgsql/src/sql/plpgsql_trap.sql,.sql,4166,173
src/pl/plpgsql/src/sql/plpgsql_trigger.sql,.sql,635,24
src/pl/plpgsql/src/sql/plpgsql_varprops.sql,.sql,3899,247
src/pl/plpython/plpy_cursorobject.c,.c,11077,488
src/pl/plpython/plpy_cursorobject.h,.h,484,24
src/pl/plpython/plpy_elog.c,.c,16174,617
src/pl/plpython/plpy_elog.h,.h,1318,46
src/pl/plpython/plpy_exec.c,.c,30935,1126
src/pl/plpython/plpy_exec.h,.h,298,13
src/pl/plpython/plpy_main.c,.c,11474,419
src/pl/plpython/plpy_main.h,.h,939,31
src/pl/plpython/plpy_planobject.c,.c,2449,125
src/pl/plpython/plpy_planobject.h,.h,482,27
src/pl/plpython/plpy_plpymodule.c,.c,14047,561
src/pl/plpython/plpy_plpymodule.h,.h,358,18
src/pl/plpython/plpy_procedure.c,.c,12135,471
src/pl/plpython/plpy_procedure.h,.h,2488,72
src/pl/plpython/plpy_resultobject.c,.c,5664,250
src/pl/plpython/plpy_resultobject.h,.h,600,27
src/pl/plpython/plpy_spi.c,.c,15783,658
src/pl/plpython/plpy_spi.h,.h,986,29
src/pl/plpython/plpy_subxactobject.c,.c,4885,186
src/pl/plpython/plpy_subxactobject.h,.h,699,33
src/pl/plpython/plpy_typeio.c,.c,42191,1557
src/pl/plpython/plpy_typeio.h,.h,5693,175
src/pl/plpython/plpy_util.c,.c,2610,121
src/pl/plpython/plpy_util.h,.h,477,17
src/pl/plpython/plpython.h,.h,1053,37
src/pl/plpython/plpython3u--1.0.sql,.sql,556,17
src/pl/plpython/plpython_system.h,.h,1676,53
src/pl/plpython/sql/plpython_call.sql,.sql,1104,80
src/pl/plpython/sql/plpython_composite.sql,.sql,8817,235
src/pl/plpython/sql/plpython_do.sql,.sql,126,3
src/pl/plpython/sql/plpython_drop.sql,.sql,150,6
src/pl/plpython/sql/plpython_ereport.sql,.sql,5704,135
src/pl/plpython/sql/plpython_error.sql,.sql,7905,357
src/pl/plpython/sql/plpython_global.sql,.sql,904,38
src/pl/plpython/sql/plpython_import.sql,.sql,1468,68
src/pl/plpython/sql/plpython_newline.sql,.sql,458,20
src/pl/plpython/sql/plpython_params.sql,.sql,1114,42
src/pl/plpython/sql/plpython_populate.sql,.sql,1386,27
src/pl/plpython/sql/plpython_quote.sql,.sql,772,33
src/pl/plpython/sql/plpython_record.sql,.sql,5647,163
src/pl/plpython/sql/plpython_schema.sql,.sql,917,39
src/pl/plpython/sql/plpython_setof.sql,.sql,2517,97
src/pl/plpython/sql/plpython_spi.sql,.sql,8249,322
src/pl/plpython/sql/plpython_subtransaction.sql,.sql,7804,262
src/pl/plpython/sql/plpython_test.sql,.sql,1301,52
src/pl/plpython/sql/plpython_transaction.sql,.sql,3543,182
src/pl/plpython/sql/plpython_trigger.sql,.sql,13104,493
src/pl/plpython/sql/plpython_types.sql,.sql,18140,622
src/pl/plpython/sql/plpython_unicode.sql,.sql,1406,50
src/pl/plpython/sql/plpython_void.sql,.sql,580,22
src/pl/tcl/pltcl--1.0.sql,.sql,374,12
src/pl/tcl/pltcl.c,.c,101921,3299
src/pl/tcl/pltclu--1.0.sql,.sql,259,9
src/pl/tcl/sql/pltcl_call.sql,.sql,1227,89
src/pl/tcl/sql/pltcl_queries.sql,.sql,5053,166
src/pl/tcl/sql/pltcl_setup.sql,.sql,6882,278
src/pl/tcl/sql/pltcl_start_proc.sql,.sql,506,21
src/pl/tcl/sql/pltcl_subxact.sql,.sql,2566,95
src/pl/tcl/sql/pltcl_transaction.sql,.sql,2458,135
src/pl/tcl/sql/pltcl_trigger.sql,.sql,15570,603
src/pl/tcl/sql/pltcl_unicode.sql,.sql,1166,43
src/port/bsearch_arg.c,.c,3111,78
src/port/chklocale.c,.c,10039,433
src/port/dirent.c,.c,2904,137
src/port/dirmod.c,.c,10936,422
src/port/explicit_bzero.c,.c,1127,57
src/port/getopt.c,.c,4292,136
src/port/getopt_long.c,.c,5213,218
src/port/getpeereid.c,.c,1802,78
src/port/inet_aton.c,.c,4107,149
src/port/inet_net_ntop.c,.c,7127,296
src/port/kill.c,.c,1934,97
src/port/mkdtemp.c,.c,7737,293
src/port/noblock.c,.c,1439,66
src/port/open.c,.c,6427,232
src/port/path.c,.c,27351,1151
src/port/pg_bitutils.c,.c,8660,335
src/port/pg_crc32c_armv8.c,.c,1572,75
src/port/pg_crc32c_armv8_choose.c,.c,2487,95
src/port/pg_crc32c_sb8.c,.c,54151,1169
src/port/pg_crc32c_sse42.c,.c,1581,69
src/port/pg_crc32c_sse42_choose.c,.c,1669,64
src/port/pg_strong_random.c,.c,4024,182
src/port/pgcheckdir.c,.c,2075,92
src/port/pgmkdirp.c,.c,4181,148
src/port/pgsleep.c,.c,1721,57
src/port/pgstrcasecmp.c,.c,3597,151
src/port/pgstrsignal.c,.c,1890,64
src/port/pqsignal.c,.c,1942,66
src/port/preadv.c,.c,812,43
src/port/pthread-win32.h,.h,645,31
src/port/pthread_barrier_wait.c,.c,1752,77
src/port/pwritev.c,.c,817,43
src/port/qsort.c,.c,409,22
src/port/qsort_arg.c,.c,325,14
src/port/quotes.c,.c,1323,51
src/port/snprintf.c,.c,36290,1532
src/port/strerror.c,.c,6869,312
src/port/strlcat.c,.c,1694,60
src/port/strlcpy.c,.c,2080,71
src/port/strnlen.c,.c,816,33
src/port/strtof.c,.c,2151,89
src/port/system.c,.c,2579,117
src/port/tar.c,.c,4708,206
src/port/thread.c,.c,2495,96
src/port/timingsafe_bcmp.c,.c,1232,43
src/port/win32common.c,.c,1639,68
src/port/win32dlopen.c,.c,1647,93
src/port/win32env.c,.c,4127,170
src/port/win32error.c,.c,3047,214
src/port/win32fdatasync.c,.c,941,51
src/port/win32fseek.c,.c,1620,75
src/port/win32gai_strerror.c,.c,1171,45
src/port/win32getrusage.c,.c,1498,61
src/port/win32gettimeofday.c,.c,2382,75
src/port/win32link.c,.c,693,31
src/port/win32ntdll.c,.c,1492,71
src/port/win32pread.c,.c,910,45
src/port/win32pwrite.c,.c,865,42
src/port/win32security.c,.c,4696,190
src/port/win32setlocale.c,.c,6107,193
src/port/win32stat.c,.c,6763,306
src/test/examples/testlibpq.c,.c,3010,131
src/test/examples/testlibpq2.c,.c,3407,150
src/test/examples/testlibpq2.sql,.sql,201,6
src/test/examples/testlibpq3.c,.c,6018,231
src/test/examples/testlibpq3.sql,.sql,276,6
src/test/examples/testlibpq4.c,.c,3591,163
src/test/examples/testlo.c,.c,5546,270
src/test/examples/testlo64.c,.c,6579,301
src/test/isolation/isolation_main.c,.c,4215,152
src/test/isolation/isolationtester.c,.c,30615,1147
src/test/isolation/isolationtester.h,.h,2279,93
src/test/isolation/specparse.y,.y,5708,278
src/test/isolation/specscanner.l,.l,3513,167
src/test/locale/test-ctype.c,.c,1836,79
src/test/mb/sql/big5.sql,.sql,977,20
src/test/mb/sql/euc_cn.sql,.sql,936,19
src/test/mb/sql/euc_jp.sql,.sql,1029,19
src/test/mb/sql/euc_kr.sql,.sql,979,19
src/test/mb/sql/euc_tw.sql,.sql,977,20
src/test/mb/sql/gb18030.sql,.sql,1029,19
src/test/mb/sql/mule_internal.sql,.sql,4066,72
src/test/mb/sql/sjis.sql,.sql,1056,20
src/test/mb/sql/utf8.sql,.sql,1248,19
src/test/modules/commit_ts/sql/commit_timestamp.sql,.sql,2424,64
src/test/modules/delay_execution/delay_execution.c,.c,2736,95
src/test/modules/dummy_index_am/dummy_index_am--1.0.sql,.sql,614,19
src/test/modules/dummy_index_am/dummy_index_am.c,.c,8540,332
src/test/modules/dummy_index_am/sql/reloptions.sql,.sql,3614,83
src/test/modules/dummy_seclabel/dummy_seclabel--1.0.sql,.sql,314,8
src/test/modules/dummy_seclabel/dummy_seclabel.c,.c,1430,60
src/test/modules/dummy_seclabel/sql/dummy_seclabel.sql,.sql,4739,120
src/test/modules/ldap_password_func/ldap_password_func.c,.c,1193,65
src/test/modules/libpq_pipeline/libpq_pipeline.c,.c,52786,1816
src/test/modules/plsample/plsample--1.0.sql,.sql,469,14
src/test/modules/plsample/plsample.c,.c,10247,354
src/test/modules/plsample/sql/plsample.sql,.sql,1080,38
src/test/modules/spgist_name_ops/spgist_name_ops--1.0.sql,.sql,1900,54
src/test/modules/spgist_name_ops/spgist_name_ops.c,.c,13370,502
src/test/modules/spgist_name_ops/sql/spgist_name_ops.sql,.sql,1538,51
src/test/modules/ssl_passphrase_callback/ssl_passphrase_func.c,.c,1937,83
src/test/modules/test_bloomfilter/sql/test_bloomfilter.sql,.sql,621,19
src/test/modules/test_bloomfilter/test_bloomfilter--1.0.sql,.sql,406,11
src/test/modules/test_bloomfilter/test_bloomfilter.c,.c,3628,138
src/test/modules/test_cloexec/test_cloexec.c,.c,5973,240
src/test/modules/test_copy_callbacks/sql/test_copy_callbacks.sql,.sql,225,4
src/test/modules/test_copy_callbacks/test_copy_callbacks--1.0.sql,.sql,341,8
src/test/modules/test_copy_callbacks/test_copy_callbacks.c,.c,1253,51
src/test/modules/test_custom_rmgrs/test_custom_rmgrs--1.0.sql,.sql,537,16
src/test/modules/test_custom_rmgrs/test_custom_rmgrs.c,.c,3884,140
src/test/modules/test_custom_types/sql/test_custom_types.sql,.sql,3754,104
src/test/modules/test_custom_types/test_custom_types--1.0.sql,.sql,3697,164
src/test/modules/test_custom_types/test_custom_types.c,.c,4121,184
src/test/modules/test_ddl_deparse/sql/alter_function.sql,.sql,359,17
src/test/modules/test_ddl_deparse/sql/alter_sequence.sql,.sql,226,15
src/test/modules/test_ddl_deparse/sql/alter_table.sql,.sql,2117,77
src/test/modules/test_ddl_deparse/sql/alter_ts_config.sql,.sql,188,8
src/test/modules/test_ddl_deparse/sql/alter_type_enum.sql,.sql,130,6
src/test/modules/test_ddl_deparse/sql/comment_on.sql,.sql,583,14
src/test/modules/test_ddl_deparse/sql/create_conversion.sql,.sql,142,6
src/test/modules/test_ddl_deparse/sql/create_domain.sql,.sql,168,10
src/test/modules/test_ddl_deparse/sql/create_extension.sql,.sql,67,5
src/test/modules/test_ddl_deparse/sql/create_rule.sql,.sql,431,27
src/test/modules/test_ddl_deparse/sql/create_schema.sql,.sql,299,17
src/test/modules/test_ddl_deparse/sql/create_sequence_1.sql,.sql,137,11
src/test/modules/test_ddl_deparse/sql/create_table.sql,.sql,2987,142
src/test/modules/test_ddl_deparse/sql/create_transform.sql,.sql,644,16
src/test/modules/test_ddl_deparse/sql/create_trigger.sql,.sql,282,18
src/test/modules/test_ddl_deparse/sql/create_type.sql,.sql,436,21
src/test/modules/test_ddl_deparse/sql/create_view.sql,.sql,320,17
src/test/modules/test_ddl_deparse/sql/defprivs.sql,.sql,124,6
src/test/modules/test_ddl_deparse/sql/matviews.sql,.sql,168,8
src/test/modules/test_ddl_deparse/sql/opfamily.sql,.sql,1695,52
src/test/modules/test_ddl_deparse/sql/test_ddl_deparse.sql,.sql,1054,42
src/test/modules/test_ddl_deparse/sql/textsearch.sql,.sql,148,3
src/test/modules/test_ddl_deparse/test_ddl_deparse--1.0.sql,.sql,631,18
src/test/modules/test_ddl_deparse/test_ddl_deparse.c,.c,7909,332
src/test/modules/test_escape/test_escape.c,.c,24146,976
src/test/modules/test_extensions/sql/test_extdepend.sql,.sql,3363,90
src/test/modules/test_extensions/sql/test_extensions.sql,.sql,8253,278
src/test/modules/test_extensions/test_ext1--1.0.sql,.sql,197,3
src/test/modules/test_extensions/test_ext2--1.0.sql,.sql,197,3
src/test/modules/test_extensions/test_ext3--1.0.sql,.sql,339,9
src/test/modules/test_extensions/test_ext4--1.0.sql,.sql,197,3
src/test/modules/test_extensions/test_ext5--1.0.sql,.sql,197,3
src/test/modules/test_extensions/test_ext6--1.0.sql,.sql,45,1
src/test/modules/test_extensions/test_ext7--1.0--2.0.sql,.sql,305,8
src/test/modules/test_extensions/test_ext7--1.0.sql,.sql,518,13
src/test/modules/test_extensions/test_ext8--1.0.sql,.sql,680,21
src/test/modules/test_extensions/test_ext_cine--1.0--1.1.sql,.sql,833,26
src/test/modules/test_extensions/test_ext_cine--1.0.sql,.sql,842,25
src/test/modules/test_extensions/test_ext_cor--1.0.sql,.sql,826,20
src/test/modules/test_extensions/test_ext_cyclic1--1.0.sql,.sql,211,3
src/test/modules/test_extensions/test_ext_cyclic2--1.0.sql,.sql,211,3
src/test/modules/test_extensions/test_ext_evttrig--1.0--2.0.sql,.sql,358,7
src/test/modules/test_extensions/test_ext_evttrig--1.0.sql,.sql,557,16
src/test/modules/test_extensions/test_ext_extschema--1.0.sql,.sql,241,5
src/test/modules/test_extensions/test_ext_req_schema1--1.0.sql,.sql,297,6
src/test/modules/test_extensions/test_ext_req_schema2--1.0.sql,.sql,412,9
src/test/modules/test_extensions/test_ext_req_schema3--1.0.sql,.sql,593,12
src/test/modules/test_ginpostinglist/sql/test_ginpostinglist.sql,.sql,179,7
src/test/modules/test_ginpostinglist/test_ginpostinglist--1.0.sql,.sql,325,8
src/test/modules/test_ginpostinglist/test_ginpostinglist.c,.c,3110,96
src/test/modules/test_integerset/sql/test_integerset.sql,.sql,168,7
src/test/modules/test_integerset/test_integerset--1.0.sql,.sql,309,8
src/test/modules/test_integerset/test_integerset.c,.c,17546,623
src/test/modules/test_lfind/sql/test_lfind.sql,.sql,289,10
src/test/modules/test_lfind/test_lfind--1.0.sql,.sql,469,16
src/test/modules/test_lfind/test_lfind.c,.c,4926,148
src/test/modules/test_oat_hooks/sql/test_oat_hooks.sql,.sql,4261,110
src/test/modules/test_oat_hooks/test_oat_hooks.c,.c,14080,518
src/test/modules/test_parser/sql/test_parser.sql,.sql,564,18
src/test/modules/test_parser/test_parser--1.0.sql,.sql,823,32
src/test/modules/test_parser/test_parser.c,.c,2652,127
src/test/modules/test_pg_dump/sql/test_pg_dump.sql,.sql,4337,117
src/test/modules/test_pg_dump/test_pg_dump--1.0.sql,.sql,2361,64
src/test/modules/test_predtest/sql/test_predtest.sql,.sql,9177,442
src/test/modules/test_predtest/test_predtest--1.0.sql,.sql,491,16
src/test/modules/test_predtest/test_predtest.c,.c,6758,217
src/test/modules/test_rbtree/sql/test_rbtree.sql,.sql,248,8
src/test/modules/test_rbtree/test_rbtree--1.0.sql,.sql,308,8
src/test/modules/test_rbtree/test_rbtree.c,.c,13569,516
src/test/modules/test_regex/sql/test_regex.sql,.sql,78036,1788
src/test/modules/test_regex/sql/test_regex_utf8.sql,.sql,3361,78
src/test/modules/test_regex/test_regex--1.0.sql,.sql,323,9
src/test/modules/test_regex/test_regex.c,.c,20275,764
src/test/modules/test_rls_hooks/sql/test_rls_hooks.sql,.sql,5075,176
src/test/modules/test_rls_hooks/test_rls_hooks.c,.c,4512,165
src/test/modules/test_rls_hooks/test_rls_hooks.h,.h,738,25
src/test/modules/test_shm_mq/setup.c,.c,9293,316
src/test/modules/test_shm_mq/sql/test_shm_mq.sql,.sql,702,12
src/test/modules/test_shm_mq/test.c,.c,7771,266
src/test/modules/test_shm_mq/test_shm_mq--1.0.sql,.sql,761,19
src/test/modules/test_shm_mq/test_shm_mq.h,.h,1274,45
src/test/modules/test_shm_mq/worker.c,.c,6437,197
src/test/modules/test_slru/sql/test_slru.sql,.sql,1143,38
src/test/modules/test_slru/test_slru--1.0.sql,.sql,1302,21
src/test/modules/test_slru/test_slru.c,.c,6249,253
src/test/modules/unsafe_tests/sql/alter_system_table.sql,.sql,5195,194
src/test/modules/unsafe_tests/sql/guc_privs.sql,.sql,14637,253
src/test/modules/unsafe_tests/sql/rolenames.sql,.sql,20025,504
src/test/modules/unsafe_tests/sql/setconfig.sql,.sql,1073,24
src/test/modules/worker_spi/sql/worker_spi.sql,.sql,855,35
src/test/modules/worker_spi/worker_spi--1.0.sql,.sql,311,9
src/test/modules/worker_spi/worker_spi.c,.c,11051,392
src/test/regress/pg_regress.c,.c,66846,2605
src/test/regress/pg_regress.h,.h,1833,69
src/test/regress/pg_regress_main.c,.c,3351,126
src/test/regress/regress.c,.c,40775,1544
src/test/regress/sql/advisory_lock.sql,.sql,4522,148
src/test/regress/sql/aggregates.sql,.sql,47365,1491
src/test/regress/sql/alter_generic.sql,.sql,28361,616
src/test/regress/sql/alter_operator.sql,.sql,3397,100
src/test/regress/sql/alter_table.sql,.sql,117279,3114
src/test/regress/sql/amutils.sql,.sql,4261,99
src/test/regress/sql/arrays.sql,.sql,30232,824
src/test/regress/sql/async.sql,.sql,767,23
src/test/regress/sql/bit.sql,.sql,8437,249
src/test/regress/sql/bitmapops.sql,.sql,1365,41
src/test/regress/sql/boolean.sql,.sql,5680,267
src/test/regress/sql/box.sql,.sql,8279,289
src/test/regress/sql/brin.sql,.sql,18098,517
src/test/regress/sql/brin_bloom.sql,.sql,11310,376
src/test/regress/sql/brin_multi.sql,.sql,18773,522
src/test/regress/sql/btree_index.sql,.sql,7779,244
src/test/regress/sql/case.sql,.sql,6390,270
src/test/regress/sql/char.sql,.sql,1968,94
src/test/regress/sql/circle.sql,.sql,1364,57
src/test/regress/sql/cluster.sql,.sql,12412,319
src/test/regress/sql/collate.icu.utf8.sql,.sql,38249,967
src/test/regress/sql/collate.linux.utf8.sql,.sql,15335,464
src/test/regress/sql/collate.sql,.sql,11513,302
src/test/regress/sql/collate.windows.win1252.sql,.sql,13410,410
src/test/regress/sql/combocid.sql,.sql,2830,111
src/test/regress/sql/comments.sql,.sql,1041,42
src/test/regress/sql/compression.sql,.sql,5600,153
src/test/regress/sql/compression_pglz.sql,.sql,1952,53
src/test/regress/sql/constraints.sql,.sql,19390,640
src/test/regress/sql/conversion.sql,.sql,13480,373
src/test/regress/sql/copy.sql,.sql,9007,322
src/test/regress/sql/copy2.sql,.sql,13038,581
src/test/regress/sql/copydml.sql,.sql,4078,95
src/test/regress/sql/copyselect.sql,.sql,2211,96
src/test/regress/sql/create_aggregate.sql,.sql,8327,330
src/test/regress/sql/create_am.sql,.sql,9543,259
src/test/regress/sql/create_cast.sql,.sql,2357,75
src/test/regress/sql/create_function_c.sql,.sql,1148,35
src/test/regress/sql/create_function_sql.sql,.sql,13412,421
src/test/regress/sql/create_index.sql,.sql,47733,1267
src/test/regress/sql/create_index_spgist.sql,.sql,17028,437
src/test/regress/sql/create_misc.sql,.sql,6144,258
src/test/regress/sql/create_operator.sql,.sql,5909,225
src/test/regress/sql/create_procedure.sql,.sql,5882,289
src/test/regress/sql/create_role.sql,.sql,9417,223
src/test/regress/sql/create_schema.sql,.sql,2997,70
src/test/regress/sql/create_table.sql,.sql,30033,746
src/test/regress/sql/create_table_like.sql,.sql,10567,251
src/test/regress/sql/create_type.sql,.sql,8423,299
src/test/regress/sql/create_view.sql,.sql,26764,843
src/test/regress/sql/database.sql,.sql,924,24
src/test/regress/sql/date.sql,.sql,11846,375
src/test/regress/sql/dbsize.sql,.sql,3142,72
src/test/regress/sql/delete.sql,.sql,671,25
src/test/regress/sql/dependency.sql,.sql,3630,116
src/test/regress/sql/domain.sql,.sql,23816,811
src/test/regress/sql/drop_if_exists.sql,.sql,8931,304
src/test/regress/sql/drop_operator.sql,.sql,1367,56
src/test/regress/sql/encoding.sql,.sql,9965,247
src/test/regress/sql/enum.sql,.sql,9779,349
src/test/regress/sql/equivclass.sql,.sql,8888,271
src/test/regress/sql/errors.sql,.sql,6103,370
src/test/regress/sql/euc_kr.sql,.sql,487,12
src/test/regress/sql/event_trigger.sql,.sql,18038,526
src/test/regress/sql/explain.sql,.sql,5667,156
src/test/regress/sql/expressions.sql,.sql,9754,303
src/test/regress/sql/fast_default.sql,.sql,18149,617
src/test/regress/sql/float4.sql,.sql,11579,360
src/test/regress/sql/float8.sql,.sql,16661,514
src/test/regress/sql/foreign_data.sql,.sql,36252,880
src/test/regress/sql/foreign_key.sql,.sql,83707,2231
src/test/regress/sql/functional_deps.sql,.sql,5389,210
src/test/regress/sql/generated.sql,.sql,24499,669
src/test/regress/sql/geometry.sql,.sql,14856,531
src/test/regress/sql/gin.sql,.sql,5655,183
src/test/regress/sql/gist.sql,.sql,6528,188
src/test/regress/sql/groupingsets.sql,.sql,21315,592
src/test/regress/sql/guc.sql,.sql,10093,355
src/test/regress/sql/hash_func.sql,.sql,13559,264
src/test/regress/sql/hash_index.sql,.sql,6641,279
src/test/regress/sql/hash_part.sql,.sql,3126,90
src/test/regress/sql/horology.sql,.sql,27963,666
src/test/regress/sql/identity.sql,.sql,13943,430
src/test/regress/sql/incremental_sort.sql,.sql,12288,278
src/test/regress/sql/index_including.sql,.sql,10701,237
src/test/regress/sql/index_including_gist.sql,.sql,3872,90
src/test/regress/sql/indexing.sql,.sql,45978,932
src/test/regress/sql/indirect_toast.sql,.sql,3339,82
src/test/regress/sql/inet.sql,.sql,10734,263
src/test/regress/sql/infinite_recurse.sql,.sql,995,29
src/test/regress/sql/inherit.sql,.sql,46231,1090
src/test/regress/sql/init_privs.sql,.sql,364,10
src/test/regress/sql/insert.sql,.sql,28820,676
src/test/regress/sql/insert_conflict.sql,.sql,28650,588
src/test/regress/sql/int2.sql,.sql,3928,157
src/test/regress/sql/int4.sql,.sql,5588,212
src/test/regress/sql/int8.sql,.sql,10621,294
src/test/regress/sql/interval.sql,.sql,23287,592
src/test/regress/sql/join.sql,.sql,86731,2990
src/test/regress/sql/join_hash.sql,.sql,22915,625
src/test/regress/sql/json.sql,.sql,36231,864
src/test/regress/sql/json_encoding.sql,.sql,3627,82
src/test/regress/sql/jsonb.sql,.sql,71388,1521
src/test/regress/sql/jsonb_jsonpath.sql,.sql,37213,598
src/test/regress/sql/jsonpath.sql,.sql,8093,254
src/test/regress/sql/jsonpath_encoding.sql,.sql,2488,59
src/test/regress/sql/largeobject.sql,.sql,9585,327
src/test/regress/sql/limit.sql,.sql,6241,204
src/test/regress/sql/line.sql,.sql,1930,54
src/test/regress/sql/lock.sql,.sql,6597,200
src/test/regress/sql/lseg.sql,.sql,937,28
src/test/regress/sql/macaddr.sql,.sql,2145,49
src/test/regress/sql/macaddr8.sql,.sql,4614,95
src/test/regress/sql/maintain_every.sql,.sql,1046,26
src/test/regress/sql/matview.sql,.sql,12929,314
src/test/regress/sql/md5.sql,.sql,1557,36
src/test/regress/sql/memoize.sql,.sql,6759,204
src/test/regress/sql/merge.sql,.sql,42700,1569
src/test/regress/sql/misc.sql,.sql,6827,275
src/test/regress/sql/misc_functions.sql,.sql,8495,239
src/test/regress/sql/misc_sanity.sql,.sql,2371,74
src/test/regress/sql/money.sql,.sql,4493,148
src/test/regress/sql/multirangetypes.sql,.sql,42357,882
src/test/regress/sql/mvcc.sql,.sql,1887,44
src/test/regress/sql/name.sql,.sql,3399,87
src/test/regress/sql/namespace.sql,.sql,2132,68
src/test/regress/sql/numeric.sql,.sql,62541,1531
src/test/regress/sql/numeric_big.sql,.sql,305102,1366
src/test/regress/sql/numerology.sql,.sql,3833,194
src/test/regress/sql/object_address.sql,.sql,13685,297
src/test/regress/sql/oid.sql,.sql,1846,57
src/test/regress/sql/oidjoins.sql,.sql,1559,49
src/test/regress/sql/opr_sanity.sql,.sql,54772,1421
src/test/regress/sql/partition_aggregate.sql,.sql,17532,336
src/test/regress/sql/partition_info.sql,.sql,5619,129
src/test/regress/sql/partition_join.sql,.sql,66878,1226
src/test/regress/sql/partition_prune.sql,.sql,57990,1328
src/test/regress/sql/password.sql,.sql,5184,114
src/test/regress/sql/path.sql,.sql,1290,50
src/test/regress/sql/pg_lsn.sql,.sql,1943,60
src/test/regress/sql/plancache.sql,.sql,5878,225
src/test/regress/sql/plpgsql.sql,.sql,122476,4756
src/test/regress/sql/point.sql,.sql,3360,102
src/test/regress/sql/polygon.sql,.sql,5529,148
src/test/regress/sql/polymorphism.sql,.sql,38472,1137
src/test/regress/sql/portals.sql,.sql,14468,607
src/test/regress/sql/portals_p2.sql,.sql,1375,98
src/test/regress/sql/prepare.sql,.sql,2406,84
src/test/regress/sql/prepared_xacts.sql,.sql,4089,169
src/test/regress/sql/privileges.sql,.sql,73663,1935
src/test/regress/sql/psql.sql,.sql,41897,1853
src/test/regress/sql/psql_crosstab.sql,.sql,3686,124
src/test/regress/sql/publication.sql,.sql,51594,1181
src/test/regress/sql/random.sql,.sql,3806,115
src/test/regress/sql/rangefuncs.sql,.sql,33861,827
src/test/regress/sql/rangetypes.sql,.sql,26084,631
src/test/regress/sql/regex.sql,.sql,6035,158
src/test/regress/sql/regproc.sql,.sql,4769,147
src/test/regress/sql/reindex_catalog.sql,.sql,2575,52
src/test/regress/sql/reloptions.sql,.sql,5476,132
src/test/regress/sql/replica_identity.sql,.sql,5659,124
src/test/regress/sql/returning.sql,.sql,4790,186
src/test/regress/sql/roleattributes.sql,.sql,9159,98
src/test/regress/sql/rowsecurity.sql,.sql,79197,2322
src/test/regress/sql/rowtypes.sql,.sql,18578,564
src/test/regress/sql/rules.sql,.sql,44812,1396
src/test/regress/sql/sanity_check.sql,.sql,1986,47
src/test/regress/sql/security_label.sql,.sql,1576,45
src/test/regress/sql/select.sql,.sql,8129,264
src/test/regress/sql/select_distinct.sql,.sql,5468,210
src/test/regress/sql/select_distinct_on.sql,.sql,1384,44
src/test/regress/sql/select_having.sql,.sql,1749,50
src/test/regress/sql/select_implicit.sql,.sql,5500,156
src/test/regress/sql/select_into.sql,.sql,4880,138
src/test/regress/sql/select_parallel.sql,.sql,16573,518
src/test/regress/sql/select_views.sql,.sql,5379,155
src/test/regress/sql/sequence.sql,.sql,12228,416
src/test/regress/sql/spgist.sql,.sql,3672,91
src/test/regress/sql/sqljson.sql,.sql,14400,401
src/test/regress/sql/stats.sql,.sql,34648,851
src/test/regress/sql/stats_ext.sql,.sql,80427,1783
src/test/regress/sql/strings.sql,.sql,30937,853
src/test/regress/sql/subscription.sql,.sql,13719,343
src/test/regress/sql/subselect.sql,.sql,29398,1036
src/test/regress/sql/sysviews.sql,.sql,2983,70
src/test/regress/sql/tablesample.sql,.sql,4268,110
src/test/regress/sql/tablespace.sql,.sql,20159,439
src/test/regress/sql/temp.sql,.sql,8499,313
src/test/regress/sql/test_setup.sql,.sql,6960,301
src/test/regress/sql/text.sql,.sql,4136,114
src/test/regress/sql/tid.sql,.sql,2259,72
src/test/regress/sql/tidrangescan.sql,.sql,3247,101
src/test/regress/sql/tidscan.sql,.sql,3627,104
src/test/regress/sql/time.sql,.sql,3024,79
src/test/regress/sql/timestamp.sql,.sql,15285,407
src/test/regress/sql/timestamptz.sql,.sql,27965,633
src/test/regress/sql/timetz.sql,.sql,4388,106
src/test/regress/sql/transactions.sql,.sql,17731,635
src/test/regress/sql/triggers.sql,.sql,101966,2882
src/test/regress/sql/truncate.sql,.sql,9834,329
src/test/regress/sql/tsdicts.sql,.sql,10664,283
src/test/regress/sql/tsearch.sql,.sql,38493,903
src/test/regress/sql/tsrf.sql,.sql,7917,185
src/test/regress/sql/tstypes.sql,.sql,14500,281
src/test/regress/sql/tuplesort.sql,.sql,10455,298
src/test/regress/sql/txid.sql,.sql,3185,102
src/test/regress/sql/type_sanity.sql,.sql,20347,566
src/test/regress/sql/typed_table.sql,.sql,1758,75
src/test/regress/sql/unicode.sql,.sql,1247,34
src/test/regress/sql/union.sql,.sql,17131,542
src/test/regress/sql/updatable_views.sql,.sql,61432,1759
src/test/regress/sql/update.sql,.sql,26663,669
src/test/regress/sql/uuid.sql,.sql,3309,89
src/test/regress/sql/vacuum.sql,.sql,14870,408
src/test/regress/sql/vacuum_parallel.sql,.sql,2184,46
src/test/regress/sql/varchar.sql,.sql,1459,73
src/test/regress/sql/window.sql,.sql,65962,1787
src/test/regress/sql/with.sql,.sql,44199,1726
src/test/regress/sql/write_parallel.sql,.sql,1434,43
src/test/regress/sql/xid.sql,.sql,5404,171
src/test/regress/sql/xml.sql,.sql,31928,671
src/test/regress/sql/xmlmap.sql,.sql,2989,63
src/timezone/known_abbrevs.txt,.txt,1089,101
src/timezone/localtime.c,.c,45264,1906
src/timezone/pgtz.c,.c,13002,497
src/timezone/pgtz.h,.h,2069,81
src/timezone/private.h,.h,4125,159
src/timezone/strftime.c,.c,14805,582
src/timezone/tzfile.h,.h,3616,110
src/timezone/tznames/Africa.txt,.txt,6973,176
src/timezone/tznames/America.txt,.txt,11007,257
src/timezone/tznames/Antarctica.txt,.txt,1134,27
src/timezone/tznames/Asia.txt,.txt,8311,190
src/timezone/tznames/Atlantic.txt,.txt,3533,85
src/timezone/tznames/Australia.txt,.txt,3384,71
src/timezone/tznames/Etc.txt,.txt,1250,34
src/timezone/tznames/Europe.txt,.txt,8746,217
src/timezone/tznames/Indian.txt,.txt,1261,30
src/timezone/tznames/Pacific.txt,.txt,3768,84
src/timezone/zic.c,.c,88430,4015
src/tools/ifaddrs/test_ifaddrs.c,.c,1186,71
src/tools/pg_bsd_indent/args.c,.c,10783,350
src/tools/pg_bsd_indent/err.c,.c,2218,67
src/tools/pg_bsd_indent/err.h,.h,2006,45
src/tools/pg_bsd_indent/indent.c,.c,38484,1275
src/tools/pg_bsd_indent/indent.h,.h,2089,53
src/tools/pg_bsd_indent/indent_codes.h,.h,2503,71
src/tools/pg_bsd_indent/indent_globs.h,.h,14480,339
src/tools/pg_bsd_indent/io.c,.c,16932,605
src/tools/pg_bsd_indent/lexi.c,.c,18821,720
src/tools/pg_bsd_indent/parse.c,.c,9285,338
src/tools/pg_bsd_indent/pr_comment.c,.c,11134,354
src/tools/testint128.c,.c,3918,170
src/tutorial/complex.c,.c,5169,209
src/tutorial/funcs.c,.c,3078,126
